Time,Open,High,Low,Close,WL,macd,macd_d,rsi
2021-01-05 07:00:00,1.22697,1.2271,1.225525,1.22584,-9.218168765906263,0.00020341746110097425,6.280931905060461e-05,47.336557645836365
2021-01-05 08:00:00,1.22585,1.227875,1.2258300000000002,1.22742,12.791057665671485,0.0002685942259788021,0.00010238886714274598,57.561262348890295
2021-01-05 09:00:00,1.22743,1.2284000000000002,1.22685,1.22724,-1.5481894331989867,0.0003022387656865799,0.00010882672548041903,56.22205342163624
2021-01-05 10:00:00,1.22729,1.22843,1.22716,1.22773,3.5838498692708978,0.0003642424504641806,0.0001366643282064157,59.01734053115176
2021-01-05 11:00:00,1.22775,1.2290649999999999,1.2276950000000002,1.22832,4.6404845642844,0.00045573545192278964,0.00018252586373201978,62.1510950201766
2021-01-05 12:00:00,1.22829,1.2284950000000001,1.2265899999999998,1.22725,-8.474231004279096,0.00043686831116307445,0.00013092697837784365,54.07538200439617
2021-01-05 13:00:00,1.22724,1.227595,1.2260499999999999,1.22626,-7.991779883550006,0.00033813344804767276,2.5753692209953523e-05,47.87678790875318
2021-01-05 14:00:00,1.22627,1.22785,1.22592,1.22643,1.3045995287129146,0.0002704849547456867,-3.3515840873626066e-05,48.95875309674647
2021-01-05 15:00:00,1.22645,1.22826,1.22539,1.22756,9.042327869920365,0.000304543998971063,4.3456268140017445e-07,55.56191117873272
2021-01-05 16:00:00,1.22756,1.229685,1.227335,1.22946,15.453939127747246,0.00047932480001389166,0.0001401722909793831,63.99604472840741
2021-01-05 17:00:00,1.22948,1.23053,1.22926,1.22995,3.821293548519797,0.0006498872532523237,0.00024858779537425207,65.79886637745992
2021-01-05 18:00:00,1.22994,1.2305000000000001,1.22927,1.22934,-4.880667675337448,0.0007274517137296765,0.00026092180468128396,61.65961503410236
2021-01-05 19:00:00,1.22934,1.230405,1.228985,1.23036,8.290256510288037,0.0008612990635199491,0.0003158153235772452,65.56092038619565
2021-01-05 20:00:00,1.23035,1.230575,1.22929,1.22938,-7.8901560136014695,0.0008781732086431404,0.00026615157496034914,59.31588275470293
2021-01-05 21:00:00,1.22939,1.229965,1.2289599999999998,1.2296,1.7078724788552657,0.0008989358783704215,0.00022953139575010418,60.231699001174846
2021-01-05 22:00:00,1.22964,1.2302849999999999,1.229255,1.22971,0.5692399020908546,0.0009137335725628581,0.00019546327195403264,60.70795750052573
2021-01-05 23:00:00,1.22968,1.230165,1.22947,1.22987,1.5448787270192172,0.0009276778221716242,0.00016752601725023898,61.4314777363517
2021-01-06 00:00:00,1.22988,1.23268,1.22921,1.23091,8.367792933682109,0.0010109939399884915,0.00020067370805368497,65.83522765606946
2021-01-06 01:00:00,1.23091,1.23154,1.22811,1.22891,-16.274584794655443,0.0009052046426656357,7.59075285846633e-05,53.244619303790415
2021-01-06 02:00:00,1.22893,1.22936,1.22769,1.22789,-8.46981407129427,0.0007306380462712703,-7.892725424776174e-05,48.183552716220674
2021-01-06 03:00:00,1.22789,1.22954,1.22757,1.2286,5.778935373595869,0.0006421811625287877,-0.00013390731039219562,51.63010099200209
2021-01-06 04:00:00,1.22859,1.230655,1.22837,1.22918,4.799947932767116,0.0006118268386561265,-0.00013140930741188542,54.30402470265638
2021-01-06 05:00:00,1.22917,1.23059,1.2291699999999999,1.22967,4.066131563752429,0.0006201608944407244,-9.84602013018301e-05,56.492255715646095
2021-01-06 06:00:00,1.22968,1.2321849999999999,1.22967,1.23166,16.075865092638153,0.0007783695034524474,4.779872616791426e-05,64.02649848441294
2021-01-06 07:00:00,1.23165,1.2345450000000002,1.23125,1.23398,18.881991604403353,0.0010785230346901375,0.0002783618059244835,70.45095123317952
2021-01-06 08:00:00,1.234,1.2340550000000001,1.232215,1.23249,-12.25162070280408,0.0011825347980849443,0.00030589885545543216,62.70557452573781
2021-01-06 09:00:00,1.23248,1.2339,1.232055,1.23384,11.022498865331224,0.001358241623558465,0.0003852845447431621,66.31865243340232
2021-01-06 10:00:00,1.23382,1.23445,1.23332,1.23382,0.0,0.0014788296876924178,0.00040469808710169195,66.21630445833796
2021-01-06 11:00:00,1.23383,1.23494,1.233355,1.23374,-0.7294891954538515,0.0015500729893620502,0.00038075311101705943,65.77900840403808
2021-01-06 12:00:00,1.23374,1.23495,1.232965,1.23403,2.350023905414791,0.0016113596446374334,0.00035363181303395405,66.63909298826587
2021-01-06 13:00:00,1.23404,1.23449,1.2316699999999998,1.23197,-16.802357200256633,0.0014766826976919667,0.00017516389287078977,55.892806862401436
2021-01-06 14:00:00,1.23194,1.2320799999999998,1.2292349999999999,1.23095,-8.042568747715556,0.00127297075694921,-2.283843829757365e-05,51.467156207105674
2021-01-06 15:00:00,1.23094,1.2317900000000002,1.22753,1.22823,-22.064271349828537,0.0008818805383394857,-0.00033114292552583846,41.93213612449968
2021-01-06 16:00:00,1.22823,1.22926,1.226555,1.22898,6.102621686276656,0.0006252499620686969,-0.00047021880143730183,44.960069793748296
2021-01-06 17:00:00,1.22898,1.230435,1.2285300000000001,1.22991,7.561528892358769,0.000491248798756061,-0.00048337597179995027,48.54317732470993
2021-01-06 18:00:00,1.22989,1.23176,1.2296550000000002,1.23104,9.341694827137903,0.0004708063055762768,-0.00040305477198378757,52.58243358473393
2021-01-06 19:00:00,1.23106,1.2316250000000002,1.229765,1.2307,-2.925164540506525,0.00042230228607009757,-0.00036124703319197345,51.27813852666315
2021-01-06 20:00:00,1.23069,1.23399,1.23067,1.23239,13.794334585642813,0.0005143028145360162,-0.00021539720378084385,56.989064449752085
2021-01-06 21:00:00,1.2324,1.23315,1.232195,1.23265,2.0281507321630916,0.0006012627406613014,-0.00010274982212444693,57.80843364033561
2021-01-06 22:00:00,1.23265,1.2331500000000002,1.227555,1.23289,1.946645686152195,0.0006816870390138341,-1.786041901753147e-05,58.59258772353408
2021-01-06 23:00:00,1.23287,1.2340200000000001,1.2327299999999999,1.23384,7.8616352201268995,0.0008127124916945672,9.053202693056124e-05,61.63233952552947
2021-01-07 00:00:00,1.23386,1.234445,1.23301,1.23327,-4.784029450159887,0.0008606359946017328,0.00011076442387018143,58.841224898213426
2021-01-07 01:00:00,1.23329,1.233725,1.232835,1.23306,-1.8652782508552095,0.0008716229442344847,9.740109880234662e-05,57.80263104357569
2021-01-07 02:00:00,1.23305,1.2332450000000001,1.2318950000000002,1.23246,-4.7871736202381285,0.0008224346803369365,3.857026792383864e-05,54.825075177922066
2021-01-07 03:00:00,1.23246,1.2328649999999999,1.232365,1.23277,2.514662102418216,0.0007992537364820418,1.2311459255155157e-05,56.083803933615705
2021-01-07 04:00:00,1.23277,1.233145,1.23241,1.23247,-2.4341363278616677,0.0007480520997127371,-3.111214201131961e-05,54.501154730490136
2021-01-07 05:00:00,1.23248,1.232545,1.231095,1.23127,-9.827251537030328,0.0006036855512501216,-0.00014038295237914808,48.59404634745606
2021-01-07 06:00:00,1.23123,1.2325,1.23074,1.23205,6.655574043261579,0.0005459204713862409,-0.000158518425794423,52.21915557040688
2021-01-07 07:00:00,1.23202,1.2325650000000001,1.230795,1.23113,-7.2291309609857235,0.00042105130087866094,-0.00022671007704160246,47.926180169274545
2021-01-07 08:00:00,1.23113,1.2317049999999998,1.229285,1.22944,-13.74609578344587,0.00018360620944535277,-0.00037132413477992856,41.22205977708324
2021-01-07 09:00:00,1.22943,1.22958,1.2264,1.2269,-20.621077512429057,-0.00020713973067421065,-0.0006096560599195936,33.611900402280895
2021-01-07 10:00:00,1.22689,1.227435,1.22451,1.22497,-15.67385323722331,-0.0006648792594781128,-0.0008539164709787966,29.20062223074416
2021-01-07 11:00:00,1.22497,1.226635,1.22478,1.22568,5.7927028261879965,-0.0009592919471792527,-0.0009186633269439491,32.69985704622236
2021-01-07 12:00:00,1.22569,1.2273450000000001,1.22507,1.22674,8.559270913151893,-0.0010944666518206692,-0.0008430704252682925,37.65416809965019
2021-01-07 13:00:00,1.22675,1.22786,1.22617,1.22686,0.8965978188224777,-0.0011783275554364536,-0.0007415450631072615,38.20873561862768
2021-01-07 14:00:00,1.22687,1.228275,1.225345,1.22593,-7.667648234401156,-0.0013047903425378315,-0.0006944062801669115,35.56818161521575
2021-01-07 15:00:00,1.22587,1.226785,1.22465,1.22592,0.40785695640729797,-0.0013897991889275652,-0.0006235321012453162,35.53974038529482
2021-01-07 16:00:00,1.22593,1.227735,1.2259,1.2264,3.832354859751879,-0.0014022727957692105,-0.0005088045664695691,38.09841126586618
2021-01-07 17:00:00,1.22639,1.22713,1.2254749999999999,1.22657,1.467506950274725,-0.0013825039943400341,-0.0003912286120323141,39.02160057043442
2021-01-07 18:00:00,1.22658,1.22793,1.226305,1.22742,6.843623209658894,-0.0012834543180710867,-0.0002337431486106932,43.554470024477716
2021-01-07 19:00:00,1.22743,1.22757,1.226405,1.22678,-5.298423515219024,-0.0012422791663724286,-0.00015405439752962796,41.07843484721871
2021-01-07 20:00:00,1.22675,1.2271900000000002,1.2263099999999998,1.22657,-1.4675069502765354,-0.0012126145413506872,-9.951181800630922e-05,40.26948032688538
2021-01-07 21:00:00,1.22656,1.227715,1.22628,1.22715,4.807888196225958,-0.001129286250620254,-1.2946821820700692e-05,43.57453571216462
2021-01-07 22:00:00,1.22722,1.2281499999999999,1.2263,1.22653,-5.625626768200366,-0.0011005898832319172,1.259963645410889e-05,40.96510991142832
2021-01-07 23:00:00,1.22655,1.22721,1.22655,1.22691,2.9342005526070856,-0.0010352512491444976,6.23506164332229e-05,43.20982875601352
2021-01-08 00:00:00,1.22691,1.22724,1.2256749999999998,1.22579,-9.136964732947813,-0.0010616070059232818,2.8795887723550998e-05,38.556441008298926
2021-01-08 01:00:00,1.22579,1.22603,1.2235,1.22481,-8.001241008809373,-0.0011483346557534801,-4.634540968531794e-05,35.00422104314224
2021-01-08 02:00:00,1.22482,1.22606,1.2245599999999999,1.226,9.624796084828375,-0.0011082684594012626,-5.023370666480198e-06,41.99282164750449
2021-01-08 03:00:00,1.22601,1.22649,1.2259,1.22621,1.631041991175883,-0.001047495588077929,4.459960052548284e-05,43.15442733840152
2021-01-08 04:00:00,1.2262,1.22635,1.22564,1.22633,1.0600735527954424,-0.0009783715938720405,9.097887578509724e-05,43.84641934779781
2021-01-08 05:00:00,1.22634,1.226815,1.2257,1.2258,-4.405286343612212,-0.0009553442868006634,9.120494628517945e-05,41.44663081776616
2021-01-08 06:00:00,1.22581,1.22683,1.225765,1.22635,4.403310637256777,-0.0008825411910973191,0.0001312064335908191,44.821670560100706
2021-01-08 07:00:00,1.22633,1.22691,1.2232349999999999,1.22391,-19.772695704748443,-0.0010100881538244177,2.9275766909764474e-06,35.14366491311911
2021-01-08 08:00:00,1.22389,1.22389,1.22133,1.22237,-12.434860148727193,-0.0012213561371141601,-0.0001666723252790128,30.64599899964037
2021-01-08 09:00:00,1.22239,1.224085,1.221755,1.22399,13.07200222223894,-0.001243730128157372,-0.00015123705305777977,39.42795676744118
2021-01-08 10:00:00,1.22402,1.22447,1.223605,1.22393,-0.7353361711874496,-0.0012518723703915935,-0.00012750343623360084,39.229823638138754
2021-01-08 11:00:00,1.22393,1.22539,1.22324,1.22506,9.224038006302347,-0.0011538428180637439,-2.357910712460099e-05,44.85070793333749
2021-01-08 12:00:00,1.22506,1.2252800000000001,1.224545,1.22485,-1.714495652529236,-0.0010806419685980284,3.9697393872891546e-05,44.03554751425087
2021-01-08 13:00:00,1.22486,1.228485,1.223445,1.22714,18.57978714734943,-0.0008282978048446132,0.00023363324610104538,53.87948413283607
2021-01-08 14:00:00,1.22712,1.228385,1.22432,1.22501,-17.224349188986672,-0.0007910675021338687,0.000216690839049432,45.80842208112261
2021-01-08 15:00:00,1.22499,1.2258300000000002,1.22222,1.22551,4.243131430996694,-0.0007129974073931677,0.00023580874703210632,47.78571792100566
2021-01-08 16:00:00,1.22553,1.2263549999999999,1.223655,1.22518,-2.8567230937500816,-0.0006700308384948173,0.00022302025274436546,46.5777728299929
2021-01-08 17:00:00,1.22525,1.22532,1.222405,1.22287,-19.46241219426471,-0.0008130053974662044,6.403655501838277e-05,39.12257412124469
2021-01-08 18:00:00,1.22288,1.22288,1.2193,1.21951,-27.634049741288493,-0.0011837916713330898,-0.0002453997750788021,31.279991360265555
2021-01-08 19:00:00,1.21952,1.221765,1.219525,1.22148,16.046108000130676,-0.0013036522372249504,-0.00029220827277653006,39.000873714344266
2021-01-08 20:00:00,1.22149,1.22268,1.22118,1.22263,9.324161847821015,-0.0012909657605051361,-0.00022361743684537255,43.02511043128096
2021-01-10 22:00:00,1.22159,1.222985,1.22126,1.22182,1.8824376749435472,-0.0006658318413426123,0.0005001039437553113,43.025110431280964
2021-01-10 23:00:00,1.22184,1.222005,1.21823,1.21871,-25.68289420781053,-0.0008648095978858183,0.0002409009497696844,4.881771041335156
2021-01-11 00:00:00,1.2187,1.219605,1.21814,1.21889,1.5587952973618169,-0.0009964894971958849,8.737684036769439e-05,9.862566486269884
2021-01-11 01:00:00,1.2189,1.2190850000000002,1.21714,1.21778,-9.197063509008276,-0.0011768485123568873,-7.43857398346464e-05,7.317788231007981
2021-01-11 02:00:00,1.21776,1.218,1.216685,1.218,1.9704433497538423,-0.0012871941964589517,-0.00014778513914936856,12.155700310150436
2021-01-11 03:00:00,1.21801,1.218045,1.2170999999999998,1.21734,-5.503803374570361,-0.0014116280606819576,-0.0002177752026978996,10.401554227454156
2021-01-11 04:00:00,1.21734,1.2176749999999998,1.216675,1.21739,0.41071472576482043,-0.0014890434464898128,-0.00023615247080460396,11.444144832446128
2021-01-11 05:00:00,1.21742,1.218225,1.217015,1.21816,6.074735666907163,-0.0014713028690289676,-0.0001747295146750068,25.769381737241687
2021-01-11 06:00:00,1.21816,1.219055,1.21773,1.21898,6.7269356347113405,-0.0013752234665278529,-6.292008973911366e-05,37.385640653415564
2021-01-11 07:00:00,1.21896,1.2193649999999998,1.21767,1.21785,-9.114422958491968,-0.0013744179692229963,-4.969167394740562e-05,30.339637045978563
2021-01-11 08:00:00,1.21785,1.2199900000000001,1.21784,1.21902,9.597873701825183,-0.0012647906654177365,4.7948503886283524e-05,42.4366051251085
2021-01-11 09:00:00,1.21902,1.219385,1.216005,1.21607,-24.258471962962727,-0.001399814394169585,-6.966017989245188e-05,28.838374198815615
2021-01-11 10:00:00,1.21608,1.216745,1.215435,1.21671,5.177897773503205,-0.0014385957839988528,-8.675325577737559e-05,33.79488401518529
2021-01-11 11:00:00,1.21671,1.2168999999999999,1.215845,1.21664,-0.5753550762757635,-0.0014581698554152478,-8.50618617550163e-05,33.51988233716321
2021-01-11 12:00:00,1.21665,1.21721,1.21554,1.21658,-0.5753834519720404,-0.0014616746708504547,-7.085334175217848e-05,33.26997743029216
2021-01-11 13:00:00,1.21659,1.216825,1.21393,1.21447,-17.456174298254563,-0.0016160824359823245,-0.00018020888550723856,25.944532132096626
2021-01-11 14:00:00,1.21447,1.2158,1.21338,1.21375,-5.932028836249902,-0.001776076184321962,-0.0002721621070775008,24.002432504264306
2021-01-11 15:00:00,1.21373,1.215585,1.21322,1.21505,10.863750462943813,-0.001777483523513368,-0.00021885555701512522,33.658620238621324
2021-01-11 16:00:00,1.21504,1.2171850000000002,1.214705,1.21688,15.120636381566497,-0.001612347011215931,-4.297523577415064e-05,44.373352355714275
2021-01-11 17:00:00,1.21686,1.21743,1.216575,1.2167,-1.3150324648652916,-0.0014789512023081208,7.233645850692762e-05,43.62697573891131
2021-01-11 18:00:00,1.2167,1.2171599999999998,1.2163300000000001,1.21657,-1.068578051406524,-0.0013679550420264697,0.0001466660950308631,43.0635955090133
2021-01-11 19:00:00,1.21657,1.21693,1.2161300000000002,1.21624,-2.713280273629723,-0.0012917277934634264,0.00017831467487512535,41.595193682140476
2021-01-11 20:00:00,1.21625,1.2165300000000001,1.2153,1.21536,-7.322933122696628,-0.001287484475718026,0.00014604639409642058,37.885320921227226
2021-01-11 21:00:00,1.21537,1.215785,1.21488,1.21511,-2.1397239756083732,-0.0012894307712085773,0.00011528007888469537,36.87899883077577
2021-01-11 22:00:00,1.21505,1.21577,1.214825,1.21531,2.1393718475115566,-0.001260306862875371,0.00011552318977432145,38.29117215445596
2021-01-11 23:00:00,1.21528,1.216145,1.215165,1.21607,6.496336559573614,-0.001162499733977418,0.0001706642549378196,43.46705038115459
2021-01-12 00:00:00,1.21606,1.216195,1.21513,1.21594,-0.9868908005320819,-0.001082992727188703,0.00020013700938122775,42.80566821925786
2021-01-12 01:00:00,1.21594,1.216215,1.214055,1.21493,-8.313236153522881,-0.0010889289158622084,0.00015536065656617795,37.971588802481534
2021-01-12 02:00:00,1.21494,1.2149450000000002,1.21415,1.21442,-4.281879415686944,-0.001121854090283092,9.794838571623547e-05,35.77463370174149
2021-01-12 03:00:00,1.21442,1.215015,1.214265,1.21486,3.6218165056055507,-0.0010997657900113644,9.602934879037036e-05,39.051026706593355
2021-01-12 04:00:00,1.21486,1.214855,1.2138849999999999,1.21429,-4.6941010796429135,-0.0011153972836444037,6.431828412586482e-05,36.45642699770163
2021-01-12 05:00:00,1.21427,1.215525,1.21402,1.21532,8.639699832142936,-0.0010327678580446253,0.00011755816778051455,43.73169199562537
2021-01-12 06:00:00,1.21531,1.216155,1.214885,1.2161,6.496176301291575,-0.0008940380475828125,0.0002050303825938619,48.53693034484572
2021-01-12 07:00:00,1.21609,1.217525,1.215565,1.21634,2.0553463669704484,-0.0007560128337158467,0.0002744444771686622,49.95314534138626
2021-01-12 08:00:00,1.21635,1.21671,1.21505,1.2152,-9.4634628044765,-0.0007301980612135495,0.00024020739973676765,43.78895083155911
2021-01-12 09:00:00,1.21518,1.217915,1.2150400000000001,1.21618,8.222467069020308,-0.0006234748284985603,0.0002775445059614056,49.552131379646205
2021-01-12 10:00:00,1.21616,1.216685,1.21442,1.21455,-13.25593841340323,-0.0006627831239098825,0.00019058896844006675,41.86390022050905
2021-01-12 11:00:00,1.21455,1.215835,1.214085,1.21515,4.93766201703439,-0.0006381638895580632,0.00017216656223350885,45.232397144022634
2021-01-12 12:00:00,1.21515,1.2159849999999999,1.2149450000000002,1.21552,3.0439647229167885,-0.0005820871231621005,0.0001825946629035773,47.26172105466661
2021-01-12 13:00:00,1.21551,1.216475,1.2140400000000002,1.21463,-7.245004651622238,-0.0006025160141833741,0.00012973261750584314,43.122622472838174
2021-01-12 14:00:00,1.21466,1.21589,1.21372,1.21511,3.7033684193187404,-0.000573364677927124,0.00012710716300967466,45.875736212011645
2021-01-12 15:00:00,1.21511,1.216655,1.2149,1.21558,3.866467036313467,-0.0005064983640177267,0.00015517878153525747,48.504175267702976
2021-01-12 16:00:00,1.21557,1.216845,1.21549,1.21683,10.354774290575008,-0.0003486230654961009,0.00025044326404550675,54.792223894698864
2021-01-12 17:00:00,1.21682,1.2177850000000001,1.216245,1.21746,5.256846220820182,-0.0001707022696117999,0.00034269124794384623,57.60219871570044
2021-01-12 18:00:00,1.21745,1.2193100000000001,1.217225,1.2187,10.256831049478736,6.955706926747851e-05,0.0004663604694584997,62.537883482921686
2021-01-12 19:00:00,1.21872,1.22071,1.218675,1.21998,10.328038164560393,0.00035911003198751956,0.0006047307457428327,66.83044643962054
2021-01-12 20:00:00,1.21998,1.22082,1.2198,1.22057,4.833807155672091,0.0006289408713611166,0.0006996492680931437,68.61555853488515
2021-01-12 21:00:00,1.22058,1.2209699999999999,1.22025,1.22077,1.5563947344701499,0.000849133798262125,0.0007358737559953216,69.22027701482425
2021-01-12 22:00:00,1.22063,1.220885,1.2201499999999998,1.22056,-0.5735072425772964,0.0009952207489880571,0.000705568565377003,67.74428009571758
2021-01-12 23:00:00,1.22052,1.2209400000000001,1.22018,1.22088,2.9486927462151558,0.0011238618556934643,0.0006673677376659282,68.83480923497183
2021-01-13 00:00:00,1.22088,1.2216049999999998,1.220755,1.2208,-0.6553079947563725,0.0012054597386599308,0.0005991724965059157,68.21390001658497
2021-01-13 01:00:00,1.2208,1.221845,1.2205,1.22175,7.775731532635845,0.0013314357468114935,0.0005801188037259826,71.50137327757231
2021-01-13 02:00:00,1.22176,1.221945,1.2212100000000001,1.22127,-4.012216790716872,0.0013766712432627948,0.0005002834401418271,67.69190770478107
2021-01-13 03:00:00,1.22127,1.22207,1.22127,1.22159,2.6195368331426745,0.0014219506636359291,0.0004364502884119691,68.8821956631058
2021-01-13 04:00:00,1.22159,1.221595,1.220885,1.22088,-5.815477360592265,0.0013845832503827094,0.00031926630012699933,63.30905965484818
2021-01-13 05:00:00,1.22087,1.221415,1.220735,1.2209,0.24572037022030088,0.0013411235021030254,0.00022064524147785225,63.398894163562474
2021-01-13 06:00:00,1.22089,1.221745,1.22081,1.22141,4.257374673533669,0.0013324741437401588,0.00016959670649198855,65.70480492466194
2021-01-13 07:00:00,1.22143,1.2222849999999998,1.22028,1.22032,-9.095974826274619,0.0012235611234416854,4.854694895481209e-05,57.38375282186769
2021-01-13 08:00:00,1.22032,1.22078,1.21857,1.21911,-9.925273355153804,0.0010277624765018256,-0.00011780135838803827,49.838261086030016
2021-01-13 09:00:00,1.21911,1.219295,1.21822,1.21894,-1.3946543718312918,0.0008490853317315583,-0.0002371828025266446,48.86606426445518
2021-01-13 10:00:00,1.21894,1.21919,1.2172649999999998,1.21776,-9.689922480619817,0.0006052888754957131,-0.000384783407009992,42.647343336314094
2021-01-13 11:00:00,1.21777,1.21788,1.216075,1.2163,-12.085834086985797,0.00029091514054746526,-0.0005593257135665919,36.464119494269184
2021-01-13 12:00:00,1.2163,1.217595,1.21627,1.21728,8.050736067297425,0.00011947229817432792,-0.0005846148447517834,42.49130303804971
2021-01-13 13:00:00,1.2173,1.217855,1.21544,1.21612,-9.702989836528952,-0.00010874613728217852,-0.0006502666241666319,37.907394948282736
2021-01-13 14:00:00,1.21613,1.2175,1.2153800000000001,1.21639,2.137472356728919,-0.0002647720210471327,-0.000645034006345269,39.542246469977634
2021-01-13 15:00:00,1.2164,1.21808,1.21573,1.21595,-3.700810066202059,-0.0004190968927029193,-0.0006394871024008444,37.795798868626285
2021-01-13 16:00:00,1.21596,1.216565,1.21516,1.21579,-1.398267792957694,-0.0005479941922315046,-0.0006147075215435437,37.15319639338316
2021-01-13 17:00:00,1.2158,1.2169599999999998,1.21397,1.21653,6.000674048316913,-0.0005837058178763677,-0.0005203353177507255,42.05974064644152
2021-01-13 18:00:00,1.21655,1.2174749999999999,1.21604,1.21614,-3.3713223806471415,-0.0006361442047164712,-0.0004582189636726632,40.27511596075017
2021-01-13 19:00:00,1.21615,1.2162950000000001,1.21528,1.21538,-6.335467096711806,-0.000730605684950536,-0.00044214435512538244,36.98201848769609
2021-01-13 20:00:00,1.2154,1.215805,1.2148349999999999,1.21545,0.4113702743830143,-0.0007907039308896469,-0.00040179408085159465,37.48900143723239
2021-01-13 21:00:00,1.21546,1.215875,1.215325,1.21575,2.3853588319977255,-0.000804846956273364,-0.0003327496849882494,39.726998849359525
2021-01-13 22:00:00,1.21554,1.21855,1.215405,1.21571,1.3983598062038107,-0.0008099465122717309,-0.00027027939278929296,39.523816751280876
2021-01-13 23:00:00,1.21571,1.21639,1.2154099999999999,1.21619,3.9467517410933812,-0.0007664211329283521,-0.00018140321075673141,43.27315192107048
2021-01-14 00:00:00,1.21619,1.217085,1.2160099999999998,1.21645,2.137366928356504,-0.000702845167540378,-9.426179629500584e-05,45.25306663266863
2021-01-14 01:00:00,1.21644,1.2172049999999999,1.216385,1.21662,1.4795088030779453,-0.0006314640531477345,-1.8304545521889834e-05,46.5662746922009
2021-01-14 02:00:00,1.21663,1.216915,1.2135,1.21522,-11.60283734632522,-0.0006800234187585019,-5.34911289061257e-05,38.397754803343524
2021-01-14 03:00:00,1.21524,1.215415,1.2138900000000001,1.21454,-5.763498937870676,-0.0007645639653910408,-0.00011042534043093153,35.17061759929638
2021-01-14 04:00:00,1.21452,1.21504,1.214325,1.21498,3.7860705526009064,-0.0007869867416372411,-0.0001062784933417055,38.757311340971405
2021-01-14 05:00:00,1.21497,1.21554,1.2145299999999999,1.21552,4.5248124259562035,-0.0007525090108708721,-5.7440610060269085e-05,42.93035876119236
2021-01-14 06:00:00,1.21553,1.21553,1.2149649999999999,1.215,-4.36213991769481,-0.0007584024239646325,-5.0667218523223504e-05,40.096977757135164
2021-01-14 07:00:00,1.21501,1.2150599999999998,1.21362,1.21432,-5.682192502798746,-0.0008086220219840623,-8.070945323412253e-05,36.68706202553544
2021-01-14 08:00:00,1.21431,1.216285,1.214115,1.21585,12.666036106428397,-0.000716701513059359,8.96884455246457e-06,47.504435383760566
2021-01-14 09:00:00,1.21588,1.216745,1.21494,1.21665,6.328853819914826,-0.0005726988178840209,0.00012237723178224217,52.11168892642366
2021-01-14 10:00:00,1.21664,1.21671,1.2156950000000002,1.21657,-0.5753881815268707,-0.00045973147758560096,0.00018827565766452972,51.62376305810195
2021-01-14 11:00:00,1.21658,1.2166350000000001,1.21484,1.21516,-11.685703940221673,-0.0004784638294592636,0.00013563464463269372,43.83370515172525
2021-01-14 12:00:00,1.21517,1.21558,1.2125,1.21296,-18.219891834850657,-0.0006631861697650177,-3.9270156538448214e-05,34.96740088065246
2021-01-14 13:00:00,1.21298,1.21321,1.2111,1.21199,-8.16838422759302,-0.0008777328902920267,-0.00020305350165236583,31.903295274512587
2021-01-14 14:00:00,1.21199,1.2128700000000001,1.2114,1.21169,-2.475880794592404,-0.0010597540201606748,-0.0003080597052168111,30.99857097653131
2021-01-14 15:00:00,1.21171,1.213925,1.211195,1.21357,15.326680784791753,-0.0010403146886313053,-0.0002308962989499532,42.082886887066465
2021-01-14 16:00:00,1.21356,1.215875,1.21325,1.21546,15.631941816267197,-0.0008624597743147611,-4.243310770672714e-05,50.66332267990472
2021-01-14 17:00:00,1.21545,1.2178550000000001,1.2149549999999998,1.21656,9.124087591242244,-0.0006255368668095507,0.00015559183983878669,54.85535167767375
2021-01-14 18:00:00,1.21658,1.21773,1.215015,1.21509,-12.262466154770356,-0.000550049838230704,0.0001848630947341068,48.87838835141216
2021-01-14 19:00:00,1.21508,1.215805,1.214665,1.21552,3.6198499407660587,-0.0004503372108457526,0.00022766057769524665,50.57485506640149
2021-01-14 20:00:00,1.21552,1.2165400000000002,1.21549,1.21642,7.3987602966090895,-0.00029528786220156533,0.00030616794107154717,54.01455042382185
2021-01-14 21:00:00,1.21643,1.21647,1.2153,1.21549,-7.733506651637947,-0.0002446333826402469,0.00028545793650629247,50.132040843610504
2021-01-14 22:00:00,1.21555,1.21571,1.2149649999999999,1.21522,-2.715557676798781,-0.00022369744130146252,0.00024511510227606155,49.030170057241776
2021-01-14 23:00:00,1.2152,1.215745,1.215025,1.21509,-0.9052827362586681,-0.00021511575003807515,0.0002029574348315592,48.47768387858796
2021-01-15 00:00:00,1.21508,1.21625,1.215065,1.21544,2.961890344238613,-0.00017802051329285362,0.00019204213726142457,50.10773278025458
2021-01-15 01:00:00,1.21544,1.215755,1.214865,1.21508,-2.9627678835972775,-0.0001756465185405176,0.0001555329056110085,48.4111698526991
2021-01-15 02:00:00,1.21508,1.215155,1.2143450000000002,1.21515,0.576060568654195,-0.0001662008358307432,0.00013198287065662633,48.774358984759715
2021-01-15 03:00:00,1.21515,1.21546,1.2149450000000002,1.21496,-1.563837492591628,-0.0001720630407069379,0.0001008965326243453,47.79088587507159
2021-01-15 04:00:00,1.21496,1.2151049999999999,1.2143350000000002,1.21471,-2.0581044035208693,-0.00019463812383557766,6.265715959656446e-05,46.46333138568872
2021-01-15 05:00:00,1.21469,1.214705,1.213525,1.214,-5.6836902800665525,-0.00026674523313752196,-7.559959764303866e-06,42.824958171856
2021-01-15 06:00:00,1.21399,1.214405,1.2133850000000002,1.21375,-1.9773429454154143,-0.0003401425953182269,-6.4765857556007e-05,41.59000023208651
2021-01-15 07:00:00,1.21375,1.214675,1.21346,1.21351,-1.9777340112567507,-0.0004129166814108576,-0.00011003195491891013,40.385958525762916
2021-01-15 08:00:00,1.21351,1.21414,1.21178,1.2131,-3.379770835050873,-0.0004979343650286516,-0.00015603971082936332,38.343730330817706
2021-01-15 09:00:00,1.21309,1.21417,1.212805,1.21389,6.590382983630411,-0.0004958492525921621,-0.00012316367871429898,44.19896182067247
2021-01-15 10:00:00,1.21386,1.214445,1.212695,1.21317,-5.687578822422722,-0.0005460008111948245,-0.00013865218985356908,40.43048487587384
2021-01-15 11:00:00,1.21318,1.21372,1.212215,1.21234,-6.92874936073999,-0.0006452819376077112,-0.00019034665301316463,36.5606052988111
2021-01-15 12:00:00,1.21233,1.21253,1.2115399999999998,1.21216,-1.402455121436143,-0.0007300716299529775,-0.00022010907628674473,35.76117720946718
2021-01-15 13:00:00,1.21214,1.2133,1.2113800000000001,1.2116,-4.456916474083732,-0.0008328547606513137,-0.00025831376558806476,33.32014707095361
2021-01-15 14:00:00,1.21162,1.2117900000000001,1.2093500000000001,1.20975,-15.457739202313007,-0.001051469979737929,-0.00038154318773974403,26.809568992153288
2021-01-15 15:00:00,1.20976,1.21021,1.208155,1.20932,-3.638408361723911,-0.0012450691402219327,-0.00046011387857899824,25.559465906942236
2021-01-15 16:00:00,1.20933,1.2100300000000002,1.208755,1.20975,3.4717916924991687,-0.0013482585777495615,-0.0004506426528853016,29.118823296461883
2021-01-15 17:00:00,1.20978,1.210025,1.208815,1.20935,-3.5556290569326707,-0.0014456490649550346,-0.0004384265120726198,27.787779985293867
2021-01-15 18:00:00,1.20934,1.2093500000000001,1.207725,1.20805,-10.678365961673881,-0.0016091812237064573,-0.0004815669366592338,23.955238156033616
2021-01-15 19:00:00,1.20806,1.208485,1.207675,1.20769,-3.0637001217198243,-0.0017476844110619894,-0.0004960560992118127,23.008844767138072
2021-01-15 20:00:00,1.20769,1.20818,1.207665,1.20782,1.0763193191035376,-0.0018259113024536866,-0.00045942639248280795,24.17381795238805
2021-01-17 22:00:00,1.20854,1.208545,1.2076,1.20791,-5.215620369066474,-0.0008771168986840827,0.0007590289658630973,24.17381795238805
2021-01-17 23:00:00,1.20776,1.2086649999999999,1.20662,1.20664,-9.281973082278144,-0.0009137137194317191,0.0005779457160923688,3.2345068541402924
2021-01-18 00:00:00,1.20663,1.207815,1.20651,1.20757,7.78422782944211,-0.0008577857160920743,0.000507098975545611,42.507405717443056
2021-01-18 01:00:00,1.20757,1.208145,1.207095,1.20786,2.400940506349258,-0.0007810582409275568,0.0004670611605681028,49.40335275268037
2021-01-18 02:00:00,1.20788,1.20847,1.20755,1.2083,3.475957957459778,-0.0006769434584945611,0.0004569407544008791,57.69455710213956
2021-01-18 03:00:00,1.2083,1.2083,1.20702,1.20742,-7.288267545675837,-0.0006578570225885816,0.00038082175224548676,42.64359227304531
2021-01-18 04:00:00,1.20743,1.20747,1.206545,1.207,-3.5625517812753142,-0.0006689105896413583,0.00029581454815416814,37.601754083532796
2021-01-18 05:00:00,1.207,1.207765,1.206575,1.20776,6.292640922036431,-0.0006093210984188246,0.00028432323150136155,49.28624673622487
2021-01-18 06:00:00,1.20777,1.20819,1.207385,1.20809,2.648809277455305,-0.000529365558590289,0.00029142301706391784,53.36938125182562
2021-01-18 07:00:00,1.20806,1.208685,1.20675,1.20676,-10.772647419535424,-0.0005667865395384553,0.00020320162889260127,39.548863181683664
2021-01-18 08:00:00,1.20675,1.2079849999999999,1.20669,1.20695,1.657069472637458,-0.0005744891708847621,0.00015639919803703555,41.864960330156094
2021-01-18 09:00:00,1.20696,1.207565,1.2059199999999999,1.20621,-6.21782276718008,-0.0006330084499066579,7.83039352121118e-05,36.06872635115462
2021-01-18 10:00:00,1.20621,1.2069800000000002,1.2056200000000001,1.20674,4.391998276347179,-0.000629363914098624,6.55587768161166e-05,42.23713045856215
2021-01-18 11:00:00,1.20675,1.207585,1.206255,1.20654,-1.7405141976233154,-0.0006352906861681884,4.7705603797241905e-05,40.64349382489521
2021-01-18 12:00:00,1.20654,1.206715,1.2053449999999999,1.20561,-7.713937342920806,-0.0007068824228475545,-1.910890630569932e-05,34.184538796850546
2021-01-18 13:00:00,1.20562,1.206915,1.2054749999999999,1.20661,8.204805198034547,-0.0006751450949145088,1.0102737301877218e-05,44.41371403804803
2021-01-18 14:00:00,1.20662,1.2072950000000002,1.20629,1.20717,4.556110572662098,-0.0005979133411788684,6.986759283001418e-05,49.17739153223265
2021-01-18 15:00:00,1.20718,1.2076850000000001,1.20682,1.20747,2.4017159846631673,-0.000506658681230121,0.00012889780222300926,51.57176161240075
2021-01-18 16:00:00,1.20749,1.20811,1.20737,1.20768,1.5732644409126133,-0.00041263684017334157,0.00017833571462383098,53.23272150966643
2021-01-18 17:00:00,1.20767,1.20767,1.207095,1.20748,-1.57352502732892,-0.0003502250064091328,0.00019259803871043177,51.423798782229895
2021-01-18 18:00:00,1.20749,1.20778,1.20721,1.20742,-0.5797485547697943,-0.000302122002674432,0.00019256083395610604,50.86536784157857
2021-01-18 19:00:00,1.20741,1.20819,1.207395,1.20793,4.304885216857383,-0.00022030771766679003,0.00021950009517099844,55.30798474484021
2021-01-18 20:00:00,1.20792,1.20808,1.2076600000000002,1.20767,-2.070101931819814,-0.0001744383181006004,0.00021229559578975047,52.69229559835808
2021-01-18 21:00:00,1.20768,1.20812,1.207515,1.20774,0.4967956679413531,-0.00013092880769272064,0.00020464408495810416,53.332214392506394
2021-01-18 22:00:00,1.20789,1.217155,1.2075799999999999,1.20775,-1.1591802939334046,-9.455037295524882e-05,0.0001928180157564608,53.42913005857773
2021-01-18 23:00:00,1.20772,1.207805,1.2074,1.20777,0.41398610662713525,-6.337581157422889e-05,0.0001791940617099846,53.63651040042792
2021-01-19 00:00:00,1.20776,1.209285,1.20774,1.20864,7.2809107757478815,3.117264320073865e-05,0.00021899401318796173,61.63887768662469
2021-01-19 01:00:00,1.20863,1.20968,1.208585,1.20935,5.9536114441628305,0.00016153200072310803,0.00027948269656826493,66.69154427942298
2021-01-19 02:00:00,1.20935,1.2097950000000002,1.209085,1.20947,0.9921701241049385,0.0002713972295427247,0.0003114783403103053,67.47137900489321
2021-01-19 03:00:00,1.20948,1.209865,1.20925,1.20971,1.9012821254676944,0.0003735264289936868,0.0003308860318090139,69.03295291902353
2021-01-19 04:00:00,1.20972,1.2097350000000002,1.2093850000000002,1.20957,-1.2401101217777595,0.0004381173809395733,0.0003163815870039203,67.01202369603226
2021-01-19 05:00:00,1.20957,1.2097099999999998,1.20911,1.20971,1.1573021633286407,0.000494898128122756,0.0002985298673496824,68.02024184615318
2021-01-19 06:00:00,1.2097,1.2098,1.20925,1.20979,0.7439307648428527,0.0005401263701825254,0.0002750064875275614,68.6106172395941
2021-01-19 07:00:00,1.20979,1.21078,1.208545,1.21042,5.204804943739615,0.000619662726551784,0.000283634275117456,72.8597657527142
2021-01-19 08:00:00,1.21042,1.2119,1.210325,1.21094,4.294184682972352,0.000716397333661245,0.0003042951057815336,75.77474201773438
2021-01-19 09:00:00,1.21094,1.212285,1.21029,1.21184,7.426722999736953,0.0008558173553718795,0.0003549721019937345,79.81550338444609
2021-01-19 10:00:00,1.21184,1.213435,1.211815,1.21285,8.327493094776397,0.0010358664623490998,0.00042801696717676384,83.20177463697357
2021-01-19 11:00:00,1.21285,1.21375,1.21271,1.21273,-0.9895030221063053,0.0011555531819196219,0.00043816294939782866,81.45330897248432
2021-01-19 12:00:00,1.21277,1.213365,1.2124350000000002,1.21259,-1.4844258982825764,0.001224988039908892,0.00040607824590967894,79.35800642540187
2021-01-19 13:00:00,1.21261,1.2141250000000001,1.2123400000000002,1.21361,8.23987936816697,0.001346796113377291,0.0004223090555024624,82.8245917710866
2021-01-19 14:00:00,1.2136,1.214505,1.2122350000000002,1.21262,-8.081674390987951,0.0013479073263411578,0.00033873621477306334,70.45678269500496
2021-01-19 15:00:00,1.21261,1.21353,1.2118950000000002,1.21281,1.649062919995531,0.0013485738626934918,0.0002715222009003178,71.34127374404275
2021-01-19 16:00:00,1.21279,1.21341,1.21155,1.21248,-2.5567432040118803,0.001307402928351964,0.00018428101324703184,67.55808502217663
2021-01-19 17:00:00,1.21249,1.2126450000000002,1.211665,1.21215,-2.804933382832215,0.001233922533316667,8.86404945693879e-05,63.908365099625705
2021-01-19 18:00:00,1.21214,1.21249,1.21188,1.21219,0.41247659195427705,0.0011654815111861172,1.615957795107043e-05,64.1611013843536
2021-01-19 19:00:00,1.21218,1.213,1.21196,1.21253,2.886526518932088,0.001125700294289489,-1.8897311156446453e-05,66.32002095510319
2021-01-19 20:00:00,1.21254,1.212805,1.2123300000000001,1.2127,1.319370000824095,0.001095265434392756,-3.946573684254361e-05,67.37816521456722
2021-01-19 21:00:00,1.21267,1.21296,1.2124549999999998,1.21284,1.4016688103954642,0.0010701068924861001,-5.16994229993596e-05,68.2624858766551
2021-01-19 22:00:00,1.21285,1.21307,1.2123,1.21286,0.08244974687981722,0.001039796275408511,-6.56080320615589e-05,68.39429743079111
2021-01-19 23:00:00,1.21285,1.214,1.21267,1.21395,9.061328720294089,0.0010911506776933866,-1.1402903821346741e-05,74.58857633513674
2021-01-20 00:00:00,1.21394,1.2146750000000002,1.21272,1.21423,2.3883448769994273,0.0011412870250371299,3.0986754817917146e-05,75.89546982632511
2021-01-20 01:00:00,1.21426,1.21451,1.21354,1.2141,-1.3178486121401696,0.001157191148738912,3.751270281575933e-05,73.9927691037667
2021-01-20 02:00:00,1.21409,1.214955,1.213985,1.21436,2.223393392405996,0.001177205021738903,4.602126065260024e-05,75.32513670516578
2021-01-20 03:00:00,1.21436,1.214725,1.2142400000000002,1.21446,0.8234112280354148,0.0011874471727020275,4.501072929257973e-05,75.83785263889683
2021-01-20 04:00:00,1.21445,1.21447,1.21397,1.21406,-3.2123618272582286,0.0011500306565312979,6.075370497480052e-06,69.60736646466282
2021-01-20 05:00:00,1.21407,1.21445,1.214045,1.21444,3.046671717005216,0.0011379233500554697,-4.825548782678556e-06,71.96384080577126
2021-01-20 06:00:00,1.21443,1.215815,1.2142249999999999,1.21488,3.704069537732628,0.0011505694962630209,6.256477939898001e-06,74.43548370683637
2021-01-20 07:00:00,1.21484,1.2157749999999998,1.21478,1.21557,6.005413098382811,0.001202408277522382,4.647620735940736e-05,77.74839393575158
2021-01-20 08:00:00,1.21556,1.215835,1.21306,1.21351,-16.893144679482536,0.001064989564520058,-7.275400451433353e-05,54.881734283848736
2021-01-20 09:00:00,1.21351,1.2136749999999998,1.211795,1.21274,-6.349258703433213,0.0008837641960479647,-0.0002031834983891416,49.072036143345166
2021-01-20 10:00:00,1.21273,1.212765,1.21134,1.21212,-5.032505032505028,0.0006822484321904465,-0.00032375940979732787,44.94626619269475
2021-01-20 11:00:00,1.21211,1.21228,1.21114,1.21122,-7.34796321064759,0.00044479592851653926,-0.00044896953077698813,39.725058399586565
2021-01-20 12:00:00,1.21121,1.211475,1.209625,1.20984,-11.323811413078351,0.0001436032726065406,-0.0006001297493495895,33.33136609555389
2021-01-20 13:00:00,1.20985,1.210905,1.209555,1.21074,7.3508763235693495,-2.2215512196055442e-05,-0.0006127588273217485,40.10225610228378
2021-01-20 14:00:00,1.21073,1.2113450000000001,1.207655,1.20805,-22.184512230454168,-0.0003664642408909291,-0.0007656060448132977,30.222451664653533
2021-01-20 15:00:00,1.20804,1.2117850000000001,1.20804,1.21053,20.56950261455811,-0.0004341637948153121,-0.0006666444789901445,43.93594582758076
2021-01-20 16:00:00,1.21054,1.2115,1.20925,1.21102,3.963600931446516,-0.00044316870122540486,-0.0005405195083201899,46.1863173114263
2021-01-20 17:00:00,1.21104,1.21137,1.210105,1.21069,-2.8909134460501895,-0.0004714982580853455,-0.0004550792521441044,44.87977660283415
2021-01-20 18:00:00,1.21068,1.21101,1.21034,1.21094,2.147092341486176,-0.00046837756037643175,-0.0003615668435481525,46.12320873394928
2021-01-20 19:00:00,1.21093,1.210925,1.210305,1.21072,-1.7345050878819503,-0.0004781447908281944,-0.0002970672591999321,45.15779994695941
2021-01-20 20:00:00,1.21072,1.2107549999999998,1.209905,1.21071,-0.08259616258282754,-0.0004811459566713694,-0.0002400547400344857,45.1115786888467
2021-01-20 21:00:00,1.2107,1.210775,1.2104599999999999,1.21057,-1.0738742906249579,-0.0004891822437942395,-0.0001984728217258846,44.42599749794173
2021-01-20 22:00:00,1.21057,1.2112500000000002,1.2102499999999998,1.21099,3.468236731930792,-0.00045639948021469756,-0.00013255204651707413,47.02694636988683
2021-01-20 23:00:00,1.21098,1.21188,1.2109450000000002,1.21147,4.044673000570393,-0.0003872232468664638,-5.07006505350723e-05,49.91210407849591
2021-01-21 00:00:00,1.21146,1.211755,1.21094,1.21175,2.3932329275850917,-0.0003062763603758345,2.419698876444563e-05,51.56916318379589
2021-01-21 01:00:00,1.21175,1.21307,1.21154,1.21239,5.2788294195759935,-0.00018831197511559594,0.00011372909921974735,55.21614278043459
2021-01-21 02:00:00,1.2124,1.213375,1.2122950000000001,1.21254,1.1546010853252593,-8.17779185713352e-05,0.00017621052461120647,56.05146065465531
2021-01-21 03:00:00,1.21259,1.213215,1.2125599999999999,1.21299,3.2976364190962495,3.851831283596674e-05,0.00023720540481480675,58.54931943674338
2021-01-21 04:00:00,1.21299,1.2131599999999998,1.21272,1.21296,-0.24732884843667138,0.0001299353794619318,0.00026289797715261745,58.311377953409114
2021-01-21 05:00:00,1.21298,1.2138149999999999,1.21282,1.21347,4.03800670803647,0.0002407614529784663,0.0002989792405353216,61.198285241098795
2021-01-21 06:00:00,1.21347,1.2137250000000002,1.212855,1.21311,-2.9675791972709646,0.00029612932877642884,0.0002834776930666273,58.137795926221436
2021-01-21 07:00:00,1.21311,1.213525,1.211785,1.21197,-9.406173420133491,0.00024519385450116893,0.0001860337750330939,49.66729397269612
2021-01-21 08:00:00,1.21196,1.2137449999999999,1.2114850000000001,1.2132,10.22090339597865,0.0003006125700459883,0.0001931619924623306,56.95453208413592
2021-01-21 09:00:00,1.2132,1.214635,1.212755,1.21426,8.72959662675077,0.00042516441191131626,0.00025417106746212684,62.05337128068112
2021-01-21 10:00:00,1.21425,1.214715,1.21352,1.21389,-2.9656723426351483,0.0004883869158009979,0.00025391485708144677,59.40810075310998
2021-01-21 11:00:00,1.21391,1.21463,1.21326,1.21433,3.4586973886823595,0.0005674542688109963,0.0002663857680731561,61.50943268504453
2021-01-21 12:00:00,1.21432,1.2155200000000002,1.214165,1.21432,0.0,0.0006221371890458016,0.0002568549506463692,61.4315969376052
2021-01-21 13:00:00,1.21431,1.21733,1.21406,1.21516,6.994963626189287,0.0007248985973320465,0.00028769308714609123,65.39313315028271
2021-01-21 14:00:00,1.21515,1.2157499999999999,1.213635,1.21501,-1.1522538909147166,0.0007851829075578021,0.0002783819178974774,64.1264561943685
2021-01-21 15:00:00,1.21501,1.217015,1.214855,1.21513,0.9875486573462923,0.0008330389009536532,0.0002609903290346628,64.71529294861367
2021-01-21 16:00:00,1.21511,1.215465,1.2136900000000002,1.21425,-7.082561251800377,0.0007908401618654803,0.0001750332719571919,57.28891064211854
2021-01-21 17:00:00,1.21426,1.215005,1.213575,1.21487,5.021113370154827,0.0007982247376583373,0.00014593427820003908,60.709867341544545
2021-01-21 18:00:00,1.21486,1.2156699999999998,1.214825,1.21555,5.676442762534305,0.0008491588100014713,0.00015749468043453835,64.10561458700604
2021-01-21 19:00:00,1.21554,1.21612,1.2154099999999999,1.216,3.7828947368413237,0.000915284834657859,0.00017889656407274078,66.188225366544
2021-01-21 20:00:00,1.21598,1.217005,1.2156850000000001,1.2169,7.5601939354099095,0.0010284572490220079,0.00023365518274951163,69.94421469055722
2021-01-21 21:00:00,1.21691,1.21702,1.21606,1.21636,-4.521687658257657,0.0010623278614267928,0.00021402063612343722,65.25997388530618
2021-01-21 22:00:00,1.21624,1.21676,1.215975,1.21674,4.1093413547672055,0.001107071755915623,0.0002070116244898138,66.93797183645424
2021-01-21 23:00:00,1.21674,1.2170450000000002,1.216475,1.21654,-1.644006773307725,0.0011135568954050434,0.00017079741118338745,65.15421806202482
2021-01-22 00:00:00,1.21655,1.217785,1.216465,1.21691,2.9583124470989306,0.0011354634075930736,0.00015416313869713399,66.910940662239
2021-01-22 01:00:00,1.21694,1.2173699999999998,1.21616,1.21731,3.039488708710037,0.0011715957073688,0.00015223635077828818,68.74540710207674
2021-01-22 02:00:00,1.2173,1.217615,1.21702,1.21743,1.0678232013336575,0.0011961256207844162,0.0001414130113551234,69.29537219536707
2021-01-22 03:00:00,1.21742,1.21756,1.217125,1.21738,-0.3285744796204965,0.0011977245487222454,0.00011440955143436193,68.75251783819058
2021-01-22 04:00:00,1.21739,1.21768,1.2171349999999999,1.21736,-0.24643490832600456,0.0011837325458392556,8.033403884109749e-05,68.52128512738554
2021-01-22 05:00:00,1.21737,1.217455,1.217095,1.2172,-1.396648044692766,0.0011465167880719829,3.4494624859059825e-05,66.59173673455561
2021-01-22 06:00:00,1.2172,1.2172049999999999,1.216305,1.21654,-5.425222351916953,0.0010516438520655758,-4.830264891787783e-05,59.187674076661125
2021-01-22 07:00:00,1.21654,1.2165400000000002,1.2153450000000001,1.21569,-6.991914057037711,0.0008975223910683283,-0.0001619392879321003,51.27986318265033
2021-01-22 08:00:00,1.21568,1.21839,1.2151549999999998,1.21798,18.883725512733943,0.0009492218459443702,-8.819186644484691e-05,64.88987759332423
2021-01-22 09:00:00,1.21799,1.21896,1.21596,1.21738,-5.010760814207556,0.0009310465260217171,-8.5093749094e-05,60.14879553261875
2021-01-22 10:00:00,1.21739,1.2177799999999999,1.2166350000000001,1.21681,-4.7665617475203605,0.0008607263007145427,-0.00012433117952093966,55.965404571681255
2021-01-22 11:00:00,1.21683,1.218755,1.21682,1.21765,6.734283250522079,0.0008628318073744534,-9.778053828882324e-05,60.34277185925538
2021-01-22 12:00:00,1.21764,1.218115,1.215945,1.21639,-10.276309407344463,0.0007541357592319997,-0.0001651812691450215,51.9935766771925
2021-01-22 13:00:00,1.2164,1.217095,1.215525,1.21653,1.0686131866864237,0.000671548989214843,-0.0001982144313297427,52.77543754079691
2021-01-22 14:00:00,1.21654,1.2174649999999998,1.215435,1.21741,7.146318824390701,0.0006693907051362746,-0.00016029817232664884,57.464840079823034
2021-01-22 15:00:00,1.21741,1.21849,1.216215,1.21723,-1.4787673652478905,0.0006457123833636391,-0.00014718119527942753,56.234772339060605
2021-01-22 16:00:00,1.21724,1.218185,1.21707,1.21776,4.270135330441581,0.0006620816482612035,-0.0001046495443054906,59.01655584167909
2021-01-22 17:00:00,1.21778,1.217935,1.2162950000000001,1.21674,-8.547430017917977,0.0005859939595256325,-0.00014458978643284938,52.14694701127565
2021-01-22 18:00:00,1.21673,1.21709,1.216545,1.21692,1.5613187391111367,0.0005340620784990424,-0.0001572173339675516,53.18261911440156
2021-01-22 19:00:00,1.21691,1.217325,1.21664,1.21664,-2.2192267227774236,0.0004649523474551387,-0.00018106165200916426,51.32188038416182
2021-01-22 20:00:00,1.21665,1.21721,1.216535,1.21681,1.3149135855222918,0.00041906919809076015,-0.00018155584109883437,52.410564294231364
2021-01-24 22:00:00,1.21687,1.217125,1.216375,1.2168,-0.5752794214315619,6.450304811433938e-05,-0.0002836555112326898,52.41056429423134
2021-01-24 23:00:00,1.21681,1.217075,1.2164350000000002,1.2167,-0.9040848195944318,5.1731801897325624e-05,-0.0002371414059597629,33.25220284536569
2021-01-25 00:00:00,1.2167,1.217355,1.21662,1.21679,0.7396510490729339,4.8315790737385456e-05,-0.00019244593369576243,50.714040182586004
2021-01-25 01:00:00,1.21679,1.216875,1.2160250000000001,1.21643,-2.959479789220407,1.6370872697679673e-05,-0.00017951268138837457,23.843753531250144
2021-01-25 02:00:00,1.21644,1.217545,1.2164350000000002,1.21705,5.0121194692083275,4.061492981510817e-05,-0.00012421489941675685,61.58949575746915
2021-01-25 03:00:00,1.21705,1.217765,1.2170450000000002,1.21749,3.6139927227328026,9.424642835664798e-05,-5.646672070017364e-05,72.14204419660003
2021-01-25 04:00:00,1.2175,1.218035,1.2175,1.21761,0.9034091375732336,0.00014476402489638218,-4.759299328351561e-06,74.22206962888849
2021-01-25 05:00:00,1.21762,1.218095,1.217505,1.21808,3.7764350453182627,0.00022018648344013236,5.6530527372318886e-05,80.39603958944939
2021-01-25 06:00:00,1.21809,1.218325,1.2174,1.21771,-3.120611639879979,0.0002472532360491275,6.687782398505121e-05,66.82679558581633
2021-01-25 07:00:00,1.21769,1.218275,1.2171850000000002,1.21799,2.463074409477639,0.00028797786289613825,8.608196066564955e-05,70.83803652430953
2021-01-25 08:00:00,1.21798,1.21802,1.21684,1.21733,-5.339554598999773,0.00026395325016492777,4.964587834755123e-05,54.20119811400144
2021-01-25 09:00:00,1.21732,1.2174649999999998,1.2143899999999999,1.21477,-20.9916280448155,3.7906009419330644e-05,-0.0001411210899184367,27.36002520651182
2021-01-25 10:00:00,1.21476,1.21591,1.2140149999999998,1.21573,7.978745280612598,-6.304731036044231e-05,-0.00019365952775856775,39.4661895827381
2021-01-25 11:00:00,1.21575,1.21627,1.2154449999999999,1.21569,-0.49354687461582336,-0.00014461418699296402,-0.00022018112351287157,39.17323937543334
2021-01-25 12:00:00,1.21568,1.215945,1.214975,1.21536,-2.6329647182735814,-0.00023319662097009974,-0.0002470108459920058,36.7496426123697
2021-01-25 13:00:00,1.21535,1.2153800000000001,1.21435,1.2147,-5.35111550177031,-0.000352590874131975,-0.00029312407932310485,32.428378684756666
2021-01-25 14:00:00,1.2147,1.2152500000000002,1.21194,1.21206,-21.78109994554705,-0.0006527135411491525,-0.0004745973970722259,21.52525977683362
2021-01-25 15:00:00,1.21205,1.21314,1.2116,1.21303,8.078942812626076,-0.0008030351344971987,-0.0004999351923362177,30.739576686571013
2021-01-25 16:00:00,1.21302,1.213825,1.21196,1.21368,5.438006723354631,-0.0008598052132229306,-0.00044536421684955964,36.149876192889664
2021-01-25 17:00:00,1.21367,1.2147999999999999,1.213625,1.21445,6.4226604635843625,-0.0008330603436979,-0.0003348954778596233,41.936211382922565
2021-01-25 18:00:00,1.21444,1.21465,1.214025,1.21431,-1.0705668239573378,-0.0008137809120905004,-0.00025249283700177886,41.20504828321289
2021-01-25 19:00:00,1.21432,1.2144650000000001,1.213685,1.21388,-3.624740501532243,-0.0008237040820606722,-0.00020993280557756052,38.95832076343292
2021-01-25 20:00:00,1.21387,1.21418,1.2136200000000001,1.21416,2.3884825723125576,-0.0007997555219854124,-0.00014878739640184055,41.20636348260093
2021-01-25 21:00:00,1.21414,1.2143950000000001,1.213825,1.21389,-2.059494682385418,-0.0007934168436132261,-0.00011395897442372329,39.688498396729855
2021-01-25 22:00:00,1.21389,1.21452,1.21365,1.21434,3.7057166856075026,-0.0007435114193203862,-5.1242840104706784e-05,43.428727966824496
2021-01-25 23:00:00,1.21432,1.21448,1.214175,1.21429,-0.24705795155996088,-0.0006999272673036128,-6.126950470346595e-06,43.108833620676336
2021-01-26 00:00:00,1.2143,1.214305,1.213325,1.21343,-7.169758453309432,-0.0007264077491446752,-2.608594584912723e-05,37.93321529868531
2021-01-26 01:00:00,1.21344,1.21456,1.2133250000000002,1.21455,9.139187353340285,-0.0006495316850698707,4.063209458054194e-05,46.87808372899051
2021-01-26 02:00:00,1.21455,1.21463,1.21425,1.21425,-2.470660901790957,-0.0006058307039848998,6.746646053241035e-05,45.007043564541604
2021-01-26 03:00:00,1.21426,1.2144249999999999,1.213755,1.21398,-2.3064630389284497,-0.000586226451522398,6.965657039592979e-05,43.33079986414763
2021-01-26 04:00:00,1.21398,1.21399,1.21275,1.21304,-7.749126162370268,-0.000639172106128516,1.336873263184954e-05,38.0215274881675
2021-01-26 05:00:00,1.21303,1.213195,1.2127,1.21311,0.6594620438365686,-0.0006677856861632137,-1.2195877922278387e-05,38.62462471370798
2021-01-26 06:00:00,1.2131,1.213105,1.21235,1.21272,-3.133452074675498,-0.0007137047510206163,-4.649195422374479e-05,36.49394335657982
2021-01-26 07:00:00,1.21278,1.21312,1.21078,1.21113,-13.62364073220818,-0.0008683854456976725,-0.00016093811912064077,29.37851205461847
2021-01-26 08:00:00,1.21114,1.2141700000000002,1.21114,1.21383,22.1612581662989,-0.0007642932783284984,-4.5476761401173254e-05,47.940728926417016
2021-01-26 09:00:00,1.21385,1.21387,1.212085,1.2129,-7.832467639541647,-0.0007482177252233768,-2.3520966636841282e-05,43.681826983637144
2021-01-26 10:00:00,1.21291,1.213505,1.2123249999999999,1.21269,-1.8141487107165635,-0.0007438483576887034,-1.532127928173424e-05,42.758123305853225
2021-01-26 11:00:00,1.21268,1.214275,1.21252,1.21375,8.815653964985593,-0.0006473897551160235,6.490985863275662e-05,48.65962052377684
2021-01-26 12:00:00,1.21375,1.2149299999999998,1.21363,1.21444,5.681631039819648,-0.0005093963798230572,0.00016232258714057835,52.12004953371852
2021-01-26 13:00:00,1.21444,1.216195,1.21407,1.21568,10.200052645434077,-0.00029655944613393714,0.00030012761666375876,57.6450500224533
2021-01-26 14:00:00,1.21568,1.21644,1.215405,1.21594,2.1382634011540613,-0.00010568652719089577,0.00039280042848544006,58.72064285561324
2021-01-26 15:00:00,1.21592,1.21761,1.215745,1.21677,6.985708063150945,0.00011127301360147612,0.00048780797542224963,62.03512110404626
2021-01-26 16:00:00,1.21676,1.2169050000000001,1.21399,1.21463,-17.536204440858246,0.0001092752405629227,0.000388648161906957,50.72590684373223
2021-01-26 17:00:00,1.21461,1.21582,1.21461,1.21574,9.294750522316246,0.0001950117404265761,0.0003795077294164883,55.27989123454918
2021-01-26 18:00:00,1.21573,1.2165050000000002,1.21563,1.21638,5.343724822835293,0.00031101598686777976,0.0003964095806861536,57.70696738818847
2021-01-26 19:00:00,1.21636,1.2168299999999999,1.215965,1.21647,0.9042557564085629,0.00040553765018369603,0.0003927449952016559,58.051747057699444
2021-01-26 20:00:00,1.21649,1.2167750000000002,1.2164000000000001,1.21674,2.05467067738269,0.0004965100342608775,0.00038697390342306984,59.128218052993034
2021-01-26 21:00:00,1.21675,1.216845,1.2159149999999999,1.21598,-6.3323409924500185,0.0005014996795147386,0.0003135708389415448,54.860618458343474
2021-01-26 22:00:00,1.216,1.21658,1.216,1.2162,1.6444663706625389,0.0005172437072262781,0.0002634518933224674,55.85390586936267
2021-01-26 23:00:00,1.2162,1.216375,1.216015,1.21633,1.0687888977494882,0.0005340546268610691,0.00022421025036580672,56.463551796963145
2021-01-27 00:00:00,1.21633,1.21698,1.21606,1.21626,-0.5755348363015679,0.0005355554370951587,0.00018056884847991706,56.014983090694884
2021-01-27 01:00:00,1.21625,1.216715,1.2158449999999998,1.21609,-1.3156920951587467,0.0005170668361436093,0.0001296641980226941,54.874813636523655
2021-01-27 02:00:00,1.21609,1.21611,1.21554,1.21591,-1.4803727249537133,0.0004823299911114187,7.59418823924028e-05,53.630064653211576
2021-01-27 03:00:00,1.2159,1.2159300000000002,1.21549,1.21568,-1.8096867596726682,0.0004312702978115368,1.9905751274016704e-05,52.0067291869372
2021-01-27 04:00:00,1.21569,1.215795,1.2153100000000001,1.21574,0.41127214700598413,0.0003911378281569178,-1.6181374704481893e-05,52.411408408726885
2021-01-27 05:00:00,1.21572,1.216515,1.2156150000000001,1.21629,4.686382359471684,0.0003991122427791094,-6.565568065832264e-06,56.06824250377696
2021-01-27 06:00:00,1.21632,1.216605,1.215885,1.2163,-0.16443311683080675,0.00040160943665368265,-3.2546993530072066e-06,56.134243429016266
2021-01-27 07:00:00,1.21629,1.21632,1.21519,1.21551,-6.417059505886441,0.0003359692388442692,-5.5115917729936536e-05,49.7725451188729
2021-01-27 08:00:00,1.21552,1.21585,1.214385,1.21481,-5.844535359438829,0.00022487256832293134,-0.00013297007060101955,44.91524840060239
2021-01-27 09:00:00,1.2148,1.214895,1.21196,1.21227,-20.86993821508528,-6.735271562763323e-05,-0.0003401562836412673,32.51544401416788
2021-01-27 10:00:00,1.21225,1.213295,1.21189,1.21313,7.253962889385242,-0.00022693260800354942,-0.0003997889408137468,38.687365898524675
2021-01-27 11:00:00,1.21312,1.21312,1.2113450000000001,1.21167,-11.966954698886259,-0.0004658406990898367,-0.0005109576255200273,33.1452411523143
2021-01-27 12:00:00,1.21166,1.21198,1.21054,1.2108,-7.102741988766607,-0.0007171123864186946,-0.0006097834502791081,30.354725128062597
2021-01-27 13:00:00,1.21079,1.21171,1.2098049999999998,1.21113,2.8072956660309543,-0.0008794806612610895,-0.0006177213800972024,32.670251339539206
2021-01-27 14:00:00,1.21114,1.21124,1.20584,1.20683,-35.71339791022792,-0.0013396896439867856,-0.0008623442902583188,22.27695889886779
2021-01-27 15:00:00,1.20683,1.2098499999999999,1.206775,1.20913,19.021941395879423,-0.0015015093353643039,-0.0008193311853086696,34.31394865761891
2021-01-27 16:00:00,1.20912,1.21097,1.208945,1.21003,7.5204746989741285,-0.001539385055556286,-0.0006857655244005213,38.33818750397585
2021-01-27 17:00:00,1.21005,1.211935,1.20971,1.21179,14.35892357586589,-0.0014111180550735458,-0.0004459988191342248,45.38477950781391
2021-01-27 18:00:00,1.2118,1.212095,1.2110599999999998,1.21207,2.227594115851333,-0.001272206666603548,-0.0002456699445313817,46.433562536536535
2021-01-27 19:00:00,1.21206,1.2128999999999999,1.2097699999999998,1.21,-17.024793388429345,-0.0013140030811458203,-0.00022997308725892303,40.27592057663071
2021-01-27 20:00:00,1.21001,1.21079,1.20934,1.21049,3.9653363513951865,-0.0012926868466001107,-0.00016692548217057067,42.22892529347899
2021-01-27 21:00:00,1.2105,1.211445,1.21018,1.21104,4.4589774078476765,-0.0012173799751289405,-7.329488855952024e-05,44.42566886971998
2021-01-27 22:00:00,1.21104,1.2117499999999999,1.210585,1.21087,-1.4039492265891755,-0.0011580668424933105,-1.1185404739112162e-05,43.870389770876784
2021-01-27 23:00:00,1.21088,1.21116,1.20945,1.21029,-4.87486470184723,-0.0011446669027646017,1.771627991677344e-06,41.9441408433659
2021-01-28 00:00:00,1.21029,1.2104949999999999,1.208205,1.20883,-12.077794230785278,-0.0012375909738855384,-7.29219545034074e-05,37.482643167859784
2021-01-28 01:00:00,1.20883,1.210615,1.208605,1.21015,10.907738710077162,-0.001190991987169987,-2.1058374230284796e-05,43.349663836076914
2021-01-28 02:00:00,1.21015,1.210525,1.209075,1.20945,-5.787754764563603,-0.001196750707125771,-2.1453675348855018e-05,41.14451576126611
2021-01-28 03:00:00,1.20945,1.20945,1.2087750000000002,1.20911,-2.8119856754142054,-0.0012147468471808143,-3.1559852323118564e-05,40.07810441714337
2021-01-28 04:00:00,1.20911,1.2094,1.20871,1.20938,2.232548909358452,-0.0011934646566578166,-8.222129440096666e-06,41.37751545693528
2021-01-28 05:00:00,1.20938,1.2105700000000001,1.20915,1.21055,9.665028292925657,-0.001069856505602429,9.230881729223295e-05,46.76476356087252
2021-01-28 06:00:00,1.21055,1.2105450000000002,1.209345,1.21035,-1.652414590820655,-0.0009767748316349412,0.00014831239300777655,45.98679029721367
2021-01-28 07:00:00,1.21033,1.21034,1.208075,1.20937,-7.938017314799026,-0.0009708928952598672,0.00012335546350628035,42.27557448079126
2021-01-28 08:00:00,1.20939,1.21135,1.2088999999999999,1.20908,-2.5639329076656012,-0.0009783541371852778,9.271537726469599e-05,41.2155858792671
2021-01-28 09:00:00,1.20909,1.21113,1.20905,1.21088,14.782637420718473,-0.0008294607610621618,0.00019328700271024945,49.65358405730833
2021-01-28 10:00:00,1.21088,1.2117499999999999,1.21035,1.21088,0.0,-0.0007033538622642777,0.00025551512120650696,49.65358405730833
2021-01-28 11:00:00,1.21088,1.2111549999999998,1.20961,1.21022,-5.45355389929007,-0.0006491863049462587,0.0002477461428196208,46.79706797219737
2021-01-28 12:00:00,1.21022,1.211195,1.2098149999999999,1.20991,-2.56217404600369,-0.0006240785457380937,0.00021828312162222867,45.47379419706878
2021-01-28 13:00:00,1.20991,1.21308,1.2088,1.21287,24.404923858285322,-0.0003611698620764603,0.00038495344422708974,57.75675431477576
2021-01-28 14:00:00,1.21286,1.21426,1.212195,1.21298,0.9892990815998448,-0.00014229645052288298,0.00048306148462453377,58.13418996564391
2021-01-28 15:00:00,1.21299,1.2141899999999999,1.21215,1.21218,-6.682175914467962,-3.301048476989088e-05,0.00047387796030202067,54.33208586325027
2021-01-28 16:00:00,1.21217,1.212955,1.21187,1.21218,0.08249599894459166,5.298861073210759e-05,0.00044790164464321533,54.33208586325027
2021-01-28 17:00:00,1.21218,1.21306,1.21212,1.21252,2.8040774585162054,0.00014688546776953082,0.00043343880134451084,55.758292825054504
2021-01-28 18:00:00,1.21253,1.2137449999999999,1.212415,1.21347,7.746380215414809,0.0002945609487214895,0.0004648914258371757,59.55866581365961
2021-01-28 19:00:00,1.21348,1.214005,1.21314,1.21317,-2.5552890361598983,0.0003829726680004697,0.00044264251609292467,57.86816119721654
2021-01-28 20:00:00,1.21315,1.213765,1.212475,1.21263,-4.288200028037026,0.0004047998250653606,0.0003715757385262525,54.85024509922323
2021-01-28 21:00:00,1.21262,1.2127050000000001,1.21185,1.21222,-3.299731071917275,0.0003845812179215091,0.0002810857051059208,52.606955077126685
2021-01-28 22:00:00,1.21222,1.2128700000000001,1.2104,1.21222,0.0,0.00036435773690657314,0.0002086897792727878,52.606955077126685
2021-01-28 23:00:00,1.21218,1.21245,1.211875,1.2121,-0.6600115502027887,0.0003347882547790615,0.0001432962377162209,51.886629119485576
2021-01-29 00:00:00,1.21212,1.212195,1.210385,1.21075,-11.315300433616299,0.0002001137231435468,6.897364864564951e-06,44.50383813559707
2021-01-29 01:00:00,1.21075,1.211605,1.210645,1.21083,0.6607038147393111,9.870075706808201e-05,-7.561248096871987e-05,45.003231981396
2021-01-29 02:00:00,1.21085,1.21091,1.2102,1.21043,-3.4698412960690583,-1.3787472843640458e-05,-0.00015048056870435388,42.923396395754885
2021-01-29 03:00:00,1.21043,1.210645,1.20974,1.20975,-5.620996073567198,-0.0001560071689525877,-0.00023416021185064092,39.57497893969478
2021-01-29 04:00:00,1.20974,1.2102149999999998,1.20953,1.20997,1.900873575377509,-0.0002481051397622558,-0.0002610065461282472,41.1738534191792
2021-01-29 05:00:00,1.20996,1.21017,1.20945,1.20996,0.0,-0.00031823198139657727,-0.00026490671021005497,41.12059124223013
2021-01-29 06:00:00,1.20995,1.2106750000000002,1.2098149999999999,1.21056,5.038990219402585,-0.0003216848404388184,-0.00021468765540183686,45.66244769467744
2021-01-29 07:00:00,1.21056,1.210895,1.209965,1.21045,-0.9087529431207774,-0.0003294990765494443,-0.0001780015132099702,44.9774472014088
2021-01-29 08:00:00,1.21044,1.21198,1.20973,1.21173,10.645935975836311,-0.0002297581039689689,-6.260843250359584e-05,53.68431171839321
2021-01-29 09:00:00,1.21172,1.212125,1.210595,1.21167,-0.4126536103054748,-0.0001537814661471959,1.0694564254541748e-05,53.25887108017536
2021-01-29 10:00:00,1.21166,1.213455,1.210705,1.21345,14.75132885574155,4.949118703123645e-05,0.00017117377394637928,62.702254072055645
2021-01-29 11:00:00,1.21345,1.2138900000000001,1.212685,1.21269,-6.267059182477565,0.00014755960548118452,0.0002153937539170619,57.37246312433288
2021-01-29 12:00:00,1.21268,1.214865,1.212675,1.21338,5.769008884273047,0.00027775498055770953,0.0002764713031948695,60.64334863436382
2021-01-29 13:00:00,1.21339,1.215225,1.21266,1.21463,10.208870190923408,0.0004763097048421372,0.00038002082198343776,65.76788359218727
2021-01-29 14:00:00,1.21465,1.2156250000000002,1.213945,1.21467,0.16465377427539152,0.0006296353753800776,0.0004266771940171025,65.92080220344593
2021-01-29 15:00:00,1.21466,1.21554,1.212505,1.21494,2.3046405583801337,0.0007641254548569343,0.0004489338187951673,66.99263228734554
2021-01-29 16:00:00,1.21493,1.21534,1.2129750000000001,1.21352,-11.619091568331246,0.0007475108395769148,0.0003458553628121182,56.86335771433756
2021-01-29 17:00:00,1.21352,1.2143899999999999,1.2129349999999999,1.21325,-2.22542757057484,0.0007044365872683755,0.0002422248884028632,55.15569625985471
2021-01-29 18:00:00,1.21325,1.213665,1.212765,1.21296,-2.390845534889044,0.0006395272831831722,0.00014185246745412785,53.30408964901431
2021-01-29 19:00:00,1.21293,1.213495,1.21285,1.21306,1.0716699915912113,0.000589361563080093,7.334939788083885e-05,53.87905704042092
2021-01-29 20:00:00,1.21305,1.213935,1.21305,1.21351,3.7906568549095345,0.0005792390010268544,5.0581468662080236e-05,56.476157762258545
2021-01-31 22:00:00,1.21327,1.2134749999999999,1.212765,1.21281,-3.7928447159911856,5.3036237295245314e-05,-0.00042096148906244297,56.47615776225853
2021-01-31 23:00:00,1.21282,1.213195,1.212045,1.2123,-4.289367318321174,8.38184170315337e-06,-0.00037249270772362795,14.882098560519509
2021-02-01 00:00:00,1.21227,1.213,1.21197,1.21299,5.935745554374347,2.8343419610221687e-05,-0.00028202490385324775,58.94121847647461
2021-02-01 01:00:00,1.21298,1.21365,1.212575,1.21273,-2.0614646293887464,2.2919089826434202e-05,-0.00022995938690962815,48.709715327928386
2021-02-01 02:00:00,1.21274,1.21298,1.212475,1.21272,-0.1649185302453079,1.761035179259629e-05,-0.00018821449995477286,48.36199039308689
2021-02-01 03:00:00,1.21271,1.213165,1.212585,1.21296,2.061073736974702,3.239569547819343e-05,-0.0001387433250153406,56.40553571474507
2021-02-01 04:00:00,1.21296,1.21332,1.212745,1.21279,-1.4017265973499409,3.004921893001722e-05,-0.00011287184125081346,50.41506790558529
2021-02-01 05:00:00,1.2128,1.2132450000000001,1.212605,1.21301,1.7312305751792767,4.541822768655557e-05,-7.800226599542011e-05,56.80800867205716
2021-02-01 06:00:00,1.21303,1.2132800000000001,1.2128,1.21294,-0.7419987798254285,5.135784163901036e-05,-5.765012163437227e-05,54.40449931026061
2021-02-01 07:00:00,1.21296,1.21309,1.21219,1.21285,-0.9069546934909881,4.8246623606029715e-05,-4.860907173388234e-05,51.393742684930686
2021-02-01 08:00:00,1.21285,1.213085,1.20881,1.20888,-32.84031500231643,-0.0002714359161477553,-0.0002946332891901339,14.162360515862431
2021-02-01 09:00:00,1.20888,1.21044,1.208355,1.20937,4.051696337763476,-0.00047971783856293193,-0.00040233216928424844,21.701829905356007
2021-02-01 10:00:00,1.20937,1.20941,1.206935,1.20798,-11.506813026705759,-0.0007483180018388325,-0.0005367458660481191,17.110578178659637
2021-02-01 11:00:00,1.20798,1.20844,1.207265,1.20817,1.57262636880499,-0.0009350751895700338,-0.0005788024430234564,19.61402582019909
2021-02-01 12:00:00,1.20819,1.2088800000000002,1.20723,1.20756,-5.217132067972858,-0.0011193997646918863,-0.0006105016145162471,17.75950707526505
2021-02-01 13:00:00,1.20757,1.209305,1.2073,1.20849,7.612806063765789,-0.0011768688789361992,-0.000534376583008448,28.810872771501096
2021-02-01 14:00:00,1.2085,1.209955,1.2083599999999999,1.20872,1.8201072208626399,-0.001190135348740462,-0.00043811444225016864,31.270684319965824
2021-02-01 15:00:00,1.20873,1.20985,1.2079900000000001,1.20846,-2.2342485477383813,-0.0012077072513083653,-0.0003645490758544575,30.0083887997299
2021-02-01 16:00:00,1.20845,1.2087249999999998,1.2068349999999999,1.20686,-13.174684719022755,-0.0013353466934760139,-0.00039375081441768477,23.674898618601404
2021-02-01 17:00:00,1.20687,1.207005,1.2062599999999999,1.20696,0.7456750845092088,-0.0014121542713172452,-0.0003764467138071329,24.7439693315102
2021-02-01 18:00:00,1.20695,1.207835,1.20615,1.20677,-1.491584974767926,-0.0014713949175311214,-0.0003485498880168073,24.054563724439163
2021-02-01 19:00:00,1.20675,1.2077200000000001,1.2065649999999999,1.20666,-0.7458604743666275,-0.0015098154247639162,-0.00030957631619968166,23.643842386777877
2021-02-01 20:00:00,1.20665,1.207125,1.205605,1.20568,-8.045252471633562,-0.0016008877261595167,-0.0003205188940762257,20.315714829520076
2021-02-01 21:00:00,1.20568,1.206175,1.205605,1.20603,2.9020836960925553,-0.0016260767061573311,-0.000276566299259232,24.408165423905913
2021-02-01 22:00:00,1.20603,1.2064300000000001,1.205935,1.20625,1.8238341968920952,-0.001609731015772109,-0.00020817648709920778,26.947868676210774
2021-02-01 23:00:00,1.20623,1.20685,1.2061899999999999,1.20678,4.557582989443398,-0.0015363008479116758,-0.00010779705539101965,32.8049746739175
2021-02-02 00:00:00,1.20677,1.2068699999999999,1.20625,1.2068,0.24859131587832725,-0.0014596669460504863,-2.4930522823863894e-05,33.023204129505075
2021-02-02 01:00:00,1.20678,1.2086299999999999,1.2067350000000001,1.2084,13.40615690168781,-0.0012553564309620846,0.00014350399381163033,47.666285572437054
2021-02-02 02:00:00,1.20839,1.20878,1.208195,1.20836,-0.24827038299823306,-0.0010841689170784097,0.0002517532061562444,47.38735554079231
2021-02-02 03:00:00,1.20836,1.2084800000000002,1.207995,1.20816,-1.6554098794878165,-0.0009536468601374359,0.0003058202104777746,45.939824178399405
2021-02-02 04:00:00,1.20817,1.20829,1.2075200000000001,1.20757,-4.968656061345793,-0.0008875837458943714,0.00029750665977667135,41.87597876941076
2021-02-02 05:00:00,1.20756,1.20795,1.2074850000000001,1.20791,2.8975668717046177,-0.0007985874740981114,0.0003092023452583451,44.900833141157776
2021-02-02 06:00:00,1.20791,1.20796,1.20662,1.2071,-6.710297407008345,-0.0007843757229861748,0.0002587312770962254,39.61193007884218
2021-02-02 07:00:00,1.20711,1.207615,1.206415,1.20688,-1.9057404215825309,-0.0007818522630209657,0.00020900378964914764,38.29261484694063
2021-02-02 08:00:00,1.20687,1.2087400000000001,1.20674,1.20867,14.892402392711013,-0.0006281731731563323,0.0002901463036110249,52.23277139868966
2021-02-02 09:00:00,1.20867,1.208675,1.20641,1.20669,-16.408522487133155,-0.0006585593771295528,0.00020780807971024348,41.15705872829887
2021-02-02 10:00:00,1.2067,1.20697,1.20322,1.20352,-26.422494017550044,-0.0009277387748052313,-4.9097054372347886e-05,30.13842179713761
2021-02-02 11:00:00,1.20352,1.204075,1.202635,1.20278,-6.152413575217105,-0.0011870931316757538,-0.0002467611289942962,28.237899079629074
2021-02-02 12:00:00,1.20279,1.204,1.202635,1.20389,9.13704740466221,-0.0012882158542191213,-0.0002783070812301309,34.872196430926905
2021-02-02 13:00:00,1.20389,1.204995,1.2034850000000001,1.20482,7.718995368603587,-0.0012785745017476202,-0.00021493258300690375,39.88656216332973
2021-02-02 14:00:00,1.20481,1.2049349999999999,1.202025,1.20223,-21.46011994377138,-0.0014630597725833194,-0.0003195342830740822,32.404008903979474
2021-02-02 15:00:00,1.20223,1.2033800000000001,1.20207,1.20274,4.240317940702151,-0.0015502427081659498,-0.00032537377492536986,34.99018009276142
2021-02-02 16:00:00,1.20273,1.2032850000000002,1.20187,1.20193,-6.6559616616619435,-0.0016654972279737112,-0.000352502635786505,32.84109559148138
2021-02-02 17:00:00,1.20189,1.202585,1.201165,1.20188,-0.08320298199357229,-0.0017408049317777508,-0.0003422482716724357,32.70755139612197
2021-02-02 18:00:00,1.20189,1.2024750000000002,1.20177,1.20181,-0.6656626255386289,-0.0017855525067607125,-0.0003095966773243178,32.50824847301203
2021-02-02 19:00:00,1.20181,1.20256,1.201735,1.20199,1.4975166182734212,-0.0017859039970551382,-0.00024795853409499474,33.62822321463332
2021-02-02 20:00:00,1.20199,1.20405,1.20173,1.20371,14.289156025954473,-0.0016286192216781181,-7.253900697437978e-05,43.30903933191005
2021-02-02 21:00:00,1.2037,1.204615,1.203445,1.20435,5.397102171296047,-0.0014357765147967605,9.624295992558245e-05,46.439507549093406
2021-02-02 22:00:00,1.20435,1.20451,1.2038449999999998,1.20437,0.1660619244908872,-0.0012667313568150984,0.00021223049432579568,46.53885767496992
2021-02-02 23:00:00,1.20439,1.204445,1.20364,1.20369,-5.815450822056717,-0.0011740978984897676,0.00024389116212090133,43.57903897643889
2021-02-03 00:00:00,1.2037,1.204615,1.203595,1.20445,6.226908547470035,-0.0010275150134941846,0.0003123792376931876,47.59089635439125
2021-02-03 01:00:00,1.20445,1.205025,1.2042099999999998,1.2047,2.0752054453397815,-0.0008810182800815802,0.00036710077688463364,48.87860844375215
2021-02-03 02:00:00,1.2047,1.2048,1.204465,1.20466,-0.3320438962034101,-0.000759392425925487,0.0003909813048325816,48.67254509034505
2021-02-03 03:00:00,1.20466,1.2048,1.204185,1.2042,-3.819963461220121,-0.0006921426265051878,0.00036658488340230474,46.257387072188976
2021-02-03 04:00:00,1.20419,1.204375,1.2039300000000002,1.20434,1.2454954580921704,-0.0006203982807884145,0.00035066338329526247,47.11744716001837
2021-02-03 05:00:00,1.20434,1.20458,1.204175,1.2044,0.4981733643303636,-0.0005523319326536935,0.0003349837851439868,47.5051815768328
2021-02-03 06:00:00,1.2044,1.20442,1.2034850000000001,1.20378,-5.150442771933766,-0.0005421679056802908,0.0002761182496939117,43.921539576856226
2021-02-03 07:00:00,1.20377,1.204045,1.2027649999999999,1.20376,-0.08307303781539105,-0.0005296215266477056,0.00023093170298119764,43.80673808253756
2021-02-03 08:00:00,1.20376,1.2042350000000002,1.2031049999999999,1.20315,-5.07002451897103,-0.0005624171382132559,0.0001585088731325178,40.343164122480225
2021-02-03 09:00:00,1.20316,1.203185,1.2009050000000001,1.20229,-7.236190935630558,-0.0006503063821663435,5.649570334354426e-05,36.01929928877498
2021-02-03 10:00:00,1.20234,1.203025,1.201215,1.20213,-1.7468992538248234,-0.0007245181102533138,-1.4172819794740785e-05,35.262089174417184
2021-02-03 11:00:00,1.20212,1.202435,1.2016149999999999,1.20161,-4.244305556711499,-0.0008158860668996404,-8.443262115285382e-05,32.845384712666856
2021-02-03 12:00:00,1.20161,1.202285,1.2004899999999998,1.20106,-4.579288295339537,-0.0009220474452760197,-0.0001524751996233864,30.466963823094886
2021-02-03 13:00:00,1.20106,1.20235,1.20084,1.20171,5.408958900234161,-0.0009428627993286476,-0.00013863244294081139,36.33447632655129
2021-02-03 14:00:00,1.2017,1.203265,1.20156,1.20266,7.982305888614171,-0.0008726427741638787,-5.4729934220833936e-05,43.79899553650365
2021-02-03 15:00:00,1.20266,1.203045,1.200405,1.20107,-13.238195941951595,-0.0009345200447707924,-9.328576386219813e-05,36.15785212036097
2021-02-03 16:00:00,1.20108,1.20268,1.20107,1.20237,10.728810599066955,-0.0008686458830551302,-2.1929281717228714e-05,44.658907409118264
2021-02-03 17:00:00,1.20239,1.203095,1.202275,1.20269,2.49440836790833,-0.0007816089086847278,5.2086154122539074e-05,46.54576355447023
2021-02-03 18:00:00,1.20269,1.20281,1.2021350000000002,1.20271,0.16629112587331094,-0.0007029148813724184,0.00010462414514787874,46.66815255561964
2021-02-03 19:00:00,1.20272,1.202905,1.202555,1.20257,-1.2473286378347581,-0.0006444176818387604,0.00013049707574522946,45.87632322016548
2021-02-03 20:00:00,1.20256,1.20363,1.202415,1.20331,6.232807838379373,-0.0005322114123254007,0.00019416267620687142,50.643324267107744
2021-02-03 21:00:00,1.20332,1.2037550000000001,1.20322,1.20356,1.9940842168235733,-0.00041829241014457175,0.00024646534271016035,52.175817217342654
2021-02-03 22:00:00,1.20344,1.2045400000000002,1.2024,1.20337,-0.5816997266012489,-0.00033942946074216884,0.00026026263369005056,50.8827490322154
2021-02-03 23:00:00,1.20335,1.2042000000000002,1.20335,1.20413,6.477705895542865,-0.00021314732704214023,0.00030923581391206333,55.620569165696395
2021-02-04 00:00:00,1.20414,1.20429,1.2035,1.20361,-4.403419712364632,-0.00015326078551636257,0.0002952978843502728,51.92965147883344
2021-02-04 01:00:00,1.20362,1.20389,1.20336,1.2035,-0.9970918155371663,-0.00011336949759122028,0.00026815133782033204,51.156308487940485
2021-02-04 02:00:00,1.20351,1.20385,1.2031399999999999,1.20325,-2.1608144608364763,-0.00010076669938663407,0.0002246033088199346,49.35727228388812
2021-02-04 03:00:00,1.20325,1.203355,1.201675,1.20185,-11.648708241459797,-0.00020142528541544635,9.915577823289785e-05,40.720909366952775
2021-02-04 04:00:00,1.20184,1.202085,1.20159,1.20197,1.0815577759841217,-0.0002684207555474494,2.5728246480715864e-05,41.66314738096416
2021-02-04 05:00:00,1.20195,1.20195,1.20127,1.2017,-2.0803861196645044,-0.0003393896195478252,-3.619249401572795e-05,40.118014887924666
2021-02-04 06:00:00,1.20167,1.201695,1.20072,1.20114,-4.4124748155911835,-0.00043579668257320847,-0.00010607964563288897,37.04899940058329
2021-02-04 07:00:00,1.20113,1.201335,1.19997,1.20082,-2.5815692610052503,-0.0005318900033757235,-0.00016173837314832314,35.3832707519167
2021-02-04 08:00:00,1.20083,1.20137,1.19912,1.19932,-12.590467931829057,-0.0007207734882965777,-0.00028049748645534193,28.838107388601586
2021-02-04 09:00:00,1.19932,1.199615,1.1983199999999998,1.1986,-6.00700817620417,-0.0009179810791799525,-0.00038216406187097335,26.32126937038592
2021-02-04 10:00:00,1.19858,1.1997149999999999,1.198365,1.19877,1.5849579151956796,-0.0010484658745537612,-0.00041011908579582554,27.920825279916215
2021-02-04 11:00:00,1.19877,1.1996099999999998,1.1983700000000002,1.19877,0.0,-0.0011387492227861173,-0.00040032194722254533,27.920825279916215
2021-02-04 12:00:00,1.1988,1.19944,1.198275,1.19928,4.002401440862967,-0.001155823079973306,-0.0003339166435277871,32.98295408448659
2021-02-04 13:00:00,1.19928,1.1998,1.1983549999999998,1.1984,-7.343124165554005,-0.0012262276908183711,-0.00032345700349828183,29.1754674425313
2021-02-04 14:00:00,1.19841,1.19893,1.197575,1.19809,-2.670917877620846,-0.001292143238451171,-0.00031149804090486533,27.951370940371874
2021-02-04 15:00:00,1.19808,1.198445,1.1966549999999998,1.19787,-1.753111773398144,-0.0013466110522553087,-0.0002927726837672023,27.082932203620203
2021-02-04 16:00:00,1.19788,1.1979600000000001,1.197195,1.19743,-3.758048487177217,-0.0014090389855518914,-0.0002841604936510279,25.384239179043092
2021-02-04 17:00:00,1.19742,1.197425,1.195735,1.19605,-11.454370636677993,-0.0015519778052508482,-0.0003416794506799878,20.946668580174403
2021-02-04 18:00:00,1.19605,1.19669,1.19587,1.1963,2.0897768118353377,-0.0016263375323055662,-0.0003328313421877647,23.553914414411125
2021-02-04 19:00:00,1.1963,1.1968,1.195755,1.1966,2.507103459804354,-0.0016421311927352633,-0.0002789000020939694,26.678959964144227
2021-02-04 20:00:00,1.19661,1.1967750000000001,1.19638,1.1966,-0.083570115325451,-0.00163579139742831,-0.00021804816542961292,26.678959964144227
2021-02-04 21:00:00,1.1966,1.19679,1.19605,1.19636,-2.006085124878949,-0.0016313281230715404,-0.00017086791285827454,25.704055403730322
2021-02-04 22:00:00,1.19636,1.196765,1.1959149999999998,1.19647,0.9193711501319085,-0.0016004656930421746,-0.00011200438626312692,27.020373851187358
2021-02-04 23:00:00,1.19647,1.1968999999999999,1.1963300000000001,1.19664,1.4206444711860167,-0.0015444855476569597,-4.48193927023294e-05,29.110715957671573
2021-02-05 00:00:00,1.19664,1.1972,1.1963400000000002,1.1969,2.172278385831306,-0.0014622847437490982,2.990512896442572e-05,32.304353217002614
2021-02-05 01:00:00,1.19688,1.196935,1.1962350000000002,1.1966,-2.339963229147885,-0.0014051498148326402,6.963204630470706e-05,30.591805445272456
2021-02-05 02:00:00,1.19662,1.196825,1.19535,1.19542,-10.038312894213664,-0.0014385039324642523,2.9022342938476086e-05,24.98193159213635
2021-02-05 03:00:00,1.19543,1.19574,1.19522,1.19546,0.25094942532560266,-0.0014450519855093713,1.7979431914685873e-05,25.480791825873197
2021-02-05 04:00:00,1.19547,1.19573,1.19537,1.19562,1.2545792141305137,-0.001420950864841064,3.366444206639465e-05,27.555992732348344
2021-02-05 05:00:00,1.19563,1.1963149999999998,1.19554,1.19631,5.684145413814262,-0.0013308323131508981,9.902639500524845e-05,35.85233331197959
2021-02-05 06:00:00,1.1963,1.1966350000000001,1.195965,1.19656,2.1728956341524786,-0.0012251174101101103,0.0001637930384368292,38.59615131285199
2021-02-05 07:00:00,1.19656,1.196685,1.195975,1.19633,-1.9225464545750297,-0.001146678470005602,0.00019378558283307014,37.02699774929767
2021-02-05 08:00:00,1.19633,1.198755,1.196335,1.19843,17.52292582796002,-0.0009046345315188997,0.00034866361705581804,55.011520113208775
2021-02-05 09:00:00,1.19844,1.198795,1.1976499999999999,1.19769,-6.262054454825777,-0.00076372108077849,0.00039166165423698226,49.63244858781772
2021-02-05 10:00:00,1.19769,1.198295,1.19739,1.19739,-2.5054493523410666,-0.0006685470543492666,0.00038946854453296453,47.600380229051595
2021-02-05 11:00:00,1.19739,1.1981549999999999,1.19689,1.19798,4.9249570109692185,-0.000539296212510143,0.00041497550909767053,51.78158097449467
2021-02-05 12:00:00,1.19799,1.1993200000000002,1.19775,1.19897,8.173682410735722,-0.0003529111231774795,0.0004810884787442673,57.85810000086744
2021-02-05 13:00:00,1.19896,1.2024,1.198125,1.2004,11.996001332888087,-8.878706602910569e-05,0.0005961700287141129,64.76524639010458
2021-02-05 14:00:00,1.20039,1.202255,1.200075,1.20215,14.640435885704644,0.0002587606945976262,0.0007549742314726758,71.0242586136261
2021-02-05 15:00:00,1.20213,1.203385,1.201785,1.20238,2.079209567691441,0.0005464546871731812,0.0008341345792385847,71.73491446386521
2021-02-05 16:00:00,1.2024,1.204015,1.202395,1.20349,9.056992579913713,0.0008541755681119589,0.0009134843681418899,74.93049889269594
2021-02-05 17:00:00,1.20348,1.20419,1.20335,1.2038,2.6582488785502236,0.0011102625766183927,0.0009356571013186589,75.7549161626927
2021-02-05 18:00:00,1.20378,1.2047750000000002,1.203725,1.20425,3.902844093834091,0.001334145417167587,0.0009276319534942826,76.9403818918339
2021-02-05 19:00:00,1.20426,1.20442,1.2039300000000002,1.20426,0.0,0.0014951459854934956,0.0008709060174561529,76.96733331516045
2021-02-05 20:00:00,1.20427,1.20498,1.20406,1.20492,5.394549015702615,0.0016568969038626147,0.0008261255486602176,78.73396020322656
2021-02-07 22:00:00,1.20408,1.2043650000000001,1.2037149999999999,1.20436,2.3248862466376994,0.0008876270978723788,-0.0006154040539343574,78.73396020322656
2021-02-07 23:00:00,1.20433,1.205555,1.20432,1.20485,4.315889944807038,0.0008612497141644582,-0.0005134251501138225,93.91330623889733
2021-02-08 00:00:00,1.20484,1.2052749999999999,1.203055,1.20325,-13.214211510492254,0.0007031335336051825,-0.0005372330645384785,26.75587026738576
2021-02-08 01:00:00,1.20327,1.203865,1.2029900000000002,1.20384,4.734848484848148,0.0006183059444648809,-0.000497648522943024,42.95527858758176
2021-02-08 02:00:00,1.20383,1.20383,1.203155,1.20364,-1.5785450799235026,0.0005288449450591148,-0.0004696876178790321,39.74617089180407
2021-02-08 03:00:00,1.20363,1.203905,1.20351,1.20383,1.66136414610018,0.00046788439059541886,-0.0004245185378741825,44.02449847039831
2021-02-08 04:00:00,1.20385,1.204015,1.203455,1.20349,-2.991300301623927,0.0003876687494559494,-0.00040378734321092167,38.725471859993085
2021-02-08 05:00:00,1.20349,1.204295,1.2034850000000001,1.20369,1.6615573777299635,0.0003363582756350514,-0.0003640782536254558,43.06661820433543
2021-02-08 06:00:00,1.20368,1.20397,1.203325,1.20391,1.9104418104339398,0.0003098744767653372,-0.00031244964199613596,47.47489399589782
2021-02-08 07:00:00,1.20388,1.20489,1.2032,1.20409,1.7440556769015894,0.0002999527029867721,-0.00025789713261976086,50.8294955749759
2021-02-08 08:00:00,1.20408,1.2047750000000002,1.20254,1.20309,-8.228810812159077,0.00020898888930864779,-0.00027908875703830816,36.776788584982285
2021-02-08 09:00:00,1.20308,1.2035200000000001,1.20241,1.20282,-2.1615869373632544,0.00011380084281675806,-0.00029942144282415833,34.04034445992157
2021-02-08 10:00:00,1.20283,1.2034850000000001,1.202325,1.20324,3.4074665070976815,7.143071131654466e-05,-0.0002734332594594974,41.350809632008456
2021-02-08 11:00:00,1.20324,1.2039149999999998,1.20291,1.20298,-2.1612994397259224,1.6679973402489168e-05,-0.00026254719789884235,38.50569151222766
2021-02-08 12:00:00,1.20297,1.20326,1.201975,1.20265,-2.6607907537529454,-5.273077537237825e-05,-0.00026556635733896783,35.19567013741651
2021-02-08 13:00:00,1.20266,1.204415,1.2020049999999998,1.20376,9.138034159632143,-1.796448708657472e-05,-0.00018464005524253144,50.58334329740368
2021-02-08 14:00:00,1.20376,1.206385,1.2037149999999999,1.20565,15.676191266123412,0.00016024801213587736,-5.142044816063484e-06,65.57299833744068
2021-02-08 15:00:00,1.20565,1.20661,1.20465,1.20467,-8.1350079274839,0.00021987036324011555,4.358424503053977e-05,56.074917212141614
2021-02-08 16:00:00,1.20469,1.2052,1.203315,1.20448,-1.743490967056684,0.00024892069116222437,5.810765836211887e-05,54.42883294769662
2021-02-08 17:00:00,1.20447,1.205155,1.2042199999999998,1.2047,1.9091890097134099,0.0002863940741077986,7.646483304615448e-05,56.03804823957735
2021-02-08 18:00:00,1.20469,1.20511,1.204385,1.205,2.5726141078840867,0.00033642143597023555,0.00010119375592687314,58.20539064215876
2021-02-08 19:00:00,1.205,1.205785,1.2048800000000002,1.20555,4.562233005680631,0.0004156574438569649,0.00014434381105088196,61.91268475150107
2021-02-08 20:00:00,1.20554,1.205765,1.205015,1.20519,-2.9041064064593343,0.0004442821515304729,0.00013837481497951196,58.26933134591402
2021-02-08 21:00:00,1.20518,1.20529,1.204815,1.20482,-2.987998207200378,0.00043213020282428793,0.00010097829301866158,54.7061207639613
2021-02-08 22:00:00,1.20482,1.20566,1.20482,1.2052,3.1530036508467223,0.00044799827488839483,9.347709206621475e-05,57.575480148851874
2021-02-08 23:00:00,1.20519,1.20538,1.204725,1.20523,0.3318868597698365,0.0004577182940279645,8.255768896462751e-05,57.80275525282721
2021-02-09 00:00:00,1.20525,1.206005,1.2049349999999999,1.20579,4.478391759759037,0.0005047898954162466,0.00010370343228232768,61.90527967015341
2021-02-09 01:00:00,1.20581,1.2064149999999998,1.205625,1.20595,1.1609104855095898,0.0005486802965564141,0.00011807506673799613,63.011769123056574
2021-02-09 02:00:00,1.20596,1.2082199999999998,1.2059549999999999,1.20799,16.804774873963993,0.0007395496387994083,0.0002471555271847921,73.55755530773342
2021-02-09 03:00:00,1.208,1.20815,1.2076099999999999,1.20771,-2.401238707967156,0.0008583270478068616,0.0002927463489537964,70.5829604736142
2021-02-09 04:00:00,1.20769,1.208005,1.20756,1.20758,-0.9109127345586416,0.0009312343961993541,0.0002925229578770311,69.18409231691547
2021-02-09 05:00:00,1.20759,1.20808,1.207585,1.20782,1.904257256875631,0.000996888479456226,0.0002865416329071223,70.35230112862274
2021-02-09 06:00:00,1.20782,1.208265,1.2074500000000001,1.2077,-0.9936242444307193,0.0010273936617291035,0.0002536374521439998,68.94494937658112
2021-02-09 07:00:00,1.20771,1.2086999999999999,1.20769,1.20812,3.3937026123234566,0.0010730898169375447,0.00023946688588195267,71.12235272324784
2021-02-09 08:00:00,1.20812,1.20977,1.2067350000000001,1.20976,13.556407882554092,0.001227488914984809,0.0003150927871433734,77.6978969573857
2021-02-09 09:00:00,1.20975,1.2116500000000001,1.209505,1.21097,10.07456832126311,0.0014309926081559343,0.0004148771842515989,81.11470029867417
2021-02-09 10:00:00,1.21097,1.21132,1.210295,1.21043,-4.461224523518147,0.0015310482924562052,0.0004119462948414957,75.55167141868311
2021-02-09 11:00:00,1.21041,1.210725,1.209805,1.21054,1.0739009037286127,0.0016007665830912732,0.0003853316683812508,75.91404721772835
2021-02-09 12:00:00,1.21053,1.21066,1.2098,1.20991,-5.12434809200738,0.00158689041098925,0.0002971643970233822,69.55528353444942
2021-02-09 13:00:00,1.20992,1.210605,1.20902,1.21018,2.148440727825009,0.0015794730065104012,0.00023179759403562663,70.68845881376197
2021-02-09 14:00:00,1.21019,1.21035,1.209015,1.20913,-8.76663386071027,0.0014719012735828763,9.938068888648132e-05,61.155439597610076
2021-02-09 15:00:00,1.20914,1.210355,1.20885,1.20978,5.290218056175287,0.001422699474011635,4.0143111452191956e-05,64.35972873296197
2021-02-09 16:00:00,1.20977,1.2106400000000002,1.20924,1.2105,6.03056588186615,0.0014253738535610072,3.42539928012513e-05,67.55262545748985
2021-02-09 17:00:00,1.21051,1.21097,1.21033,1.21055,0.3304283177071579,0.0014152141924836936,1.9275465379150168e-05,67.76857168086671
2021-02-09 18:00:00,1.21055,1.210795,1.21019,1.21053,-0.16521688846958751,0.001389531105400632,-5.126097363129323e-06,67.57484217709484
2021-02-09 19:00:00,1.21053,1.2120950000000001,1.210525,1.21185,10.892437182819554,0.0014588730616129642,5.1372687079362205e-05,73.05060964958838
2021-02-09 20:00:00,1.21183,1.2120099999999998,1.2115749999999998,1.21166,-1.403033854381621,0.0014814187758918074,5.913472108656434e-05,71.18711293181443
2021-02-09 21:00:00,1.21167,1.212195,1.2114500000000001,1.21183,1.3203172062082797,0.001495761785359262,5.87821844432151e-05,71.87834777928158
2021-02-09 22:00:00,1.21176,1.21218,1.210325,1.21195,1.567721440654602,0.0014995261171604213,5.003721299549945e-05,72.382019735072
2021-02-09 23:00:00,1.21199,1.211995,1.211565,1.21162,-3.05376273088907,0.0014590619769230262,7.658458206483403e-06,68.7360832732401
2021-02-10 00:00:00,1.21164,1.21171,1.211225,1.21147,-1.4032538981568135,0.0013987660040657435,-4.211001172063937e-05,67.08204076251764
2021-02-10 01:00:00,1.21148,1.211815,1.210885,1.2116,0.9904258831307363,0.0013459555865384942,-7.593634339831106e-05,67.80511931877669
2021-02-10 02:00:00,1.21161,1.21268,1.211585,1.21247,7.092959001046301,0.0013586430874896749,-5.059907395770424e-05,72.20534061891716
2021-02-10 03:00:00,1.21248,1.2129750000000001,1.21244,1.21273,2.0614646293905774,0.0013738410658701294,-2.8320876461799703e-05,73.3764370389009
2021-02-10 04:00:00,1.21272,1.2129850000000002,1.212625,1.21289,1.4016110282053895,0.0013828555382098262,-1.5445123297682392e-05,74.09965331671867
2021-02-10 05:00:00,1.2129,1.2128999999999999,1.21244,1.21244,-3.794002177428384,0.0013382616856187912,-4.803118071097399e-05,68.46643064048395
2021-02-10 06:00:00,1.21245,1.212745,1.2123,1.21273,2.3088403849171537,0.0013112065397355988,-6.0069061275333166e-05,70.04678456882584
2021-02-10 07:00:00,1.21271,1.21339,1.21228,1.21306,2.885265361977746,0.001301391749773062,-5.590708099029607e-05,71.77994854861412
2021-02-10 08:00:00,1.21307,1.2144,1.21231,1.21394,7.166746297180473,0.0013490708545058627,-6.5823810059962694e-06,75.80105882853296
2021-02-10 09:00:00,1.21393,1.21393,1.21143,1.21195,-16.337307644703746,0.0012123058128634678,-0.00011467793811871302,56.27352527099103
2021-02-10 10:00:00,1.21194,1.212785,1.2117149999999999,1.21249,4.5361198855252445,0.0011344151869288055,-0.00015405485124270028,59.33491861262958
2021-02-10 11:00:00,1.21249,1.21307,1.21224,1.21241,-0.6598427924553576,0.0010540801929692645,-0.0001875118761617931,58.6794653545949
2021-02-10 12:00:00,1.21242,1.2124199999999998,1.21132,1.21166,-6.272386643118482,0.0009192983009158606,-0.0002578350145721576,52.79166964229418
2021-02-10 13:00:00,1.21168,1.213985,1.2114500000000001,1.21287,9.811438983566273,0.0008997478350516452,-0.00022190838434909838,59.79981947530359
2021-02-10 14:00:00,1.21284,1.2139350000000002,1.2124199999999998,1.21243,-3.381638527585275,0.0008390772668098734,-0.00022606316207269628,56.514364102283466
2021-02-10 15:00:00,1.21242,1.21396,1.2123300000000001,1.21312,5.77024531785745,0.0008370239467705431,-0.00018249318568962117,60.20658758466102
2021-02-10 16:00:00,1.21311,1.213645,1.21292,1.21313,0.16486279294165526,0.0008266742066056487,-0.00015427434068361243,60.25925157825173
2021-02-10 17:00:00,1.21312,1.2138499999999999,1.2125949999999999,1.21381,5.684579958972816,0.000863389661387215,-9.404710872163704e-05,63.77047778359966
2021-02-10 18:00:00,1.2138,1.2138049999999998,1.21282,1.21297,-6.842708393446551,0.0008153075856589531,-0.00011370334755991915,57.06337062407663
2021-02-10 19:00:00,1.21297,1.2132049999999999,1.21245,1.21292,-0.41222834152380633,0.0007643565851802592,-0.00013172347843089054,56.68122385261504
2021-02-10 20:00:00,1.21291,1.212925,1.21187,1.21199,-7.590821706449987,0.000641539059618168,-0.00020363280319438538,49.977107834420686
2021-02-10 21:00:00,1.21198,1.2122099999999998,1.21166,1.21181,-1.4028601843523612,0.0005236445417604596,-0.00025722185684167505,48.77464770920567
2021-02-10 22:00:00,1.21186,1.213625,1.211725,1.21188,0.1650328415365467,0.00043089362843318213,-0.00027997821613516213,49.28567073362399
2021-02-10 23:00:00,1.21189,1.212,1.2116600000000002,1.2119,0.08251505899880776,0.00035491050684144376,-0.00028476907018152046,49.44086361630191
2021-02-11 00:00:00,1.21191,1.2120099999999998,1.21135,1.21142,-4.044839939906073,0.0002530444086501493,-0.0003093081346982519,45.817063069756394
2021-02-11 01:00:00,1.21142,1.21177,1.2114,1.21171,2.3933119310736353,0.00019348499372928707,-0.0002950940396952914,48.283385045989974
2021-02-11 02:00:00,1.21172,1.212075,1.2117,1.21203,2.5576924663583616,0.00017014374279433753,-0.0002547482325041928,50.93723239060323
2021-02-11 03:00:00,1.21204,1.2122199999999999,1.2118,1.2121,0.49500866265117555,0.0001555015234828705,-0.0002155123614525279,51.52325189491419
2021-02-11 04:00:00,1.2121,1.21252,1.2121049999999998,1.21218,0.6599679915530697,0.00014863936848419357,-0.00017789961316096392,52.22556730356448
2021-02-11 05:00:00,1.21216,1.21278,1.212165,1.21265,4.0407372283849545,0.00017906201777573294,-0.00011798157109553964,56.23699025138236
2021-02-11 06:00:00,1.21266,1.21301,1.212615,1.21297,2.555710363818004,0.0002263838994971401,-5.652775149930599e-05,58.77503907577648
2021-02-11 07:00:00,1.21296,1.2132800000000001,1.21217,1.21233,-5.196604884809668,0.00020982544330161446,-5.8468966155865324e-05,52.24852199980682
2021-02-11 08:00:00,1.21234,1.21264,1.211795,1.21234,0.0,0.00019525884151549988,-5.842845435358396e-05,52.33757926561744
2021-02-11 09:00:00,1.21233,1.213605,1.212205,1.21303,5.770673437591362,0.0002366638248278985,-1.36187768329483e-05,58.138900854004135
2021-02-11 10:00:00,1.21304,1.21306,1.212335,1.21237,-5.526365713436892,0.00021375703027426418,-2.9220457109266124e-05,51.661544921949606
2021-02-11 11:00:00,1.21239,1.213125,1.2120950000000001,1.21272,2.7211557490594815,0.00022129436183138118,-1.7346500441719294e-05,54.55317845535268
2021-02-11 12:00:00,1.21273,1.2135150000000001,1.21271,1.21351,6.427635536583982,0.0002876977485293253,3.92455090049798e-05,60.32265973697149
2021-02-11 13:00:00,1.21352,1.214965,1.21339,1.21437,6.999514151370813,0.00040504857573098185,0.00012527706896530908,65.46281496381808
2021-02-11 14:00:00,1.21436,1.214505,1.213165,1.21349,-7.169403950590021,0.0004221747386299324,0.00011392258549140766,57.28489743362198
2021-02-11 15:00:00,1.2135,1.214325,1.2128,1.21294,-4.6168812966850465,0.00038690692051801534,6.292381390359252e-05,52.841757374486974
2021-02-11 16:00:00,1.21293,1.2132649999999998,1.212145,1.21264,-2.39147644808124,0.0003309346194841911,5.561210295814626e-06,50.53914414585068
2021-02-11 17:00:00,1.21263,1.2129400000000001,1.21219,1.21271,0.6596795606522414,0.000288894387967753,-2.9183216976498788e-05,51.074863403376874
2021-02-11 18:00:00,1.21272,1.21332,1.2123149999999998,1.2131,3.132470530047374,0.00028377575201643523,-2.744148234225328e-05,54.06034637256081
2021-02-11 19:00:00,1.21308,1.21318,1.21266,1.21307,-0.08243547363172336,0.00027413835060707825,-2.9663107001288232e-05,53.78844408332148
2021-02-11 20:00:00,1.21306,1.21374,1.21295,1.21326,1.6484512800222373,0.0002786202913764857,-2.0144932985504652e-05,55.32113028479303
2021-02-11 21:00:00,1.21326,1.21334,1.212925,1.21296,-2.473288484368544,0.00025502499948504287,-3.499217990155797e-05,52.3677529823863
2021-02-11 22:00:00,1.21296,1.214025,1.212885,1.21318,1.813415981139542,0.0002511822494333238,-3.1067943962621684e-05,54.29474592933623
2021-02-11 23:00:00,1.21327,1.213295,1.212785,1.21307,-1.6487094726600935,0.00023653414327373667,-3.657284009776708e-05,53.137215188647026
2021-02-12 00:00:00,1.21308,1.213325,1.212465,1.21288,-1.6489677461907029,0.0002072054658752709,-5.2721213996986295e-05,51.11033061343316
2021-02-12 01:00:00,1.21288,1.213015,1.21253,1.21271,-1.4018190663885306,0.00016830458796013303,-7.329767352969933e-05,49.298393992215736
2021-02-12 02:00:00,1.2127,1.212705,1.21185,1.212,-5.77557755775514,7.927051451739331e-05,-0.00012986539757795125,42.51872277186571
2021-02-12 03:00:00,1.212,1.212145,1.2119,1.21194,-0.495074013564607,3.824781597883131e-06,-0.00016424890439796917,41.99315114453422
2021-02-12 04:00:00,1.21193,1.21238,1.21193,1.21225,2.6397195298007667,-3.059936563665211e-05,-0.00015893844130600353,45.72598595432166
2021-02-12 05:00:00,1.21225,1.2131850000000002,1.212195,1.21315,7.418703375509219,1.4573731152545122e-05,-9.101227561344503e-05,54.81678619958153
2021-02-12 06:00:00,1.21316,1.2131599999999998,1.212385,1.21256,-4.948208748432522,2.7341490795862455e-06,-8.228148614912314e-05,49.020114800311774
2021-02-12 07:00:00,1.21257,1.2127,1.21124,1.21155,-8.418967438405522,-8.714283572475168e-05,-0.00013772677676276884,41.022795910895994
2021-02-12 08:00:00,1.21156,1.211885,1.21025,1.21031,-10.327932513157567,-0.00025548357497906515,-0.00024485401281366584,33.74410885046859
2021-02-12 09:00:00,1.2103,1.2111549999999998,1.21004,1.21084,4.459713917610791,-0.0003421837715462672,-0.00026524336750469434,38.746712138458136
2021-02-12 10:00:00,1.21083,1.2113900000000002,1.21046,1.21089,0.4955033074841561,-0.0004022231418308042,-0.000260226190231385,39.213007440387045
2021-02-12 11:00:00,1.21088,1.210905,1.209695,1.21069,-1.5693530135700506,-0.0004606332109500233,-0.0002549090074804833,37.967938701079035
2021-02-12 12:00:00,1.21069,1.21148,1.21026,1.21127,4.788362627655476,-0.000454878898026978,-0.00019932375564595038,43.56423001351708
2021-02-12 13:00:00,1.21126,1.211465,1.208415,1.2087,-21.179779928848312,-0.0006502009731097491,-0.00031571666458297715,30.453832319504457
2021-02-12 14:00:00,1.20871,1.20964,1.2081499999999998,1.20924,4.382918196554376,-0.0007527444681392215,-0.00033460812768995954,34.88780945954612
2021-02-12 15:00:00,1.20923,1.212085,1.2091850000000002,1.21193,22.278514435651605,-0.0006099196341233792,-0.00015342663493929381,51.48229233678856
2021-02-12 16:00:00,1.21195,1.212835,1.21151,1.2125,4.536082474225389,-0.00044559909882191384,8.715120289737278e-06,54.14889600966783
2021-02-12 17:00:00,1.21251,1.212895,1.212305,1.21235,-1.3197508970176761,-0.00032374569824300536,0.00010445481669491664,53.318402175439005
2021-02-12 18:00:00,1.21234,1.2126350000000001,1.21192,1.21214,-1.6499744253962247,-0.00024133923684099834,0.00014948902247753897,52.1133427707034
2021-02-12 19:00:00,1.21213,1.21235,1.211565,1.21157,-4.622101900838531,-0.00021949555070710502,0.00013706616688914587,48.883831440635326
2021-02-12 20:00:00,1.21157,1.21191,1.2113099999999999,1.21185,2.310516978174345,-0.00017754399546610067,0.0001432141777041202,50.506406250115006
2021-02-14 22:00:00,1.21292,1.215205,1.210605,1.21242,-4.123983438082059,0.0001473368368429817,0.0002599067098683128,50.506406250115
2021-02-14 23:00:00,1.21241,1.212535,1.2120350000000002,1.21205,-2.9701744977510494,0.0001070101644373711,0.0001756640299701618,17.802756256954027
2021-02-15 00:00:00,1.21206,1.212335,1.2116950000000002,1.21212,0.49500049500190596,7.97797497098518e-05,0.00011874689219411398,27.38285388272341
2021-02-15 01:00:00,1.21211,1.2128549999999998,1.211755,1.21269,4.7827556918917855,0.00010300629372972381,0.00011357874897118878,64.0874488674211
2021-02-15 02:00:00,1.21269,1.213295,1.21257,1.21325,4.615701627858182,0.00016470223227837977,0.0001402197500158758,76.60092188003881
2021-02-15 03:00:00,1.21325,1.2137850000000001,1.213,1.21341,1.3185980006771,0.0002239260903178497,0.00015955488644427658,78.86669143619876
2021-02-15 04:00:00,1.21342,1.2137,1.21312,1.2132,-1.8133860863821871,0.000251022547866242,0.0001493210751941351,69.37191643814654
2021-02-15 05:00:00,1.2132,1.214045,1.213195,1.2138,4.943153732080523,0.00031725455822084747,0.00017244246843899243,77.65077081717611
2021-02-15 06:00:00,1.2138,1.214045,1.21343,1.21347,-2.7194739054112707,0.0003392055115387649,0.00015551473740552785,66.93441201975115
2021-02-15 07:00:00,1.21348,1.213775,1.213085,1.21331,-1.4011258458249038,0.0003397744292490401,0.00012486692409264247,62.43534254473247
2021-02-15 08:00:00,1.2133,1.214525,1.213115,1.214,5.766062602964769,0.0003913908242725306,0.00014118665529290638,71.37204603144929
2021-02-15 09:00:00,1.21401,1.21449,1.21333,1.21346,-4.532493860531459,0.00038429380243343303,0.00010727170676304705,59.45163865348049
2021-02-15 10:00:00,1.21345,1.21378,1.21313,1.21336,-0.7417419397369575,0.0003663768331583217,7.148378999034853e-05,57.53523168873502
2021-02-15 11:00:00,1.21337,1.214055,1.21299,1.21328,-0.7417908479505598,0.0003417823206703918,3.7511422001934916e-05,55.98056999602239
2021-02-15 12:00:00,1.21328,1.2133500000000002,1.2124,1.21304,-1.9785002967751928,0.00029947286136300377,-3.8384298443625096e-06,51.48591458822851
2021-02-15 13:00:00,1.21305,1.2133699999999998,1.212555,1.21267,-3.1335812710799065,0.0002333959589271295,-5.593226582418945e-05,45.43003388137321
2021-02-15 14:00:00,1.21269,1.21278,1.21207,1.21242,-2.2269510565644945,0.00015902350307084312,-0.00010424377734438066,41.8483277073888
2021-02-15 15:00:00,1.21242,1.21325,1.2123,1.21315,6.01739273791285,0.000157175869530235,-8.487312870799103e-05,53.40118273439716
2021-02-15 16:00:00,1.21314,1.213765,1.2126700000000001,1.21368,4.449278228198412,0.00019621631767319236,-3.666614445202695e-05,59.66634579396984
2021-02-15 17:00:00,1.21368,1.2138149999999999,1.21299,1.21308,-4.94608764467435,0.00017670423211391117,-4.494258400904652e-05,51.26350981738345
2021-02-15 18:00:00,1.21312,1.2134800000000001,1.212975,1.21314,0.16486143396583267,0.00016418958693642516,-4.596578334922603e-05,51.991621776143404
2021-02-15 19:00:00,1.21315,1.2132399999999999,1.213015,1.21307,-0.6594837890629391,0.00014692951351302774,-5.0580685418098764e-05,51.03369480897526
2021-02-15 20:00:00,1.21306,1.21318,1.213035,1.21309,0.24730234360166592,0.000133327695149843,-5.134600302502681e-05,51.309725831320115
2021-02-15 21:00:00,1.21308,1.213475,1.21266,1.21295,-1.071767179190927,0.0001099835047497777,-5.9752154740073694e-05,49.21817331570024
2021-02-15 22:00:00,1.21293,1.21323,1.2126000000000001,1.21279,-1.154363080170755,7.767699084948454e-05,-7.364693491229349e-05,46.86685451459707
2021-02-15 23:00:00,1.21288,1.2132649999999998,1.21272,1.21321,2.7200567090606036,8.498468519113622e-05,-5.307139245651346e-05,53.18878774126461
2021-02-16 00:00:00,1.21321,1.21406,1.2131349999999999,1.21374,4.366668314467196,0.0001320208025794578,-4.828220054553506e-06,59.7043746247479
2021-02-16 01:00:00,1.21373,1.214695,1.2134649999999998,1.21429,4.6117484291241455,0.00021124259480576058,5.9514857737399403e-05,65.1286736389566
2021-02-16 02:00:00,1.2143,1.21459,1.2140900000000001,1.21456,2.14069292583445,0.0002924420890590973,0.00011257148159258889,67.44544533344637
2021-02-16 03:00:00,1.21456,1.21512,1.214475,1.21467,0.9055957585173954,0.0003615021818328401,0.00014530525949306536,68.36751077488694
2021-02-16 04:00:00,1.21467,1.21469,1.2138049999999998,1.21395,-5.931051526008747,0.00035405351170569865,0.0001102852714927391,56.98943476619316
2021-02-16 05:00:00,1.21396,1.214115,1.21328,1.21366,-2.4718619712272547,0.0003210489580536269,6.182457427253386e-05,53.15242972583406
2021-02-16 06:00:00,1.21366,1.214005,1.2133950000000002,1.21396,2.4712511120627285,0.0003154636358699836,4.499140167111247e-05,56.42117778894508
2021-02-16 07:00:00,1.21398,1.2142249999999999,1.212855,1.2131,-7.254142280108745,0.00023888865540278026,-2.5266863036872678e-05,46.42170041715426
2021-02-16 08:00:00,1.2131,1.21574,1.2130049999999999,1.21552,19.90917467421241,0.0003692200677956059,8.405163948476237e-05,65.14274102597716
2021-02-16 09:00:00,1.21552,1.215545,1.214505,1.21527,-2.057156022940264,0.0004471809171884278,0.00012960999110206743,62.70518914873601
2021-02-16 10:00:00,1.21528,1.2167249999999998,1.21522,1.21637,8.961089142284301,0.000590914563667555,0.00021867491006495571,68.32192479569024
2021-02-16 11:00:00,1.21638,1.21684,1.2162,1.21653,1.2330152154067098,0.0007095558586167616,0.00026985296401132986,69.0520206043041
2021-02-16 12:00:00,1.21652,1.216955,1.2148599999999998,1.21503,-12.263071693702964,0.0006747642138207333,0.0001880490553722411,56.01736147526193
2021-02-16 13:00:00,1.21504,1.215185,1.210635,1.21081,-34.935291251310744,0.0003031780053472932,-0.0001468297224809592,35.63645018133977
2021-02-16 14:00:00,1.2108,1.21133,1.209505,1.20974,-8.762213368162257,-7.676193582550894e-05,-0.0004214157309230091,32.416001359645236
2021-02-16 15:00:00,1.20975,1.21204,1.20972,1.21194,18.070201495122813,-0.00019806232351538,-0.00043417289489030414,43.68466084805902
2021-02-16 16:00:00,1.21195,1.2124000000000001,1.2105199999999998,1.21071,-10.24192416020459,-0.0003889607774205661,-0.0005000570790363922,39.699210888693216
2021-02-16 17:00:00,1.21071,1.210955,1.21037,1.21088,1.4039376321353354,-0.0005205312381448834,-0.0005053020318085676,40.50708214265756
2021-02-16 18:00:00,1.21088,1.211565,1.2108349999999999,1.21124,2.972160760874294,-0.000588963579303492,-0.00045898749837374093,42.27089398662094
2021-02-16 19:00:00,1.21125,1.2115900000000002,1.2109549999999998,1.21154,2.393647754099109,-0.0006119352018143509,-0.00038556729670767987,43.7670647893756
2021-02-16 20:00:00,1.21155,1.211775,1.2110750000000001,1.21114,-3.3852403520633403,-0.0006548681231339781,-0.00034280017442184566,42.19674287051355
2021-02-16 21:00:00,1.21114,1.211245,1.21036,1.21068,-3.7995176264589072,-0.000717737299402943,-0.0003245354805526484,40.401507624961816
2021-02-16 22:00:00,1.21387,1.2138749999999998,1.2101549999999999,1.21028,-29.662557424728014,-0.0007907232660022689,-0.0003180171577215795,38.853546854121774
2021-02-16 23:00:00,1.21029,1.2104300000000001,1.208605,1.20884,-11.994970384833175,-0.0009537667068877376,-0.0003848484788856384,33.8285786939869
2021-02-17 00:00:00,1.20883,1.209435,1.20865,1.2089,0.5790387955994251,-0.001065851833428999,-0.00039754688434151986,34.21037655054053
2021-02-17 01:00:00,1.2089,1.20952,1.20832,1.2093,3.3076986686509215,-0.0011096125242129329,-0.0003530460601003629,36.82727030306415
2021-02-17 02:00:00,1.20931,1.2098499999999999,1.209075,1.20947,1.322893498804749,-0.0011176915551778244,-0.0002889000728522036,37.956797033886986
2021-02-17 03:00:00,1.20945,1.209565,1.208605,1.209,-3.722084367244329,-0.0011487769320859265,-0.0002559883598082446,36.03828467397761
2021-02-17 04:00:00,1.209,1.20933,1.20888,1.2092,1.6539861065165231,-0.0011440856811493205,-0.00020103768709731095,37.48628015703841
2021-02-17 05:00:00,1.20919,1.209535,1.209085,1.20932,1.0749842886908634,-0.0011177995366133953,-0.00013980123404910838,38.387543205204054
2021-02-17 06:00:00,1.20933,1.2093450000000001,1.2084549999999998,1.20865,-5.626111777603226,-0.0011379138161180524,-0.00012793241084301248,35.32529583196468
2021-02-17 07:00:00,1.20863,1.20868,1.207065,1.20742,-10.021367875305655,-0.001238824846315545,-0.00018307475283240392,30.513023580688966
2021-02-17 08:00:00,1.20742,1.20824,1.206495,1.2077,2.318456570340796,-0.0012814323503584912,-0.00018054580550028003,32.75865450405327
2021-02-17 09:00:00,1.20771,1.2083149999999998,1.2059549999999999,1.20678,-7.706458509422575,-0.0013736013936929137,-0.00021817187906776202,29.397004302077775
2021-02-17 10:00:00,1.20679,1.206945,1.20594,1.20688,0.7457245127926843,-0.0014221828220182253,-0.00021340264591445898,30.235036476207043
2021-02-17 11:00:00,1.20688,1.206945,1.20575,1.2062,-5.637539379870784,-0.0014982829972358669,-0.00023160225690568035,27.817109604920148
2021-02-17 12:00:00,1.20619,1.206595,1.205695,1.20634,1.2434305419688683,-0.0015296631003580696,-0.0002103858880223065,29.0746955639799
2021-02-17 13:00:00,1.20635,1.2066,1.20305,1.20337,-24.763788361019326,-0.0017737396700368002,-0.00036356996616082973,20.79689433447389
2021-02-17 14:00:00,1.20337,1.2047750000000002,1.2030599999999998,1.20396,4.900495033056484,-0.0018976886671349114,-0.0003900151706071526,25.344096066458718
2021-02-17 15:00:00,1.20395,1.20406,1.20234,1.20327,-5.651266964189366,-0.002028216358113344,-0.00041643428926846793,23.635099435113304
2021-02-17 16:00:00,1.20327,1.2042450000000002,1.2024650000000001,1.20411,6.976106834092831,-0.0020403595193287938,-0.00034286196038713405,29.837821801436448
2021-02-17 17:00:00,1.20412,1.204705,1.20382,1.20452,3.3208248929030315,-0.00199391487903533,-0.00023713385607493603,32.71074189003991
2021-02-17 18:00:00,1.20452,1.20457,1.203495,1.20382,-5.814822814043171,-0.0019906444072492757,-0.00018709070743110523,30.420478698499977
2021-02-17 19:00:00,1.20379,1.203985,1.203435,1.20369,-0.8307786888649817,-0.0019757670358244717,-0.0001377706688050408,30.000379604620505
2021-02-17 20:00:00,1.2037,1.204375,1.2036449999999999,1.20422,4.318147846739598,-0.0018993159096560852,-4.9055634109323315e-05,34.00198078902872
2021-02-17 21:00:00,1.20423,1.2043249999999999,1.2039399999999998,1.20394,-2.4087579115230113,-0.0018401098602687238,8.120332222430688e-06,32.93093264296584
2021-02-17 22:00:00,1.20407,1.20465,1.2040099999999998,1.20447,3.320962747100019,-0.0017304742391217598,9.420476269551576e-05,36.97764140974222
2021-02-17 23:00:00,1.20446,1.204555,1.204205,1.20456,0.8301786544463454,-0.0016176773936174005,0.0001656012865599002,37.665437843316624
2021-02-18 00:00:00,1.20455,1.205025,1.204355,1.20486,2.5729130355396683,-0.0014869371027681488,0.0002370732619273216,40.0154395441151
2021-02-18 01:00:00,1.20487,1.205025,1.20415,1.20446,-3.4040150772962274,-0.0013994689307039732,0.00025963314719319795,37.9605199392802
2021-02-18 02:00:00,1.20445,1.2045149999999998,1.20387,1.20437,-0.664247697967236,-0.0013221708593635917,0.0002695449748268636,37.493972402651536
2021-02-18 03:00:00,1.20438,1.204485,1.20357,1.20368,-5.8154991359823445,-0.0013015849532207469,0.00023210470477576695,34.03981442127365
2021-02-18 04:00:00,1.20367,1.20404,1.2035749999999998,1.20373,0.4984506492315468,-0.001266634913328346,0.00021364379573453416,34.510636809393944
2021-02-18 05:00:00,1.20373,1.2046450000000002,1.203705,1.20458,7.056401401318446,-0.0011570115497281375,0.0002586137274677943,42.07966167128953
2021-02-18 06:00:00,1.20456,1.2047400000000001,1.2042549999999999,1.20459,0.24904739371881296,-0.0010571412614404085,0.0002867872126044186,42.16435135923918
2021-02-18 07:00:00,1.20458,1.205255,1.2036449999999999,1.20474,1.3280873881496256,-0.0009548823032499154,0.0003112369366359293,43.49889363810763
2021-02-18 08:00:00,1.20475,1.207065,1.2045,1.20689,17.731524828277895,-0.000692373064744567,0.0004589969401130223,58.33802462526917
2021-02-18 09:00:00,1.2069,1.20755,1.206235,1.20737,3.8927586406815675,-0.0004405225438102178,0.0005686779688378971,60.812518217923284
2021-02-18 10:00:00,1.20735,1.2073649999999998,1.206265,1.20668,-5.552424835084268,-0.00029322629471550954,0.0005727793743460844,55.69180659666236
2021-02-18 11:00:00,1.20667,1.20739,1.20647,1.20722,4.555921870082093,-0.00013140471728023684,0.0005876807614250858,58.62792766150963
2021-02-18 12:00:00,1.2072,1.2085,1.20625,1.20778,4.802199075990867,4.154842421222327e-05,0.0006085071223340368,61.47874440675598
2021-02-18 13:00:00,1.20778,1.208995,1.207605,1.20847,5.70969904093488,0.00023162227097439647,0.000638864775276968,64.7058317805465
2021-02-18 14:00:00,1.20846,1.20865,1.2067649999999999,1.20704,-11.764316012726994,0.0002638268828711876,0.0005368555097390073,54.51325415434561
2021-02-18 15:00:00,1.20705,1.20843,1.20622,1.20723,1.4910166248359384,0.0003012085374012319,0.0004593897314152413,55.51590022551086
2021-02-18 16:00:00,1.20724,1.208275,1.2070599999999998,1.20775,4.222728213620455,0.0003685450640289467,0.00042138100643436495,58.2296237618569
2021-02-18 17:00:00,1.20775,1.2084199999999998,1.2075900000000002,1.2082,3.724548915741098,0.0004529990941326556,0.00040466802923045905,60.47665124022819
2021-02-18 18:00:00,1.20819,1.2086199999999998,1.207965,1.20805,-1.1588924299493315,0.000502038586730924,0.00036296601746298196,59.330915464094566
2021-02-18 19:00:00,1.20808,1.208915,1.208075,1.20852,3.640816866911561,0.0005722314816527518,0.00034652712990784784,61.774573131807564
2021-02-18 20:00:00,1.2085,1.20932,1.208465,1.20916,5.458334711701553,0.0006717588895643889,0.00035684363025558787,64.87000242513253
2021-02-18 21:00:00,1.20915,1.20946,1.20904,1.2091,-0.4135307253319285,0.0007372945067078973,0.00033790339791927703,64.34394616112057
2021-02-18 22:00:00,1.20911,1.2093500000000001,1.208615,1.20911,0.0,0.0007810355798922863,0.0003053155768829328,64.39576925320785
2021-02-18 23:00:00,1.20909,1.2095950000000002,1.2090549999999998,1.20919,0.8269998924899229,0.0008127867274880796,0.00026965337958298084,64.83608271702911
2021-02-19 00:00:00,1.20919,1.209865,1.20879,1.20974,4.546431464612648,0.0008722750997924855,0.00026331340150990935,67.78570481467175
2021-02-19 01:00:00,1.20975,1.209825,1.20864,1.20879,-7.9418261236449,0.0008331588661303346,0.0001793577342782068,58.63651062041586
2021-02-19 02:00:00,1.20881,1.208835,1.2082350000000002,1.20864,-1.4065395816786097,0.0007810517444160059,0.00010180049005110233,57.320951239819465
2021-02-19 03:00:00,1.20863,1.2086999999999999,1.208355,1.20847,-1.3239881834067873,0.0007177649482648096,3.081095511992481e-05,55.79315442787088
2021-02-19 04:00:00,1.20848,1.2094200000000002,1.208395,1.20931,6.863417982156009,0.0007270101655452166,3.204493792026528e-05,61.284204963174844
2021-02-19 05:00:00,1.20932,1.209645,1.209125,1.20942,0.8268426187758512,0.0007347434820406118,3.182260353252835e-05,61.950720736113844
2021-02-19 06:00:00,1.20941,1.20997,1.20939,1.20954,1.074788762669804,0.0007420018527188876,3.126477936864333e-05,62.70502372537077
2021-02-19 07:00:00,1.20952,1.21136,1.2090649999999998,1.21096,11.891391953492334,0.0008525091020799014,0.00011341762298372568,70.22674854949472
2021-02-19 08:00:00,1.21095,1.2133850000000002,1.2108599999999998,1.21327,19.12187724084581,0.001113647156683717,0.0002996445420700329,77.99993901713154
2021-02-19 09:00:00,1.21328,1.2141600000000001,1.212745,1.21339,0.9065510676703656,0.0013151240124937846,0.0004008971183040804,78.31664299192833
2021-02-19 10:00:00,1.21339,1.2144149999999998,1.2128700000000001,1.21433,7.740894155624426,0.0015329748367038931,0.000494998354011351,80.66471541921389
2021-02-19 11:00:00,1.21434,1.21446,1.21334,1.21381,-4.36641649022433,0.0016447044016925094,0.0004853823351999738,75.77618968929269
2021-02-19 12:00:00,1.2138,1.2141950000000001,1.213215,1.21363,-1.4007564084605975,0.0016991397656953566,0.00043185415936225664,74.1021002322819
2021-02-19 13:00:00,1.21365,1.21427,1.2126199999999998,1.21308,-4.698783262439076,0.0016785504951486452,0.0003290119110524361,69.08013239702366
2021-02-19 14:00:00,1.21307,1.21325,1.21174,1.21259,-3.9584690620905327,0.0016042022006159673,0.0002037308932158065,64.86262362039315
2021-02-19 15:00:00,1.2126,1.213375,1.211885,1.21281,1.7315160659958566,0.0015452204632970812,0.00011579932471753626,65.8701321343667
2021-02-19 16:00:00,1.21281,1.21402,1.21229,1.21362,6.674247293221745,0.0015460157350464243,9.327567717350355e-05,69.35427760021483
2021-02-19 17:00:00,1.2136,1.213765,1.212215,1.2127,-7.421456254639424,0.0014556300848780346,2.312021604090886e-06,61.65551239016117
2021-02-19 18:00:00,1.21271,1.21277,1.2107800000000002,1.21111,-13.211021294515328,0.0012413891329243754,-0.0001695431442796547,51.098320227671344
2021-02-19 19:00:00,1.21111,1.2116699999999998,1.211045,1.21155,3.6317114440179603,0.0010944893656337218,-0.0002531543292562466,53.47256693249179
2021-02-19 20:00:00,1.21154,1.21197,1.211465,1.21168,1.1554205730888434,0.0009772945124499888,-0.00029627934595198384,54.18039658405156
2021-02-21 22:00:00,1.21157,1.21298,1.21157,1.21229,5.939172970164349,0.00026878472619173976,-0.0005668120576467284,54.180396584051564
2021-02-21 23:00:00,1.2123,1.21292,1.2115,1.21247,1.4020965467187105,0.0002632614100803732,-0.000457868299006476,76.16669015068905
2021-02-22 00:00:00,1.21248,1.213125,1.21208,1.21236,-0.9898050084125009,0.0002471589668582297,-0.0003791765937828955,57.88643145910188
2021-02-22 01:00:00,1.21236,1.213555,1.21235,1.21266,2.4739003512935773,0.0002556580900672234,-0.00029654197645912156,75.29858148935415
2021-02-22 02:00:00,1.21265,1.21292,1.21125,1.21203,-5.115384932716723,0.0002091470545182439,-0.0002744424096064809,38.91301171616889
2021-02-22 03:00:00,1.21201,1.21208,1.2116099999999999,1.21196,-0.4125548697985537,0.00016473929670057785,-0.00025508013393931757,36.78601276208043
2021-02-22 04:00:00,1.21199,1.212385,1.21194,1.21208,0.7425252458595597,0.0001376421725221011,-0.0002257418064942355,42.580314779527356
2021-02-22 05:00:00,1.21208,1.21231,1.211855,1.21203,-0.4125310429618534,0.00011085505617125513,-0.0002020231382760652,40.89816297161388
2021-02-22 06:00:00,1.21203,1.21244,1.211875,1.21195,-0.6600932381687195,8.222292733583991e-05,-0.00018452421368918433,38.29162091990556
2021-02-22 07:00:00,1.21193,1.211935,1.2105299999999999,1.21097,-7.927529170828755,-1.9323303829477112e-05,-0.00022885635588360112,20.801859932522532
2021-02-22 08:00:00,1.21096,1.2123650000000001,1.209125,1.21002,-7.768466636914603,-0.00017444558404378085,-0.0003071829088783239,14.085493271841287
2021-02-22 09:00:00,1.21003,1.21171,1.20977,1.21081,6.441968599532569,-0.00023097220718559797,-0.00029096762561611284,33.35559797327065
2021-02-22 10:00:00,1.21081,1.213525,1.210785,1.21293,17.47833757925125,-0.0001035104765165773,-0.00013080471595767372,59.56541600212804
2021-02-22 11:00:00,1.21292,1.214445,1.21261,1.21367,6.17960401097521,5.656364838380057e-05,2.3415527154163303e-05,64.7732115252411
2021-02-22 12:00:00,1.21366,1.21408,1.213155,1.21363,-0.2471923073751843,0.0001781423656315173,0.00011599539552150403,64.29119117722632
2021-02-22 13:00:00,1.21364,1.215435,1.212945,1.21475,9.137682650750726,0.0003607109632972616,0.00023885119454979866,70.83554192100809
2021-02-22 14:00:00,1.21476,1.2149549999999998,1.21291,1.2146,-1.317306109008398,0.00048767256017745453,0.00029265023314399325,69.01135360532034
2021-02-22 15:00:00,1.21459,1.21542,1.213375,1.21389,-5.766585110678439,0.0005249481980729165,0.0002639406968315642,61.00335575599618
2021-02-22 16:00:00,1.21389,1.2156500000000001,1.213525,1.2155,13.24557795146122,0.0006766034904630569,0.00033247679137736366,69.6138995797007
2021-02-22 17:00:00,1.21549,1.216765,1.215325,1.21654,8.631035559866469,0.0008706741213617697,0.0004212379378208611,73.65979491447362
2021-02-22 18:00:00,1.21653,1.21695,1.2163400000000002,1.21657,0.32879324658704395,0.001015194711138756,0.0004526068220782779,73.76829716776781
2021-02-22 19:00:00,1.21658,1.216915,1.216475,1.21674,1.3149892335251407,0.0011304151765063608,0.0004542618299567061,74.41154166039871
2021-02-22 20:00:00,1.21674,1.2167400000000002,1.215145,1.21516,-13.00240297573912,0.0010817655106092339,0.0003244897312476633,59.747269719710324
2021-02-22 21:00:00,1.21515,1.215875,1.215055,1.21557,3.4551691798916306,0.0010640284161245184,0.0002454021094103582,61.848360707444385
2021-02-22 22:00:00,1.21558,1.21645,1.215245,1.21607,4.02937330910128,0.001077892192056673,0.00020741270827401032,64.29594622941354
2021-02-22 23:00:00,1.21604,1.21671,1.21583,1.21642,3.1239210141237974,0.0011043906809828918,0.00018712895776018318,65.9430217318311
2021-02-23 00:00:00,1.21642,1.217285,1.2162250000000001,1.21707,5.340695276360763,0.0011644178084211365,0.0001977248681587422,68.81979079927356
2021-02-23 01:00:00,1.2171,1.217735,1.216395,1.21758,3.9422460947127576,0.0012388616511898043,0.00021773496874192785,70.89699068141226
2021-02-23 02:00:00,1.21759,1.21772,1.2168999999999999,1.217,-4.847986852915928,0.001236800711465147,0.00017253922321381634,65.54880423640103
2021-02-23 03:00:00,1.21701,1.2170800000000002,1.216465,1.2167,-2.5478754006742212,0.0011971597961655256,0.00010631864633135605,62.905510812973105
2021-02-23 04:00:00,1.2167,1.2172,1.216615,1.2172,4.107788366744717,0.0011923452921995814,8.120331389232941e-05,65.40916896784432
2021-02-23 05:00:00,1.21719,1.2172749999999999,1.21691,1.21701,-1.4790346833638919,0.0011598285692384636,3.8949272744969116e-05,63.65108455373434
2021-02-23 06:00:00,1.21701,1.217165,1.21627,1.21705,0.3286635717516947,0.0011243259678386242,2.7573370761037243e-06,63.87124795534883
2021-02-23 07:00:00,1.21706,1.2180149999999998,1.216815,1.217,-0.49301561216063255,0.001079709103860571,-3.348762152155949e-05,63.354680465185815
2021-02-23 08:00:00,1.217,1.2173699999999998,1.2154,1.2159,-9.04679661156428,0.0009446992063977255,-0.0001347980151875242,53.16708122987736
2021-02-23 09:00:00,1.2159,1.2159,1.214525,1.2149,-8.231130134166515,0.0007483843385123201,-0.0002648903064583438,45.935495330025006
2021-02-23 10:00:00,1.2149,1.2154500000000001,1.214375,1.21469,-1.7288361639598866,0.0005692956603853272,-0.0003551831876682694,44.564659947819294
2021-02-23 11:00:00,1.2147,1.21558,1.21433,1.21538,5.594957955536655,0.00047753905318748124,-0.00035755183589289234,49.85935880730051
2021-02-23 12:00:00,1.21537,1.215805,1.213535,1.21426,-9.14137005254366,0.0003108632036370462,-0.00041938214835466193,42.725910899661784
2021-02-23 13:00:00,1.21425,1.215095,1.2140049999999998,1.21493,5.597030281580123,0.00023018140465991266,-0.00040005115786543634,47.559411992141875
2021-02-23 14:00:00,1.21493,1.2153800000000001,1.21354,1.21424,-5.682566873106465,0.00010930328404090695,-0.0004167434227875537,43.4889686837071
2021-02-23 15:00:00,1.21423,1.21665,1.213685,1.21595,14.145318475267615,0.0001497628387234773,-0.0003010270944839867,53.99703413110888
2021-02-23 16:00:00,1.21595,1.21664,1.21417,1.21417,-14.660220562195697,3.776091901652734e-05,-0.0003304232113527493,44.682953682107986
2021-02-23 17:00:00,1.21416,1.21503,1.2141199999999999,1.21462,3.7871927022453686,-1.4522760742652352e-05,-0.00030616551288954323,47.16423100340102
2021-02-23 18:00:00,1.21461,1.21551,1.21452,1.21534,6.00654960751822,2.1156412777223466e-06,-0.00023162168869533483,50.95490608164456
2021-02-23 19:00:00,1.21534,1.21577,1.21429,1.21442,-7.5756328123716,-5.826299692590631e-05,-0.0002336002615191708,46.37638292674084
2021-02-23 20:00:00,1.21441,1.21505,1.21418,1.21473,2.6343302626929272,-8.017488729139544e-05,-0.00020440972150772795,48.0696263851236
2021-02-23 21:00:00,1.21474,1.215035,1.214305,1.21498,1.97534115787929,-7.648562889084332e-05,-0.00016057637048574067,49.45573786526284
2021-02-23 22:00:00,1.21493,1.21544,1.2147700000000001,1.21491,-0.16462124766551453,-7.830759876048532e-05,-0.00012991867228430613,49.06086740100614
2021-02-23 23:00:00,1.21491,1.2155049999999998,1.2142950000000001,1.2151,1.563657312156485,-6.368597858696923e-05,-9.223764168863203e-05,50.222611086740045
2021-02-24 00:00:00,1.21509,1.215815,1.2149299999999998,1.2155,3.373097490744726,-1.959569521936544e-05,-3.85178866568226e-05,52.669910867714734
2021-02-24 01:00:00,1.21551,1.216625,1.2147549999999998,1.21584,2.7141729174886615,4.2293793974357285e-05,1.86972820295201e-05,54.70825596373597
2021-02-24 02:00:00,1.21585,1.2162250000000001,1.2151299999999998,1.21558,-2.2211619144769776,6.95599887106102e-05,3.677078141261841e-05,52.834399669162174
2021-02-24 03:00:00,1.21558,1.21571,1.2150400000000001,1.21521,-3.044741238141585,6.061401605417238e-05,2.2259847004944472e-05,50.19931679931391
2021-02-24 04:00:00,1.21522,1.215245,1.21476,1.21487,-2.8809666877943525,2.579179797801423e-05,-1.0049896856970943e-05,47.83821691098668
2021-02-24 05:00:00,1.21486,1.214885,1.214555,1.21481,-0.41158699714445485,-6.570815021644805e-06,-3.3930007885303984e-05,47.41439463353347
2021-02-24 06:00:00,1.21481,1.2157499999999999,1.21442,1.21571,7.40308132696221,3.994361428083515e-05,1.0067537133740776e-05,53.99796900413178
2021-02-24 07:00:00,1.21571,1.21607,1.21528,1.21554,-1.398555374566065,6.237009177678665e-05,2.5995211703753822e-05,52.65692973164617
2021-02-24 08:00:00,1.21555,1.2174749999999999,1.215225,1.21684,10.60122941389183,0.00018293362723031947,0.0001172469977258293,60.6956021720519
2021-02-24 09:00:00,1.21683,1.21745,1.21589,1.2163,-4.357477595988995,0.000232230600850869,0.00013323517707710306,56.41085054769539
2021-02-24 10:00:00,1.2163,1.2165300000000001,1.21499,1.21583,-3.865672010066954,0.00023071420581466384,0.00010537502563271833,52.90983819957788
2021-02-24 11:00:00,1.2158,1.2169699999999999,1.215605,1.21635,4.521724832491063,0.00026837840678850533,0.00011443138128524786,56.15225212215786
2021-02-24 12:00:00,1.21633,1.2172450000000001,1.215395,1.21557,-6.252210896944412,0.00023260673055114367,6.292776403830894e-05,50.53170995950059
2021-02-24 13:00:00,1.21557,1.2157499999999999,1.2123249999999999,1.21334,-18.3790198954947,2.4037961640965833e-05,-0.00011651280389749513,38.627458146485274
2021-02-24 14:00:00,1.21334,1.21388,1.2128800000000002,1.21324,-0.8242392271932097,-0.00014762176285154638,-0.00023053802271200588,38.19294682296843
2021-02-24 15:00:00,1.21324,1.2135,1.210895,1.21223,-8.33175222523925,-0.00036100050126774974,-0.0003551334089025674,34.02938407789739
2021-02-24 16:00:00,1.21224,1.214315,1.21211,1.21418,15.97786160206932,-0.0003685080541433461,-0.000290112769422531,46.21942830210195
2021-02-24 17:00:00,1.21419,1.21468,1.2140049999999998,1.21419,0.0,-0.0003693927972323596,-0.00023279801000923562,46.27425439097919
2021-02-24 18:00:00,1.21419,1.21496,1.2139250000000001,1.21449,2.470172665069016,-0.000341944743558642,-0.0001642799650684144,47.987331550355414
2021-02-24 19:00:00,1.21447,1.2150850000000002,1.214285,1.2148,2.7164965426421097,-0.00029181370727804357,-9.131914303025273e-05,49.76965197106263
2021-02-24 20:00:00,1.21479,1.2168999999999999,1.214725,1.21662,15.041672831286665,-0.00010402655683261486,7.71744059321408e-05,58.714425640128944
2021-02-24 21:00:00,1.21663,1.2174550000000002,1.2162199999999999,1.21676,1.068411190374137,5.545370698434304e-05,0.00018932373579927899,59.31460769735675
2021-02-24 22:00:00,1.21701,1.2172450000000001,1.2161,1.21656,-3.698954428880116,0.00016381626459627263,0.00023814903472896685,58.01704916886027
2021-02-24 23:00:00,1.21657,1.217125,1.21648,1.21696,3.204706810413756,0.00027875768421115055,0.0002824723634750758,59.90616078138169
2021-02-25 00:00:00,1.21697,1.21699,1.215975,1.21624,-6.002104847728404,0.0003081988798159241,0.0002495308472638795,55.10004937242912
2021-02-25 01:00:00,1.21625,1.216465,1.2156850000000001,1.21576,-4.0304007369883985,0.0002894625073717183,0.00018463557985573894,52.099182827368
2021-02-25 02:00:00,1.21575,1.2163249999999999,1.215605,1.21601,2.138140311345523,0.00029142731520170884,0.00014928031014858358,53.519067213547764
2021-02-25 03:00:00,1.216,1.2169699999999999,1.216,1.21688,7.2316087042271375,0.00035904729495239707,0.00017352023191941746,58.16635623048213
2021-02-25 04:00:00,1.21691,1.21774,1.21675,1.21764,5.995203836931436,0.0004685609851278194,0.00022642713767587183,61.76292624478282
2021-02-25 05:00:00,1.21765,1.21829,1.21763,1.21778,1.0675163001542602,0.0005601906741810048,0.00025444546138324574,62.404138759521466
2021-02-25 06:00:00,1.21779,1.2181950000000001,1.2174099999999999,1.21813,2.7911635047163026,0.0006535166052150654,0.0002782171139338451,64.02820644659036
2021-02-25 07:00:00,1.21812,1.21887,1.21677,1.21873,5.0052103419132985,0.0007670509773334278,0.00031340118884176594,66.68507923984181
2021-02-25 08:00:00,1.21874,1.220855,1.21871,1.22085,17.28304050456695,0.0010163778959177971,0.0004501824859409082,73.99397724567794
2021-02-25 09:00:00,1.22084,1.2222849999999998,1.220405,1.22201,9.57438973494583,0.0012926724572486226,0.0005811816378173869,76.97107802741934
2021-02-25 10:00:00,1.222,1.223585,1.2218149999999999,1.2228,6.542361792608226,0.0015574311881230152,0.0006767522949534235,78.75482669662772
2021-02-25 11:00:00,1.22281,1.223785,1.222325,1.22296,1.2265323477472239,0.0017598782714223216,0.000703359502602184,79.10778397050578
2021-02-25 12:00:00,1.22296,1.2236850000000001,1.22242,1.22258,-3.108181059726537,0.0018681216754725671,0.0006492823253219436,75.883327473209
2021-02-25 13:00:00,1.2226,1.22344,1.221135,1.22123,-11.218198046231024,0.0018239463176714654,0.00048408557401667337,65.64612579824927
2021-02-25 14:00:00,1.22124,1.2243,1.22089,1.22412,23.527105185766047,0.0019990915921273,0.0005273846787780063,73.7960048076831
2021-02-25 15:00:00,1.22415,1.22432,1.22179,1.22233,-14.889596099254334,0.0019707399798960523,0.00039922645323740695,63.71393419910215
2021-02-25 16:00:00,1.22232,1.2233100000000001,1.221625,1.22291,4.82455781700917,0.001972336409288955,0.00032065830610424756,65.3650992135197
2021-02-25 17:00:00,1.2229,1.22386,1.221165,1.22125,-13.510747185262243,0.0018186887524396234,0.00013360851940393253,57.325032023649506
2021-02-25 18:00:00,1.22126,1.22138,1.2160350000000002,1.21803,-26.51823025705497,0.0014207176394958054,-0.0002114900748319084,45.60650529110164
2021-02-25 19:00:00,1.21801,1.21932,1.21747,1.21857,4.595550522332685,0.0011358033186479322,-0.0003971235165438254,47.54316520176716
2021-02-25 20:00:00,1.21856,1.21872,1.21627,1.21632,-18.41620626151029,0.0007201490408479394,-0.0006502222354750546,40.993815450993246
2021-02-25 21:00:00,1.21631,1.21787,1.216285,1.21711,6.5729473917715895,0.0004493070962372503,-0.000736851344068595,43.91517311988005
2021-02-25 22:00:00,1.21718,1.2184249999999999,1.213675,1.21827,8.947113529841788,0.00032452429523210924,-0.000689307316058989,47.987220673977944
2021-02-25 23:00:00,1.21828,1.21834,1.21579,1.2158,-20.39809179141337,2.6024672846292063e-05,-0.000790245550755845,41.13809301904993
2021-02-26 00:00:00,1.21579,1.21672,1.21368,1.21576,-0.24675922879494713,-0.0002113300133288476,-0.0008220801895447877,41.035946906215315
2021-02-26 01:00:00,1.21574,1.216525,1.21511,1.2164,5.425846760932941,-0.0003438292117474706,-0.0007636635103707286,43.45516646115191
2021-02-26 02:00:00,1.21639,1.218275,1.216215,1.21724,6.983010745621384,-0.00037671229641422777,-0.0006372372760299886,46.55459969486229
2021-02-26 03:00:00,1.21724,1.21757,1.215955,1.21596,-10.526662061253413,-0.0005002906414222075,-0.0006086524968303747,42.71257236278285
2021-02-26 04:00:00,1.21598,1.2161300000000002,1.214515,1.2155,-3.9489921842865976,-0.0006281051209420241,-0.000589173581080153,41.390571254555866
2021-02-26 05:00:00,1.21549,1.215975,1.214925,1.2154,-0.7404969557341079,-0.0007290639852846059,-0.0005521059563381879,41.092809593058796
2021-02-26 06:00:00,1.21539,1.2159499999999999,1.2147199999999998,1.21548,0.7404482179873259,-0.0007934726227576405,-0.000493211675048978,41.45565944281576
2021-02-26 07:00:00,1.21547,1.215525,1.21289,1.21346,-16.56420483575946,-0.0009960324085525052,-0.000556617168675074,35.50817803945071
2021-02-26 08:00:00,1.21345,1.2159499999999999,1.213345,1.21495,12.346187085888776,-0.0010245218998898853,-0.0004680853280099633,42.1060247094241
2021-02-26 09:00:00,1.21495,1.21509,1.212275,1.21252,-20.040906541747205,-0.0012290134170356293,-0.0005380614761245658,35.69271960956716
2021-02-26 10:00:00,1.21253,1.212925,1.2113749999999999,1.2114,-9.32805018986359,-0.001464566447084037,-0.0006188916049383788,33.18394252010778
2021-02-26 11:00:00,1.21141,1.212395,1.2092749999999999,1.2107,-5.864375980837436,-0.0016882667817703645,-0.0006740735516997652,31.684947707032094
2021-02-26 12:00:00,1.2107,1.212205,1.2103199999999998,1.21148,6.438405916728142,-0.0017820688470460144,-0.0006143004935803319,35.197671520615586
2021-02-26 13:00:00,1.21149,1.212515,1.210565,1.21235,7.093661071473443,-0.0017658503073381127,-0.0004784655630979441,38.967307898651406
2021-02-26 14:00:00,1.21235,1.2137850000000001,1.2116099999999999,1.21247,0.9897152094476397,-0.0017234471744349555,-0.0003488499441558295,39.49016318954087
2021-02-26 15:00:00,1.21249,1.214145,1.21092,1.21388,11.450884766204256,-0.0015581062905429821,-0.0001468072482110846,45.40809282458395
2021-02-26 16:00:00,1.21386,1.2140149999999998,1.209025,1.20917,-38.78693649362671,-0.0017865360106783523,-0.0003001895746771639,33.590142916260106
2021-02-26 17:00:00,1.20916,1.2094200000000002,1.207355,1.208,-9.60264900662293,-0.0020384791132270763,-0.00044170614178071005,31.403694361801683
2021-02-26 18:00:00,1.208,1.208655,1.2071749999999999,1.20831,2.565566783358844,-0.002187910556953332,-0.00047291006840557244,32.65451888379077
2021-02-26 19:00:00,1.2083,1.20902,1.20766,1.20777,-4.388252730237706,-0.0023231299438390973,-0.0004865035642330701,31.574457816971787
2021-02-26 20:00:00,1.20778,1.2079400000000002,1.20649,1.20656,-10.111391062193333,-0.002499120860130155,-0.0005299955844193021,29.240633836084697
2021-02-28 22:00:00,1.2071,1.207905,1.20695,1.20761,4.223217760700975,-0.0011450355578523919,0.0010832606774724613,29.240633836084697
2021-02-28 23:00:00,1.20755,1.2092,1.207185,1.20905,12.406434804185574,-0.0009456688006461711,0.0010261019477429455,85.4175705562345
