,Unnamed: 0,Time,Open,High,Low,Close,WL,macd,macd_d,rsi,Target,wlTarget,Open_1H,High_1H,Low_1H,Close_1H,WL_1H,macd_1H,macd_d_1H,rsi_1H,Target_1H,wlTarget_1H,Open_1D,High_1D,Low_1D,Close_1D,WL_1D,macd_1D,macd_d_1D,rsi_1D,Target_1D,wlTarget_1D,Reward-Long,Reward-Short
0,0,2016-02-16 00:00:00,1.11761,1.117695,1.1169600000000002,1.11755,-0.5368887298102902,0.00041807224127188286,8.64590292134331e-05,78.26941536521977,0,-2.148217167671981,1.11761,1.1179350000000001,1.1158299999999999,1.11735,-2.3269342641063853,-0.001608786989300892,0.00032592408471579146,43.85357799094361,2.0,-20.170124286199968,1.11761,1.11932,1.112425,1.1143299999999998,-29.43472759415927,0.009973712007123936,-0.0004737116015917156,62.89603919650575,2.0,-12.169974546386438,0.0,0.0
1,1,2016-02-16 00:05:00,1.11754,1.1179350000000001,1.1174049999999998,1.1176700000000002,1.163134019880318,0.000453442412008398,9.746335995995849e-05,79.47771482098747,2,-7.071725792487925,1.11761,1.1179350000000001,1.1158299999999999,1.11735,-2.3269342641063853,-0.001608786989300892,0.00032592408471579146,43.85357799094361,2.0,-20.170124286199968,1.11761,1.11932,1.112425,1.1143299999999998,-29.43472759415927,0.009973712007123936,-0.0004737116015917156,62.89603919650575,2.0,-12.169974546386438,0.0,0.0
2,2,2016-02-16 00:10:00,1.11768,1.11776,1.117255,1.1173799999999998,-2.6848520646509417,0.0004528527462093201,7.749895532870455e-05,69.43031388060288,2,-6.088269768060782,1.11761,1.1179350000000001,1.1158299999999999,1.11735,-2.3269342641063853,-0.001608786989300892,0.00032592408471579146,43.85357799094361,2.0,-20.170124286199968,1.11761,1.11932,1.112425,1.1143299999999998,-29.43472759415927,0.009973712007123936,-0.0004737116015917156,62.89603919650575,2.0,-12.169974546386438,0.0,0.0
3,3,2016-02-16 00:15:00,1.11739,1.1175700000000002,1.117305,1.11732,-0.6264991229013576,0.0004424437174923579,5.367194128939385e-05,67.52822148608911,2,-10.389247150055995,1.11761,1.1179350000000001,1.1158299999999999,1.11735,-2.3269342641063853,-0.001608786989300892,0.00032592408471579146,43.85357799094361,2.0,-20.170124286199968,1.11761,1.11932,1.112425,1.1143299999999998,-29.43472759415927,0.009973712007123936,-0.0004737116015917156,62.89603919650575,2.0,-12.169974546386438,0.0,0.0
4,4,2016-02-16 00:20:00,1.11733,1.117325,1.11675,1.11691,-3.7603746049356253,0.00039653984920984264,6.214458405502839e-06,56.1983857977406,2,-5.464342343477816,1.11761,1.1179350000000001,1.1158299999999999,1.11735,-2.3269342641063853,-0.001608786989300892,0.00032592408471579146,43.85357799094361,2.0,-20.170124286199968,1.11761,1.11932,1.112425,1.1143299999999998,-29.43472759415927,0.009973712007123936,-0.0004737116015917156,62.89603919650575,2.0,-12.169974546386438,0.0,0.0
5,5,2016-02-16 00:25:00,1.11692,1.116935,1.116655,1.11673,-1.7013960402238004,0.0003416973330432338,-3.8902446208884784e-05,52.06807129366211,2,-6.899259432755525,1.11761,1.1179350000000001,1.1158299999999999,1.11735,-2.3269342641063853,-0.001608786989300892,0.00032592408471579146,43.85357799094361,2.0,-20.170124286199968,1.11761,1.11932,1.112425,1.1143299999999998,-29.43472759415927,0.009973712007123936,-0.0004737116015917156,62.89603919650575,2.0,-12.169974546386438,0.0,0.0
6,6,2016-02-16 00:30:00,1.11674,1.11683,1.11617,1.11619,-4.927476504896572,0.00025175863994331143,-0.00010307291144704576,42.077038499903885,0,-0.0007216905710707433,1.11761,1.1179350000000001,1.1158299999999999,1.11735,-2.3269342641063853,-0.001608786989300892,0.00032592408471579146,43.85357799094361,2.0,-20.170124286199968,1.11761,1.11932,1.112425,1.1143299999999998,-29.43472759415927,0.009973712007123936,-0.0004737116015917156,62.89603919650575,2.0,-12.169974546386438,0.0,0.0
7,7,2016-02-16 00:35:00,1.1162,1.116375,1.116115,1.1163299999999998,1.1645302016425565,0.00018959289874054266,-0.00013219092211985163,45.02243234223493,2,2.8648755493724654,1.11761,1.1179350000000001,1.1158299999999999,1.11735,-2.3269342641063853,-0.001608786989300892,0.00032592408471579146,43.85357799094361,2.0,-20.170124286199968,1.11761,1.11932,1.112425,1.1143299999999998,-29.43472759415927,0.009973712007123936,-0.0004737116015917156,62.89603919650575,2.0,-12.169974546386438,0.0,0.0
8,8,2016-02-16 00:40:00,1.11631,1.11639,1.115885,1.11596,-3.136313129501509,0.00010921127359608819,-0.00017005803781144484,39.330262696842645,1,11.46053445235587,1.11761,1.1179350000000001,1.1158299999999999,1.11735,-2.3269342641063853,-0.001608786989300892,0.00032592408471579146,43.85357799094361,2.0,-20.170124286199968,1.11761,1.11932,1.112425,1.1143299999999998,-29.43472759415927,0.009973712007123936,-0.0004737116015917156,62.89603919650575,2.0,-12.169974546386438,0.0,0.0
9,9,2016-02-16 00:45:00,1.11593,1.116335,1.1158299999999999,1.11615,1.971061237287882,6.014633909701139e-05,-0.0001752983778484173,43.29493497345509,1,5.102173105832256,1.11761,1.1179350000000001,1.1158299999999999,1.11735,-2.3269342641063853,-0.001608786989300892,0.00032592408471579146,43.85357799094361,2.0,-20.170124286199968,1.11761,1.11932,1.112425,1.1143299999999998,-29.43472759415927,0.009973712007123936,-0.0004737116015917156,62.89603919650575,2.0,-12.169974546386438,0.0,0.0
10,10,2016-02-16 00:50:00,1.11614,1.116835,1.116075,1.11659,4.030127441586092,5.611943783323525e-05,-0.00014346022328975478,51.241340045847714,1,4.1153137761668885,1.11761,1.1179350000000001,1.1158299999999999,1.11735,-2.3269342641063853,-0.001608786989300892,0.00032592408471579146,43.85357799094361,2.0,-20.170124286199968,1.11761,1.11932,1.112425,1.1143299999999998,-29.43472759415927,0.009973712007123936,-0.0004737116015917156,62.89603919650575,2.0,-12.169974546386438,0.0,0.0
11,11,2016-02-16 00:55:00,1.11674,1.11737,1.11646,1.11735,5.4593457734818935,0.000112951701084274,-6.930236803097288e-05,61.32327955613118,2,-0.3595421867860439,1.11761,1.1179350000000001,1.1158299999999999,1.11735,-2.3269342641063853,-0.001608786989300892,0.00032592408471579146,43.85357799094361,2.0,-20.170124286199968,1.11761,1.11932,1.112425,1.1143299999999998,-29.43472759415927,0.009973712007123936,-0.0004737116015917156,62.89603919650575,2.0,-12.169974546386438,0.0,0.0
12,12,2016-02-16 01:00:00,1.11735,1.117455,1.116285,1.11686,-4.387300109235728,0.000117102885100584,-5.212094721173031e-05,53.624486534185216,1,10.109884520126078,1.11735,1.118375,1.116285,1.1176,2.2369362920531626,-0.001421241507186366,0.000410775653464254,45.575901538348035,2.0,-21.33103970344708,1.11761,1.11932,1.112425,1.1143299999999998,-29.43472759415927,0.009973712007123936,-0.0004737116015917156,62.89603919650575,2.0,-12.169974546386438,0.0,0.0
13,13,2016-02-16 01:05:00,1.11688,1.117325,1.116835,1.11722,3.0432681119207223,0.00014773868015516276,-1.7188121725721203e-05,57.81481733599418,1,5.4563680721280186,1.11735,1.118375,1.116285,1.1176,2.2369362920531626,-0.001421241507186366,0.000410775653464254,45.575901538348035,2.0,-21.33103970344708,1.11761,1.11932,1.112425,1.1143299999999998,-29.43472759415927,0.009973712007123936,-0.0004737116015917156,62.89603919650575,2.0,-12.169974546386438,0.0,0.0
14,14,2016-02-16 01:10:00,1.11722,1.1174400000000002,1.11702,1.11733,0.9844898105289616,0.00017883238077986976,1.1124463119188583e-05,59.032880676879024,1,2.5929190260666544,1.11735,1.118375,1.116285,1.1176,2.2369362920531626,-0.001421241507186366,0.000410775653464254,45.575901538348035,2.0,-21.33103970344708,1.11761,1.11932,1.112425,1.1143299999999998,-29.43472759415927,0.009973712007123936,-0.0004737116015917156,62.89603919650575,2.0,-12.169974546386438,0.0,0.0
15,15,2016-02-16 01:15:00,1.11735,1.11805,1.117225,1.11803,6.082126597676394,0.00025699602222895024,7.143048365461526e-05,65.80028941602333,2,-3.041852335763115,1.11735,1.118375,1.116285,1.1176,2.2369362920531626,-0.001421241507186366,0.000410775653464254,45.575901538348035,2.0,-21.33103970344708,1.11761,1.11932,1.112425,1.1143299999999998,-29.43472759415927,0.009973712007123936,-0.0004737116015917156,62.89603919650575,2.0,-12.169974546386438,0.0,0.0
16,16,2016-02-16 01:20:00,1.11802,1.118375,1.11784,1.11784,-1.6102483360773368,0.00030014991769777843,9.166750329875477e-05,62.769365970073345,0,-2.684366789051872,1.11735,1.118375,1.116285,1.1176,2.2369362920531626,-0.001421241507186366,0.000410775653464254,45.575901538348035,2.0,-21.33103970344708,1.11761,1.11932,1.112425,1.1143299999999998,-29.43472759415927,0.009973712007123936,-0.0004737116015917156,62.89603919650575,2.0,-12.169974546386438,0.0,0.0
17,17,2016-02-16 01:25:00,1.11785,1.118005,1.117495,1.11764,-1.878959235532403,0.00031458502192349686,8.488208601957855e-05,59.6544176073449,0,-2.4163764618201555,1.11735,1.118375,1.116285,1.1176,2.2369362920531626,-0.001421241507186366,0.000410775653464254,45.575901538348035,2.0,-21.33103970344708,1.11761,1.11932,1.112425,1.1143299999999998,-29.43472759415927,0.009973712007123936,-0.0004737116015917156,62.89603919650575,2.0,-12.169974546386438,0.0,0.0
18,18,2016-02-16 01:30:00,1.11763,1.11785,1.1175450000000002,1.11768,0.4473552358466244,0.00032550044521229005,7.66380074466973e-05,60.08109186612784,0,-0.8951396883597338,1.11735,1.118375,1.116285,1.1176,2.2369362920531626,-0.001421241507186366,0.000410775653464254,45.575901538348035,2.0,-21.33103970344708,1.11761,1.11932,1.112425,1.1143299999999998,-29.43472759415927,0.009973712007123936,-0.0004737116015917156,62.89603919650575,2.0,-12.169974546386438,0.0,0.0
19,19,2016-02-16 01:35:00,1.1176700000000002,1.117715,1.117345,1.11753,-1.252762789366093,0.00031837719627647587,5.5611806808706493e-05,57.62020741546383,0,-1.1637794531600774,1.11735,1.118375,1.116285,1.1176,2.2369362920531626,-0.001421241507186366,0.000410775653464254,45.575901538348035,2.0,-21.33103970344708,1.11761,1.11932,1.112425,1.1143299999999998,-29.43472759415927,0.009973712007123936,-0.0004737116015917156,62.89603919650575,2.0,-12.169974546386438,0.0,0.0
20,20,2016-02-16 01:40:00,1.11752,1.117725,1.117135,1.11734,-1.6109689083006873,0.00029401137792217646,2.4996790763525626e-05,54.57116373511964,0,2.32621594046471,1.11735,1.118375,1.116285,1.1176,2.2369362920531626,-0.001421241507186366,0.000410775653464254,45.575901538348035,2.0,-21.33103970344708,1.11761,1.11932,1.112425,1.1143299999999998,-29.43472759415927,0.009973712007123936,-0.0004737116015917156,62.89603919650575,2.0,-12.169974546386438,0.0,0.0
21,21,2016-02-16 01:45:00,1.11733,1.11756,1.117275,1.11755,1.9685920093070464,0.00028832292903557816,1.5446673501541878e-05,57.262968507714966,0,-1.6112675829188992,1.11735,1.118375,1.116285,1.1176,2.2369362920531626,-0.001421241507186366,0.000410775653464254,45.575901538348035,2.0,-21.33103970344708,1.11761,1.11932,1.112425,1.1143299999999998,-29.43472759415927,0.009973712007123936,-0.0004737116015917156,62.89603919650575,2.0,-12.169974546386438,0.0,0.0
22,22,2016-02-16 01:50:00,1.11756,1.117665,1.117325,1.11739,-1.5214025541664369,0.0002678169029388666,-4.047482076135762e-06,54.60803372407669,0,2.7732084806607684,1.11735,1.118375,1.116285,1.1176,2.2369362920531626,-0.001421241507186366,0.000410775653464254,45.575901538348035,2.0,-21.33103970344708,1.11761,1.11932,1.112425,1.1143299999999998,-29.43472759415927,0.009973712007123936,-0.0004737116015917156,62.89603919650575,2.0,-12.169974546386438,0.0,0.0
23,23,2016-02-16 01:55:00,1.11739,1.117645,1.1172,1.1176,1.8790264853241003,0.0002654510203510263,-5.1306917311809055e-06,57.3997793441766,0,-1.7011750004919797,1.11735,1.118375,1.116285,1.1176,2.2369362920531626,-0.001421241507186366,0.000410775653464254,45.575901538348035,2.0,-21.33103970344708,1.11761,1.11932,1.112425,1.1143299999999998,-29.43472759415927,0.009973712007123936,-0.0004737116015917156,62.89603919650575,2.0,-12.169974546386438,0.0,0.0
24,24,2016-02-16 02:00:00,1.1176,1.117705,1.117065,1.1173799999999998,-1.9688915140765624,0.00024302246823393325,-2.204739507861916e-05,53.67534949948024,0,1.5205129341664978,1.1176,1.117775,1.11612,1.11646,-10.210844992206788,-0.0013490478501771985,0.00038637544837873735,39.609153001587785,2.0,-9.416800474090751,1.11761,1.11932,1.112425,1.1143299999999998,-29.43472759415927,0.009973712007123936,-0.0004737116015917156,62.89603919650575,2.0,-12.169974546386438,0.0,0.0
25,25,2016-02-16 02:05:00,1.11736,1.117775,1.117365,1.11768,2.8630735094132307,0.00024661237790613017,-1.4765988325137792e-05,57.705461561022226,2,-4.027869251480758,1.1176,1.117775,1.11612,1.11646,-10.210844992206788,-0.0013490478501771985,0.00038637544837873735,39.609153001587785,2.0,-9.416800474090751,1.11761,1.11932,1.112425,1.1143299999999998,-29.43472759415927,0.009973712007123936,-0.0004737116015917156,62.89603919650575,2.0,-12.169974546386438,0.0,0.0
26,26,2016-02-16 02:10:00,1.1176700000000002,1.117675,1.11734,1.1173799999999998,-2.5953569958286478,0.00022268296379834848,-3.095632194633559e-05,52.76221083034786,0,-2.8648563763265464,1.1176,1.117775,1.11612,1.11646,-10.210844992206788,-0.0013490478501771985,0.00038637544837873735,39.609153001587785,2.0,-9.416800474090751,1.11761,1.11932,1.112425,1.1143299999999998,-29.43472759415927,0.009973712007123936,-0.0004737116015917156,62.89603919650575,2.0,-12.169974546386438,0.0,0.0
27,27,2016-02-16 02:15:00,1.11736,1.117675,1.117225,1.1175,1.2527964205819149,0.00021096979931156667,-3.413558914649393e-05,54.44330710052578,2,-6.0875139217001415,1.1176,1.117775,1.11612,1.11646,-10.210844992206788,-0.0013490478501771985,0.00038637544837873735,39.609153001587785,2.0,-9.416800474090751,1.11761,1.11932,1.112425,1.1143299999999998,-29.43472759415927,0.009973712007123936,-0.0004737116015917156,62.89603919650575,2.0,-12.169974546386438,0.0,0.0
28,28,2016-02-16 02:20:00,1.11749,1.117495,1.117165,1.11719,-2.685308676234025,0.000174659259621901,-5.6356903068927723e-05,49.538612291286185,2,-6.537085716950799,1.1176,1.117775,1.11612,1.11646,-10.210844992206788,-0.0013490478501771985,0.00038637544837873735,39.609153001587785,2.0,-9.416800474090751,1.11761,1.11932,1.112425,1.1143299999999998,-29.43472759415927,0.009973712007123936,-0.0004737116015917156,62.89603919650575,2.0,-12.169974546386438,0.0,0.0
29,29,2016-02-16 02:25:00,1.11721,1.11732,1.11693,1.11705,-1.4323441206744367,0.00013305232100901954,-7.837107334544735e-05,47.459207694561,2,-5.821330632462836,1.1176,1.117775,1.11612,1.11646,-10.210844992206788,-0.0013490478501771985,0.00038637544837873735,39.609153001587785,2.0,-9.416800474090751,1.11761,1.11932,1.112425,1.1143299999999998,-29.43472759415927,0.009973712007123936,-0.0004737116015917156,62.89603919650575,2.0,-12.169974546386438,0.0,0.0
30,30,2016-02-16 02:30:00,1.11705,1.11707,1.116695,1.11683,-1.9698611247916784,8.138816886482657e-05,-0.00010402818039171228,44.311523363283044,2,-5.464069287283139,1.1176,1.117775,1.11612,1.11646,-10.210844992206788,-0.0013490478501771985,0.00038637544837873735,39.609153001587785,2.0,-9.416800474090751,1.11761,1.11932,1.112425,1.1143299999999998,-29.43472759415927,0.009973712007123936,-0.0004737116015917156,62.89603919650575,2.0,-12.169974546386438,0.0,0.0
31,31,2016-02-16 02:35:00,1.11682,1.116825,1.116365,1.11647,-3.134880471484683,1.126510756832566e-05,-0.00013932099335057057,39.674429542965065,0,-0.8064234739376053,1.1176,1.117775,1.11612,1.11646,-10.210844992206788,-0.0013490478501771985,0.00038637544837873735,39.609153001587785,2.0,-9.416800474090751,1.11761,1.11932,1.112425,1.1143299999999998,-29.43472759415927,0.009973712007123936,-0.0004737116015917156,62.89603919650575,2.0,-12.169974546386438,0.0,0.0
32,32,2016-02-16 02:40:00,1.11648,1.1164900000000002,1.11612,1.1164,-0.7165890361864741,-4.938703569901115e-05,-0.00015997850929432592,38.82367156732985,0,0.7162849037382499,1.1176,1.117775,1.11612,1.11646,-10.210844992206788,-0.0013490478501771985,0.00038637544837873735,39.609153001587785,2.0,-9.416800474090751,1.11761,1.11932,1.112425,1.1143299999999998,-29.43472759415927,0.009973712007123936,-0.0004737116015917156,62.89603919650575,2.0,-12.169974546386438,0.0,0.0
33,33,2016-02-16 02:45:00,1.11639,1.116475,1.116215,1.11621,-1.6125997796119818,-0.0001115004011000842,-0.00017767349975631916,36.53370421454019,0,2.0601710156776103,1.1176,1.117775,1.11612,1.11646,-10.210844992206788,-0.0013490478501771985,0.00038637544837873735,39.609153001587785,2.0,-9.416800474090751,1.11761,1.11932,1.112425,1.1143299999999998,-29.43472759415927,0.009973712007123936,-0.0004737116015917156,62.89603919650575,2.0,-12.169974546386438,0.0,0.0
34,34,2016-02-16 02:50:00,1.11622,1.116485,1.116215,1.11639,1.5227653418608504,-0.00014453508452128006,-0.00016856654654201202,40.136177105136746,0,-2.5089982255802936,1.1176,1.117775,1.11612,1.11646,-10.210844992206788,-0.0013490478501771985,0.00038637544837873735,39.609153001587785,2.0,-9.416800474090751,1.11761,1.11932,1.112425,1.1143299999999998,-29.43472759415927,0.009973712007123936,-0.0004737116015917156,62.89603919650575,2.0,-12.169974546386438,0.0,0.0
35,35,2016-02-16 02:55:00,1.11637,1.116495,1.116305,1.11646,0.8061193414893814,-0.00016318578994223287,-0.00014977380157037186,41.52622236171594,2,-0.2696141632716915,1.1176,1.117775,1.11612,1.11646,-10.210844992206788,-0.0013490478501771985,0.00038637544837873735,39.609153001587785,2.0,-9.416800474090751,1.11761,1.11932,1.112425,1.1143299999999998,-29.43472759415927,0.009973712007123936,-0.0004737116015917156,62.89603919650575,2.0,-12.169974546386438,0.0,0.0
36,36,2016-02-16 03:00:00,1.11646,1.116485,1.11631,1.11643,-0.2687136676726216,-0.00017833166125558186,-0.00013193573830697666,41.08590556336518,2,-0.09047492747382256,1.11646,1.116485,1.1150950000000002,1.1151,-12.196215586046344,-0.001385602132005559,0.00027985693324030165,33.90619399333693,1.0,3.944770007342252,1.11761,1.11932,1.112425,1.1143299999999998,-29.43472759415927,0.009973712007123936,-0.0004737116015917156,62.89603919650575,2.0,-12.169974546386438,0.0,0.0
37,37,2016-02-16 03:05:00,1.11641,1.116475,1.11605,1.11607,-3.046403899397054,-0.00021688376372330792,-0.00013639027261976212,36.1344768574093,1,0.8056610843820806,1.11646,1.116485,1.1150950000000002,1.1151,-12.196215586046344,-0.001385602132005559,0.00027985693324030165,33.90619399333693,1.0,3.944770007342252,1.11761,1.11932,1.112425,1.1143299999999998,-29.43472759415927,0.009973712007123936,-0.0004737116015917156,62.89603919650575,2.0,-12.169974546386438,0.0,0.0
38,38,2016-02-16 03:10:00,1.11606,1.116415,1.1160549999999998,1.1164,3.045503403797984,-0.00021829200624079448,-0.000110238812109799,42.92467129348067,2,-3.4047168713869023,1.11646,1.116485,1.1150950000000002,1.1151,-12.196215586046344,-0.001385602132005559,0.00027985693324030165,33.90619399333693,1.0,3.944770007342252,1.11761,1.11932,1.112425,1.1143299999999998,-29.43472759415927,0.009973712007123936,-0.0004737116015917156,62.89603919650575,2.0,-12.169974546386438,0.0,0.0
39,39,2016-02-16 03:15:00,1.1164,1.116425,1.116155,1.11639,-0.08957443187475267,-0.0002177053927576722,-8.772175890134137e-05,42.776252391778065,2,-5.5557676635734285,1.11646,1.116485,1.1150950000000002,1.1151,-12.196215586046344,-0.001385602132005559,0.00027985693324030165,33.90619399333693,1.0,3.944770007342252,1.11761,1.11932,1.112425,1.1143299999999998,-29.43472759415927,0.009973712007123936,-0.0004737116015917156,62.89603919650575,2.0,-12.169974546386438,0.0,0.0
40,40,2016-02-16 03:20:00,1.11638,1.1163850000000002,1.116085,1.11614,-2.1502678875411507,-0.0002347078421054416,-8.37793665992886e-05,39.133300736640074,2,-4.212182695865239,1.11646,1.116485,1.1150950000000002,1.1151,-12.196215586046344,-0.001385602132005559,0.00027985693324030165,33.90619399333693,1.0,3.944770007342252,1.11761,1.11932,1.112425,1.1143299999999998,-29.43472759415927,0.009973712007123936,-0.0004737116015917156,62.89603919650575,2.0,-12.169974546386438,0.0,0.0
41,41,2016-02-16 03:25:00,1.1161299999999998,1.1162450000000002,1.116,1.116,-1.1648745519709989,-0.00025652220735383757,-8.447498547814767e-05,37.22160621803012,2,-6.005994128689853,1.11646,1.116485,1.1150950000000002,1.1151,-12.196215586046344,-0.001385602132005559,0.00027985693324030165,33.90619399333693,1.0,3.944770007342252,1.11761,1.11932,1.112425,1.1143299999999998,-29.43472759415927,0.009973712007123936,-0.0004737116015917156,62.89603919650575,2.0,-12.169974546386438,0.0,0.0
42,42,2016-02-16 03:30:00,1.11601,1.116035,1.115345,1.11576,-2.2406252240612803,-0.0002898352034050866,-9.423038522351736e-05,34.142431380604165,2,-0.4491246856490654,1.11646,1.116485,1.1150950000000002,1.1151,-12.196215586046344,-0.001385602132005559,0.00027985693324030165,33.90619399333693,1.0,3.944770007342252,1.11761,1.11932,1.112425,1.1143299999999998,-29.43472759415927,0.009973712007123936,-0.0004737116015917156,62.89603919650575,2.0,-12.169974546386438,0.0,0.0
43,43,2016-02-16 03:35:00,1.1157700000000002,1.1158549999999998,1.1155400000000002,1.11568,-0.8066829198329581,-0.0003190139301869621,-9.872728960431428e-05,33.157767627579275,0,-1.6146338573267969,1.11646,1.116485,1.1150950000000002,1.1151,-12.196215586046344,-0.001385602132005559,0.00027985693324030165,33.90619399333693,1.0,3.944770007342252,1.11761,1.11932,1.112425,1.1143299999999998,-29.43472759415927,0.009973712007123936,-0.0004737116015917156,62.89603919650575,2.0,-12.169974546386438,0.0,0.0
44,44,2016-02-16 03:40:00,1.11569,1.11571,1.11529,1.11536,-2.958685984795613,-0.0003637663351563346,-0.0001147837556589495,29.493670295174926,1,-2.3327481595011546,1.11646,1.116485,1.1150950000000002,1.1151,-12.196215586046344,-0.001385602132005559,0.00027985693324030165,33.90619399333693,1.0,3.944770007342252,1.11761,1.11932,1.112425,1.1143299999999998,-29.43472759415927,0.009973712007123936,-0.0004737116015917156,62.89603919650575,2.0,-12.169974546386438,0.0,0.0
45,45,2016-02-16 03:45:00,1.11535,1.11578,1.115345,1.11572,3.3162442189795063,-0.0003659653266834262,-9.358619774883277e-05,37.8185804683196,2,-4.841955012651309,1.11646,1.116485,1.1150950000000002,1.1151,-12.196215586046344,-0.001385602132005559,0.00027985693324030165,33.90619399333693,1.0,3.944770007342252,1.11761,1.11932,1.112425,1.1143299999999998,-29.43472759415927,0.009973712007123936,-0.0004737116015917156,62.89603919650575,2.0,-12.169974546386438,0.0,0.0
46,46,2016-02-16 03:50:00,1.11573,1.115785,1.11532,1.11551,-1.9721920915106896,-0.00038026977501148806,-8.631251686151567e-05,35.207120165276564,2,-1.4352613656035509,1.11646,1.116485,1.1150950000000002,1.1151,-12.196215586046344,-0.001385602132005559,0.00027985693324030165,33.90619399333693,1.0,3.944770007342252,1.11761,1.11932,1.112425,1.1143299999999998,-29.43472759415927,0.009973712007123936,-0.0004737116015917156,62.89603919650575,2.0,-12.169974546386438,0.0,0.0
47,47,2016-02-16 03:55:00,1.11551,1.115585,1.1150950000000002,1.1151,-3.676800286969971,-0.0004198499578897952,-0.0001007141597918582,30.74355808650104,0,1.0758809971345125,1.11646,1.116485,1.1150950000000002,1.1151,-12.196215586046344,-0.001385602132005559,0.00027985693324030165,33.90619399333693,1.0,3.944770007342252,1.11761,1.11932,1.112425,1.1143299999999998,-29.43472759415927,0.009973712007123936,-0.0004737116015917156,62.89603919650575,2.0,-12.169974546386438,0.0,0.0
48,48,2016-02-16 04:00:00,1.1151,1.1151950000000002,1.1149,1.11519,0.8070373658293518,-0.0004388959705960982,-9.580813799852896e-05,32.75881207858676,2,-3.139594945042293,1.1151,1.115715,1.11467,1.11522,1.0760208748060471,-0.0013888785393412204,0.00022126442072371207,34.7982476612235,0.0,-0.09025520733630232,1.11761,1.11932,1.112425,1.1143299999999998,-29.43472759415927,0.009973712007123936,-0.0004737116015917156,62.89603919650575,2.0,-12.169974546386438,0.0,0.0
49,49,2016-02-16 04:05:00,1.11521,1.115385,1.11507,1.11537,1.4345015555370682,-0.00043445742248149344,-7.309567190713937e-05,36.724511553613404,2,-1.6149594925364132,1.1151,1.115715,1.11467,1.11522,1.0760208748060471,-0.0013888785393412204,0.00022126442072371207,34.7982476612235,0.0,-0.09025520733630232,1.11761,1.11932,1.112425,1.1143299999999998,-29.43472759415927,0.009973712007123936,-0.0004737116015917156,62.89603919650575,2.0,-12.169974546386438,0.0,0.0
50,50,2016-02-16 04:10:00,1.11538,1.11539,1.115165,1.11525,-1.1656579242319074,-0.0004356014953552645,-5.939179582472833e-05,35.23266768282629,2,-2.422466524895855,1.1151,1.115715,1.11467,1.11522,1.0760208748060471,-0.0013888785393412204,0.00022126442072371207,34.7982476612235,0.0,-0.09025520733630232,1.11761,1.11932,1.112425,1.1143299999999998,-29.43472759415927,0.009973712007123936,-0.0004737116015917156,62.89603919650575,2.0,-12.169974546386438,0.0,0.0
51,51,2016-02-16 04:15:00,1.11526,1.1153400000000002,1.11467,1.11488,-3.4084385763474536,-0.0004610493986565434,-6.787175930080573e-05,31.04506830010571,0,2.151797231481583,1.1151,1.115715,1.11467,1.11522,1.0760208748060471,-0.0013888785393412204,0.00022126442072371207,34.7982476612235,0.0,-0.09025520733630232,1.11761,1.11932,1.112425,1.1143299999999998,-29.43472759415927,0.009973712007123936,-0.0004737116015917156,62.89603919650575,2.0,-12.169974546386438,0.0,0.0
52,52,2016-02-16 04:20:00,1.11486,1.115385,1.114865,1.11519,2.959137008042948,-0.0004510037457030602,-4.626088507785807e-05,37.72369389292426,0,2.0615347281104,1.1151,1.115715,1.11467,1.11522,1.0760208748060471,-0.0013888785393412204,0.00022126442072371207,34.7982476612235,0.0,-0.09025520733630232,1.11761,1.11932,1.112425,1.1143299999999998,-29.43472759415927,0.009973712007123936,-0.0004737116015917156,62.89603919650575,2.0,-12.169974546386438,0.0,0.0
53,53,2016-02-16 04:25:00,1.1151799999999998,1.115205,1.11486,1.11496,-1.9731649565913487,-0.00045634115440651435,-4.1278635025049696e-05,35.01403425332185,1,5.379291735474392,1.1151,1.115715,1.11467,1.11522,1.0760208748060471,-0.0013888785393412204,0.00022126442072371207,34.7982476612235,0.0,-0.09025520733630232,1.11761,1.11932,1.112425,1.1143299999999998,-29.43472759415927,0.009973712007123936,-0.0004737116015917156,62.89603919650575,2.0,-12.169974546386438,0.0,0.0
54,54,2016-02-16 04:30:00,1.11496,1.115395,1.114955,1.11509,1.165825180029984,-0.0004449520455058753,-2.3911620899528456e-05,37.73633084763353,1,4.123827085392366,1.1151,1.115715,1.11467,1.11522,1.0760208748060471,-0.0013888785393412204,0.00022126442072371207,34.7982476612235,0.0,-0.09025520733630232,1.11761,1.11932,1.112425,1.1143299999999998,-29.43472759415927,0.009973712007123936,-0.0004737116015917156,62.89603919650575,2.0,-12.169974546386438,0.0,0.0
55,55,2016-02-16 04:35:00,1.1151,1.1154450000000002,1.114955,1.11542,2.8688745046717647,-0.0004046334895806414,1.3125548020564376e-05,44.13395946448043,0,-1.704051759151904,1.1151,1.115715,1.11467,1.11522,1.0760208748060471,-0.0013888785393412204,0.00022126442072371207,34.7982476612235,0.0,-0.09025520733630232,1.11761,1.11932,1.112425,1.1143299999999998,-29.43472759415927,0.009973712007123936,-0.0004737116015917156,62.89603919650575,2.0,-12.169974546386438,0.0,0.0
56,56,2016-02-16 04:40:00,1.11543,1.115715,1.115415,1.11558,1.344592050772643,-0.0003556701367666282,4.967112066766211e-05,46.97859277966628,2,-3.138312216156891,1.1151,1.115715,1.11467,1.11522,1.0760208748060471,-0.0013888785393412204,0.00022126442072371207,34.7982476612235,0.0,-0.09025520733630232,1.11761,1.11932,1.112425,1.1143299999999998,-29.43472759415927,0.009973712007123936,-0.0004737116015917156,62.89603919650575,2.0,-12.169974546386438,0.0,0.0
57,57,2016-02-16 04:45:00,1.11559,1.11566,1.115535,1.11558,-0.0896394700520403,-0.00031325531462722545,7.366875424565187e-05,46.97859277966628,2,-3.85574629740714,1.1151,1.115715,1.11467,1.11522,1.0760208748060471,-0.0013888785393412204,0.00022126442072371207,34.7982476612235,0.0,-0.09025520733630232,1.11761,1.11932,1.112425,1.1143299999999998,-29.43472759415927,0.009973712007123936,-0.0004737116015917156,62.89603919650575,2.0,-12.169974546386438,0.0,0.0
58,58,2016-02-16 04:50:00,1.1155700000000002,1.11558,1.115,1.11524,-2.9590043398725068,-0.0003035769746078109,6.667767541205312e-05,41.740594715906575,0,-2.4214329833826618,1.1151,1.115715,1.11467,1.11522,1.0760208748060471,-0.0013888785393412204,0.00022126442072371207,34.7982476612235,0.0,-0.09025520733630232,1.11761,1.11932,1.112425,1.1143299999999998,-29.43472759415927,0.009973712007123936,-0.0004737116015917156,62.89603919650575,2.0,-12.169974546386438,0.0,0.0
59,59,2016-02-16 04:55:00,1.11523,1.115535,1.115205,1.11522,-0.08966840623234401,-0.0002941301045114032,6.089963640676881e-05,41.44784060575158,0,-2.1523923798417166,1.1151,1.115715,1.11467,1.11522,1.0760208748060471,-0.0013888785393412204,0.00022126442072371207,34.7982476612235,0.0,-0.09025520733630232,1.11761,1.11932,1.112425,1.1143299999999998,-29.43472759415927,0.009973712007123936,-0.0004737116015917156,62.89603919650575,2.0,-12.169974546386438,-0.28228822882307625,0.23677367736792934
60,60,2016-02-16 05:00:00,1.11523,1.115345,1.1151049999999998,1.11514,-0.8070735513022892,-0.00028975856692015084,5.2216939198416904e-05,40.232315124255976,0,-1.3453188285394275,1.11523,1.115645,1.1148049999999998,1.11542,1.7033942371495443,-0.0013596634335288904,0.00020038362122883402,36.34040098267715,1.0,14.856605680390821,1.11761,1.11932,1.112425,1.1143299999999998,-29.43472759415927,0.009973712007123936,-0.0004737116015917156,62.89603919650575,2.0,-12.169974546386438,-0.36558655865609785,0.31421142114234446
61,61,2016-02-16 05:05:00,1.11515,1.115215,1.1148049999999998,1.11498,-1.5246910258480284,-0.0002957950139135246,3.6944393764034526e-05,37.84202195296261,0,1.0761688397018727,1.11523,1.115645,1.1148049999999998,1.11542,1.7033942371495443,-0.0013596634335288904,0.00020038362122883402,36.34040098267715,1.0,14.856605680390821,1.11761,1.11932,1.112425,1.1143299999999998,-29.43472759415927,0.009973712007123936,-0.0004737116015917156,62.89603919650575,2.0,-12.169974546386438,-0.25417541754204137,0.19487948794908522
62,62,2016-02-16 05:10:00,1.11498,1.1150449999999998,1.114865,1.115,0.1793721973086007,-0.0002955580990062767,2.9745046937025898e-05,38.33520499484898,0,-0.0897858359024023,1.11523,1.115645,1.1148049999999998,1.11542,1.7033942371495443,-0.0013596634335288904,0.00020038362122883402,36.34040098267715,1.0,14.856605680390821,1.11761,1.11932,1.112425,1.1143299999999998,-29.43472759415927,0.009973712007123936,-0.0004737116015917156,62.89603919650575,2.0,-12.169974546386438,-0.07166716671700614,-0.0033803380334700857
63,63,2016-02-16 05:15:00,1.11499,1.115065,1.1148950000000002,1.11499,0.0,-0.00029280201924697385,2.600090135706308e-05,38.17212066553505,0,1.883007549858396,1.11523,1.115645,1.1148049999999998,1.11542,1.7033942371495443,-0.0013596634335288904,0.00020038362122883402,36.34040098267715,1.0,14.856605680390821,1.11761,1.11932,1.112425,1.1143299999999998,-29.43472759415927,0.009973712007123936,-0.0004737116015917156,62.89603919650575,2.0,-12.169974546386438,0.11977197719744684,-0.1918291829180172
64,64,2016-02-16 05:20:00,1.11498,1.1150950000000002,1.1149049999999998,1.1150799999999998,0.8967966423932721,-0.00028012643517083546,3.094118834656116e-05,40.62049710833004,0,1.972501468662952,1.11523,1.115645,1.1148049999999998,1.11542,1.7033942371495443,-0.0013596634335288904,0.00020038362122883402,36.34040098267715,1.0,14.856605680390821,1.11761,1.11932,1.112425,1.1143299999999998,-29.43472759415927,0.009973712007123936,-0.0004737116015917156,62.89603919650575,2.0,-12.169974546386438,0.26194619461935226,-0.30153015301516867
65,65,2016-02-16 05:25:00,1.11507,1.115075,1.1149,1.11496,-0.9865824782956744,-0.0002765757475307052,2.7593500789353198e-05,38.43502899394936,0,0.2684768563123692,1.11523,1.115645,1.1148049999999998,1.11542,1.7033942371495443,-0.0013596634335288904,0.00020038362122883402,36.34040098267715,1.0,14.856605680390821,1.11761,1.11932,1.112425,1.1143299999999998,-29.43472759415927,0.009973712007123936,-0.0004737116015917156,62.89603919650575,2.0,-12.169974546386438,0.43786378637864304,-0.4981198119811884
66,66,2016-02-16 05:30:00,1.11495,1.115215,1.11495,1.11517,1.9727933857607984,-0.0002538898726274219,4.022350055410916e-05,44.10279681578888,0,-1.5249475495206346,1.11523,1.115645,1.1148049999999998,1.11542,1.7033942371495443,-0.0013596634335288904,0.00020038362122883402,36.34040098267715,1.0,14.856605680390821,1.11761,1.11932,1.112425,1.1143299999999998,-29.43472759415927,0.009973712007123936,-0.0004737116015917156,62.89603919650575,2.0,-12.169974546386438,0.5783578357835774,-0.6434343434343435
67,67,2016-02-16 05:35:00,1.1151799999999998,1.11531,1.1151149999999999,1.11529,0.9862905611978272,-0.0002236500575589773,5.637065249804304e-05,47.09976810497027,0,1.3437083234574532,1.11523,1.115645,1.1148049999999998,1.11542,1.7033942371495443,-0.0013596634335288904,0.00020038362122883402,36.34040098267715,1.0,14.856605680390821,1.11761,1.11932,1.112425,1.1143299999999998,-29.43472759415927,0.009973712007123936,-0.0004737116015917156,62.89603919650575,2.0,-12.169974546386438,0.5045704570457568,-0.5615461546155056
68,68,2016-02-16 05:40:00,1.11529,1.1153049999999998,1.1149,1.11499,-2.6906070906462567,-0.00022134080008306967,4.6943927979160495e-05,41.15852888248975,1,3.6757061010214813,1.11523,1.115645,1.1148049999999998,1.11542,1.7033942371495443,-0.0013596634335288904,0.00020038362122883402,36.34040098267715,1.0,14.856605680390821,1.11761,1.11932,1.112425,1.1143299999999998,-29.43472759415927,0.009973712007123936,-0.0004737116015917156,62.89603919650575,2.0,-12.169974546386438,0.660846084608623,-0.6817781778179343
69,69,2016-02-16 05:45:00,1.115,1.115135,1.114955,1.11502,0.17936897992779485,-0.0002146159880993537,4.293499197030121e-05,41.947146590974725,1,3.3170276418988847,1.11523,1.115645,1.1148049999999998,1.11542,1.7033942371495443,-0.0013596634335288904,0.00020038362122883402,36.34040098267715,1.0,14.856605680390821,1.11761,1.11932,1.112425,1.1143299999999998,-29.43472759415927,0.009973712007123936,-0.0004737116015917156,62.89603919650575,2.0,-12.169974546386438,1.0503150315034184,-1.0671367136716359
70,70,2016-02-16 05:50:00,1.11502,1.11556,1.11502,1.11545,3.854946434175915,-0.0001725995002137548,6.796118388472007e-05,51.89833590152055,0,0.9859931793961664,1.11523,1.115645,1.1148049999999998,1.11542,1.7033942371495443,-0.0013596634335288904,0.00020038362122883402,36.34040098267715,1.0,14.856605680390821,1.11761,1.11932,1.112425,1.1143299999999998,-29.43472759415927,0.009973712007123936,-0.0004737116015917156,62.89603919650575,2.0,-12.169974546386438,1.1555555555558619,-1.1771277127715922
71,71,2016-02-16 05:55:00,1.11546,1.115645,1.1153400000000002,1.11542,-0.3586093130822287,-0.0001401068159705421,8.036309450234626e-05,51.238425947175024,1,3.4059222748742988,1.11523,1.115645,1.1148049999999998,1.11542,1.7033942371495443,-0.0013596634335288904,0.00020038362122883402,36.34040098267715,1.0,14.856605680390821,1.11761,1.11932,1.112425,1.1143299999999998,-29.43472759415927,0.009973712007123936,-0.0004737116015917156,62.89603919650575,2.0,-12.169974546386438,1.0392539253927606,-1.0522852285230875
72,72,2016-02-16 06:00:00,1.11541,1.115665,1.115335,1.11539,-0.1793094791948016,-0.00011544608824753942,8.401905778027912e-05,50.54626828891968,1,0.5371072471480018,1.11541,1.1160800000000002,1.115265,1.11554,1.1653548953866602,-0.0013117067160575149,0.00019867227096016798,37.298655929718535,1.0,17.002242382246227,1.11761,1.11932,1.112425,1.1143299999999998,-29.43472759415927,0.009973712007123936,-0.0004737116015917156,62.89603919650575,2.0,-12.169974546386438,1.050545054505566,-1.057585758575978
73,73,2016-02-16 06:05:00,1.11538,1.115565,1.115335,1.11555,1.5239119716731968,-8.20458475727648e-05,9.393543876404302e-05,54.10699890410866,0,0.2681366069678173,1.11541,1.1160800000000002,1.115265,1.11554,1.1653548953866602,-0.0013117067160575149,0.00019867227096016798,37.298655929718535,1.0,17.002242382246227,1.11761,1.11932,1.112425,1.1143299999999998,-29.43472759415927,0.009973712007123936,-0.0004737116015917156,62.89603919650575,2.0,-12.169974546386438,1.0303030303030754,-1.0586058605861042
74,74,2016-02-16 06:10:00,1.11556,1.1158299999999999,1.115545,1.11579,2.0613197823959037,-3.579727328251181e-05,0.00011214721044343679,58.888648493040456,2,-1.076118836829588,1.11541,1.1160800000000002,1.115265,1.11554,1.1653548953866602,-0.0013117067160575149,0.00019867227096016798,37.298655929718535,1.0,17.002242382246227,1.11761,1.11932,1.112425,1.1143299999999998,-29.43472759415927,0.009973712007123936,-0.0004737116015917156,62.89603919650575,2.0,-12.169974546386438,0.7490549054905737,-0.8068906890689278
75,75,2016-02-16 06:15:00,1.11578,1.115825,1.115415,1.11544,-3.048124506921098,-2.707491709164067e-05,9.669565330744633e-05,50.60754775477106,0,1.8823726277681905,1.11541,1.1160800000000002,1.115265,1.11554,1.1653548953866602,-0.0013117067160575149,0.00019867227096016798,37.298655929718535,1.0,17.002242382246227,1.11761,1.11932,1.112425,1.1143299999999998,-29.43472759415927,0.009973712007123936,-0.0004737116015917156,62.89603919650575,2.0,-12.169974546386438,0.6275527552755693,-0.7150715071507657
76,76,2016-02-16 06:20:00,1.11545,1.11592,1.115415,1.11559,1.2549413314930125,-7.966804211889666e-06,9.264301294975788e-05,53.61788353561674,0,0.08960411807357349,1.11541,1.1160800000000002,1.115265,1.11554,1.1653548953866602,-0.0013117067160575149,0.00019867227096016798,37.298655929718535,1.0,17.002242382246227,1.11761,1.11932,1.112425,1.1143299999999998,-29.43472759415927,0.009973712007123936,-0.0004737116015917156,62.89603919650575,2.0,-12.169974546386438,0.7226022602260714,-0.8180118011801685
77,77,2016-02-16 06:25:00,1.11558,1.115775,1.11556,1.11566,0.7170643385984977,1.2678774872876275e-05,9.063087362761904e-05,54.996341838341465,0,1.5233665034972828,1.11541,1.1160800000000002,1.115265,1.11554,1.1653548953866602,-0.0013117067160575149,0.00019867227096016798,37.298655929718535,1.0,17.002242382246227,1.11761,1.11932,1.112425,1.1143299999999998,-29.43472759415927,0.009973712007123936,-0.0004737116015917156,62.89603919650575,2.0,-12.169974546386438,0.7092209220921841,-0.8068506850684769
78,78,2016-02-16 06:30:00,1.1156700000000002,1.11588,1.11558,1.11566,-0.08963304232331952,2.8709598658638317e-05,8.532935793070491e-05,54.996341838341465,0,1.8818432490527712,1.11541,1.1160800000000002,1.115265,1.11554,1.1653548953866602,-0.0013117067160575149,0.00019867227096016798,37.298655929718535,1.0,17.002242382246227,1.11761,1.11932,1.112425,1.1143299999999998,-29.43472759415927,0.009973712007123936,-0.0004737116015917156,62.89603919650575,2.0,-12.169974546386438,0.6951295129511739,-0.8082608260824824
79,79,2016-02-16 06:35:00,1.11566,1.1159149999999998,1.115605,1.1156,-0.5378271782016047,3.6155861184106186e-05,7.422049636493821e-05,53.41816871118144,0,0.896004307316923,1.11541,1.1160800000000002,1.115265,1.11554,1.1653548953866602,-0.0013117067160575149,0.00019867227096016798,37.298655929718535,1.0,17.002242382246227,1.11761,1.11932,1.112425,1.1143299999999998,-29.43472759415927,0.009973712007123936,-0.0004737116015917156,62.89603919650575,2.0,-12.169974546386438,0.774757475747479,-0.912951295129431
80,80,2016-02-16 06:40:00,1.11561,1.11588,1.11556,1.11585,2.1508267240222065,6.152081488730587e-05,7.966836005451032e-05,58.73199938365019,2,-3.2269614704380865,1.11541,1.1160800000000002,1.115265,1.11554,1.1653548953866602,-0.0013117067160575149,0.00019867227096016798,37.298655929718535,1.0,17.002242382246227,1.11761,1.11932,1.112425,1.1143299999999998,-29.43472759415927,0.009973712007123936,-0.0004737116015917156,62.89603919650575,2.0,-12.169974546386438,0.7936393639363991,-0.9324732473247681
81,81,2016-02-16 06:45:00,1.11586,1.1160800000000002,1.115765,1.11589,0.26884370323216883,8.388343314602587e-05,8.162478265058425e-05,59.52752754014492,2,-2.420237587690996,1.11541,1.1160800000000002,1.115265,1.11554,1.1653548953866602,-0.0013117067160575149,0.00019867227096016798,37.298655929718535,1.0,17.002242382246227,1.11761,1.11932,1.112425,1.1143299999999998,-29.43472759415927,0.009973712007123936,-0.0004737116015917156,62.89603919650575,2.0,-12.169974546386438,0.6394139413941557,-0.7767176717672171
82,82,2016-02-16 06:50:00,1.1159,1.1160800000000002,1.115695,1.11573,-1.5236661199374528,8.768453368301898e-05,6.834070655006189e-05,54.963374576902616,1,3.5829927602378655,1.11541,1.1160800000000002,1.115265,1.11554,1.1653548953866602,-0.0013117067160575149,0.00019867227096016798,37.298655929718535,1.0,17.002242382246227,1.11761,1.11932,1.112425,1.1143299999999998,-29.43472759415927,0.009973712007123936,-0.0004737116015917156,62.89603919650575,2.0,-12.169974546386438,0.6471947194718918,-0.7801580158015523
83,83,2016-02-16 06:55:00,1.11576,1.115775,1.115265,1.11554,-1.9721390537328016,7.450665480268626e-05,4.413026213578333e-05,50.05530449234995,1,9.31658409278263,1.11541,1.1160800000000002,1.115265,1.11554,1.1653548953866602,-0.0013117067160575149,0.00019867227096016798,37.298655929718535,1.0,17.002242382246227,1.11761,1.11932,1.112425,1.1143299999999998,-29.43472759415927,0.009973712007123936,-0.0004737116015917156,62.89603919650575,2.0,-12.169974546386438,1.0239923992398507,-1.1549654965496012
84,84,2016-02-16 07:00:00,1.1155700000000002,1.11571,1.114945,1.11569,1.0755675859792595,7.529883910084578e-05,3.593795714715428e-05,53.57957186704166,1,8.509684451135143,1.1155700000000002,1.1168650000000002,1.114945,1.11524,-2.9590043398725068,-0.0012831171885108186,0.00018180943880549152,35.84593634155446,1.0,19.06633607894655,1.11761,1.11932,1.112425,1.1143299999999998,-29.43472759415927,0.009973712007123936,-0.0004737116015917156,62.89603919650575,2.0,-12.169974546386438,1.4976197619761338,-1.6343734373436676
85,85,2016-02-16 07:05:00,1.11568,1.116355,1.115425,1.11618,4.479564227991408,0.00011414970897449804,5.983106161664523e-05,62.811248482052356,1,4.656978409909796,1.1155700000000002,1.1168650000000002,1.114945,1.11524,-2.9590043398725068,-0.0012831171885108186,0.00018180943880549152,35.84593634155446,1.0,19.06633607894655,1.11761,1.11932,1.112425,1.1143299999999998,-29.43472759415927,0.009973712007123936,-0.0004737116015917156,62.89603919650575,2.0,-12.169974546386438,1.5876087608760538,-1.7078807880787634
86,86,2016-02-16 07:10:00,1.11617,1.116615,1.1159949999999998,1.11659,3.761452278811962,0.00017599412600954878,9.734038292135676e-05,68.46279274576067,2,-3.3151887945424665,1.1155700000000002,1.1168650000000002,1.114945,1.11524,-2.9590043398725068,-0.0012831171885108186,0.00018180943880549152,35.84593634155446,1.0,19.06633607894655,1.11761,1.11932,1.112425,1.1143299999999998,-29.43472759415927,0.009973712007123936,-0.0004737116015917156,62.89603919650575,2.0,-12.169974546386438,1.0243024302430825,-1.1773877387739284
87,87,2016-02-16 07:15:00,1.11659,1.116635,1.11635,1.1166200000000002,0.2686679443317735,0.0002248352604272696,0.00011694521387126209,68.83598364104007,2,-7.616982142185341,1.1155700000000002,1.1168650000000002,1.114945,1.11524,-2.9590043398725068,-0.0012831171885108186,0.00018180943880549152,35.84593634155446,1.0,19.06633607894655,1.11761,1.11932,1.112425,1.1143299999999998,-29.43472759415927,0.009973712007123936,-0.0004737116015917156,62.89603919650575,2.0,-12.169974546386438,0.22058205820581342,-0.37501750175015164
88,88,2016-02-16 07:20:00,1.11661,1.11677,1.11617,1.11668,0.6268581867660606,0.0002653252060773603,0.0001259481276170822,69.61052686228584,2,-9.319456118992274,1.1155700000000002,1.1168650000000002,1.114945,1.11524,-2.9590043398725068,-0.0012831171885108186,0.00018180943880549152,35.84593634155446,1.0,19.06633607894655,1.11761,1.11932,1.112425,1.1143299999999998,-29.43472759415927,0.009973712007123936,-0.0004737116015917156,62.89603919650575,2.0,-12.169974546386438,-0.6897789778978172,0.5670667066706992
89,89,2016-02-16 07:25:00,1.11667,1.1168650000000002,1.116135,1.1162,-4.210714925640301,0.00025573385060573267,9.308541771636369e-05,57.33391553714453,2,-2.5996007531765324,1.1155700000000002,1.1168650000000002,1.114945,1.11524,-2.9590043398725068,-0.0012831171885108186,0.00018180943880549152,35.84593634155446,1.0,19.06633607894655,1.11761,1.11932,1.112425,1.1143299999999998,-29.43472759415927,0.009973712007123936,-0.0004737116015917156,62.89603919650575,2.0,-12.169974546386438,-1.2874787478747693,1.151605160516029
90,90,2016-02-16 07:30:00,1.11621,1.1162900000000002,1.115585,1.11576,-4.033125403311101,0.0002102051948873473,3.8045409598382615e-05,48.832209518688146,0,-1.0762230305901923,1.1155700000000002,1.1168650000000002,1.114945,1.11524,-2.9590043398725068,-0.0012831171885108186,0.00018180943880549152,35.84593634155446,1.0,19.06633607894655,1.11761,1.11932,1.112425,1.1143299999999998,-29.43472759415927,0.009973712007123936,-0.0004737116015917156,62.89603919650575,2.0,-12.169974546386438,-1.194099409941086,1.0752775277528512
91,91,2016-02-16 07:35:00,1.11576,1.115815,1.1154600000000001,1.11564,-1.0756157900408736,0.00016256644530865394,-7.67467198424865e-06,46.794228991685394,0,-0.4487925382797578,1.1155700000000002,1.1168650000000002,1.114945,1.11524,-2.9590043398725068,-0.0012831171885108186,0.00018180943880549152,35.84593634155446,1.0,19.06633607894655,1.11761,1.11932,1.112425,1.1143299999999998,-29.43472759415927,0.009973712007123936,-0.0004737116015917156,62.89603919650575,2.0,-12.169974546386438,-0.7362936293630385,0.6574457445745585
92,92,2016-02-16 07:40:00,1.11564,1.1160450000000002,1.1156350000000002,1.11592,2.5091404401754422,0.00014572621193154056,-1.9611924289089628e-05,51.84435618903883,2,-6.365271309218508,1.1155700000000002,1.1168650000000002,1.114945,1.11524,-2.9590043398725068,-0.0012831171885108186,0.00018180943880549152,35.84593634155446,1.0,19.06633607894655,1.11761,1.11932,1.112425,1.1143299999999998,-29.43472759415927,0.009973712007123936,-0.0004737116015917156,62.89603919650575,2.0,-12.169974546386438,-0.46694669466954797,0.37948794879496556
93,93,2016-02-16 07:45:00,1.11593,1.115945,1.115545,1.11565,-2.509747680724761,0.00010933313778216379,-4.480399875077311e-05,47.19268821076171,2,-0.6285605592940682,1.1155700000000002,1.1168650000000002,1.114945,1.11524,-2.9590043398725068,-0.0012831171885108186,0.00018180943880549152,35.84593634155446,1.0,19.06633607894655,1.11761,1.11932,1.112425,1.1143299999999998,-29.43472759415927,0.009973712007123936,-0.0004737116015917156,62.89603919650575,2.0,-12.169974546386438,-0.21117111711182815,0.1863986398641062
94,94,2016-02-16 07:50:00,1.11566,1.115745,1.115345,1.11561,-0.4481852977304391,7.638320062497428e-05,-6.220314872637013e-05,46.52666395283351,2,2.4184239139888533,1.1155700000000002,1.1168650000000002,1.114945,1.11524,-2.9590043398725068,-0.0012831171885108186,0.00018180943880549152,35.84593634155446,1.0,19.06633607894655,1.11761,1.11932,1.112425,1.1143299999999998,-29.43472759415927,0.009973712007123936,-0.0004737116015917156,62.89603919650575,2.0,-12.169974546386438,0.2921892189217567,-0.32181218121798244
95,95,2016-02-16 07:55:00,1.11562,1.11585,1.11524,1.11524,-3.4073383307633063,2.0181589454715265e-05,-9.472380791730332e-05,40.79189844289614,1,12.631833977164929,1.1155700000000002,1.1168650000000002,1.114945,1.11524,-2.9590043398725068,-0.0012831171885108186,0.00018180943880549152,35.84593634155446,1.0,19.06633607894655,1.11761,1.11932,1.112425,1.1143299999999998,-29.43472759415927,0.009973712007123936,-0.0004737116015917156,62.89603919650575,2.0,-12.169974546386438,1.1263326332631756,-1.1462146214619997
96,96,2016-02-16 08:00:00,1.11524,1.115775,1.1151950000000002,1.1156,3.2269630691996767,4.636947204872398e-06,-8.821476013371695e-05,47.56407323688899,1,7.6134785482538625,1.11524,1.1174049999999998,1.1151950000000002,1.1171,16.650255124876672,-0.0010977194995382966,0.0002937657022224105,49.08629344107344,1.0,-13.179229697346717,1.11761,1.11932,1.112425,1.1143299999999998,-29.43472759415927,0.009973712007123936,-0.0004737116015917156,62.89603919650575,2.0,-12.169974546386438,2.094609460946007,-2.0729972997298507
97,97,2016-02-16 08:05:00,1.11561,1.11622,1.115605,1.1159,2.598799175552482,1.633687766822156e-05,-6.121186373629423e-05,52.44545211131901,1,5.193815399644613,1.11524,1.1174049999999998,1.1151950000000002,1.1171,16.650255124876672,-0.0010977194995382966,0.0002937657022224105,49.08629344107344,1.0,-13.179229697346717,1.11761,1.11932,1.112425,1.1143299999999998,-29.43472759415927,0.009973712007123936,-0.0004737116015917156,62.89603919650575,2.0,-12.169974546386438,2.6840084008401295,-2.650525052505216
98,98,2016-02-16 08:10:00,1.11589,1.116695,1.115675,1.11665,6.80607173241277,8.514637443912676e-05,6.07810642768877e-06,61.97561738740535,0,0.17881517576162453,1.11524,1.1174049999999998,1.1151950000000002,1.1171,16.650255124876672,-0.0010977194995382966,0.0002937657022224105,49.08629344107344,1.0,-13.179229697346717,1.11761,1.11932,1.112425,1.1143299999999998,-29.43472759415927,0.009973712007123936,-0.0004737116015917156,62.89603919650575,2.0,-12.169974546386438,2.58203820382054,-2.5527452745275383
99,99,2016-02-16 08:15:00,1.11665,1.116755,1.1163299999999998,1.11645,-1.7913923597113883,0.00012213220382450984,3.445114865045749e-05,58.60289304376957,1,3.044725345606791,1.11524,1.1174049999999998,1.1151950000000002,1.1171,16.650255124876672,-0.0010977194995382966,0.0002937657022224105,49.08629344107344,1.0,-13.179229697346717,1.11761,1.11932,1.112425,1.1143299999999998,-29.43472759415927,0.009973712007123936,-0.0004737116015917156,62.89603919650575,2.0,-12.169974546386438,2.2549754975499767,-2.1928692869288775
100,100,2016-02-16 08:20:00,1.11645,1.1167049999999998,1.115975,1.11647,0.179136026943232,0.00015131332708873124,5.090581753174311e-05,58.84409279094202,1,4.298074501394393,1.11524,1.1174049999999998,1.1151950000000002,1.1171,16.650255124876672,-0.0010977194995382966,0.0002937657022224105,49.08629344107344,1.0,-13.179229697346717,1.11761,1.11932,1.112425,1.1143299999999998,-29.43472759415927,0.009973712007123936,-0.0004737116015917156,62.89603919650575,2.0,-12.169974546386438,2.2617561756177484,-2.244714471447298
101,101,2016-02-16 08:25:00,1.11645,1.1169850000000001,1.116315,1.11665,1.791071508529781,0.00018681063645975543,6.912250152221386e-05,61.0440193892818,1,3.939270182308248,1.11524,1.1174049999999998,1.1151950000000002,1.1171,16.650255124876672,-0.0010977194995382966,0.0002937657022224105,49.08629344107344,1.0,-13.179229697346717,1.11761,1.11932,1.112425,1.1143299999999998,-29.43472759415927,0.009973712007123936,-0.0004737116015917156,62.89603919650575,2.0,-12.169974546386438,2.318641864186607,-2.29767976797694
102,102,2016-02-16 08:30:00,1.11666,1.117055,1.116525,1.11678,1.0745178101337776,0.00022286339295884966,8.414020641704645e-05,62.59896486129236,0,1.9694972244574704,1.11524,1.1174049999999998,1.1151950000000002,1.1171,16.650255124876672,-0.0010977194995382966,0.0002937657022224105,49.08629344107344,1.0,-13.179229697346717,1.11761,1.11932,1.112425,1.1143299999999998,-29.43472759415927,0.009973712007123936,-0.0004737116015917156,62.89603919650575,2.0,-12.169974546386438,2.2874387438745565,-2.26626662666282
103,103,2016-02-16 08:35:00,1.11678,1.1172300000000002,1.116735,1.11694,1.4324851827308358,0.00026133363360103523,9.808835764738558e-05,64.47826648341058,0,-1.52249886920357,1.11524,1.1174049999999998,1.1151950000000002,1.1171,16.650255124876672,-0.0010977194995382966,0.0002937657022224105,49.08629344107344,1.0,-13.179229697346717,1.11761,1.11932,1.112425,1.1143299999999998,-29.43472759415927,0.009973712007123936,-0.0004737116015917156,62.89603919650575,2.0,-12.169974546386438,2.211771177117787,-2.1961496149615565
104,104,2016-02-16 08:40:00,1.11695,1.1174049999999998,1.1167699999999998,1.11711,1.4322671894436354,0.00030205722802345564,0.00011104956165584485,66.4095343427189,0,-0.0006885364921482839,1.11524,1.1174049999999998,1.1151950000000002,1.1171,16.650255124876672,-0.0010977194995382966,0.0002937657022224105,49.08629344107344,1.0,-13.179229697346717,1.11761,1.11932,1.112425,1.1143299999999998,-29.43472759415927,0.009973712007123936,-0.0004737116015917156,62.89603919650575,2.0,-12.169974546386438,2.0668266826682853,-2.0882488248825233
105,105,2016-02-16 08:45:00,1.1171,1.11719,1.11687,1.117,-0.8952551477170008,0.00032174600168155537,0.00010459066825115564,63.98539455112947,1,8.6442072098395,1.11524,1.1174049999999998,1.1151950000000002,1.1171,16.650255124876672,-0.0010977194995382966,0.0002937657022224105,49.08629344107344,1.0,-13.179229697346717,1.11761,1.11932,1.112425,1.1143299999999998,-29.43472759415927,0.009973712007123936,-0.0004737116015917156,62.89603919650575,2.0,-12.169974546386438,2.0385138513851673,-2.0396639663966765
106,106,2016-02-16 08:50:00,1.117,1.117,1.1165599999999998,1.11677,-2.059510910930205,0.00031515747959987017,7.840171693557629e-05,59.12555128879232,1,17.229032766077715,1.11524,1.1174049999999998,1.1151950000000002,1.1171,16.650255124876672,-0.0010977194995382966,0.0002937657022224105,49.08629344107344,1.0,-13.179229697346717,1.11761,1.11932,1.112425,1.1143299999999998,-29.43472759415927,0.009973712007123936,-0.0004737116015917156,62.89603919650575,2.0,-12.169974546386438,2.449024902490289,-2.5096609660966376
107,107,2016-02-16 08:55:00,1.11677,1.117135,1.116575,1.1171,2.9540775221550573,0.00033272878019552365,7.677841402498384e-05,63.41865930789808,1,11.860921662033338,1.11524,1.1174049999999998,1.1151950000000002,1.1171,16.650255124876672,-0.0010977194995382966,0.0002937657022224105,49.08629344107344,1.0,-13.179229697346717,1.11761,1.11932,1.112425,1.1143299999999998,-29.43472759415927,0.009973712007123936,-0.0004737116015917156,62.89603919650575,2.0,-12.169974546386438,3.008850885088562,-3.070757075707597
108,108,2016-02-16 09:00:00,1.11712,1.118115,1.116815,1.118,7.749640598614647,0.00041449855952024883,0.00012683855467976723,72.04296695669427,1,-3.494302329566432,1.11712,1.11932,1.11663,1.11749,3.3109915972420647,-0.000908844164878575,0.00038611282950570575,51.35336225540173,2.0,-8.967181986708828,1.11761,1.11932,1.112425,1.1143299999999998,-29.43472759415927,0.009973712007123936,-0.0004737116015917156,62.89603919650575,2.0,-12.169974546386438,2.821452145214531,-2.8574257425742675
109,109,2016-02-16 09:05:00,1.11799,1.11932,1.117985,1.1187200000000002,6.525314645308008,0.0005312754685693477,0.00019489237098309288,76.76276795179524,2,-11.182959167505684,1.11712,1.11932,1.11663,1.11749,3.3109915972420647,-0.000908844164878575,0.00038611282950570575,51.35336225540173,2.0,-8.967181986708828,1.11761,1.11932,1.112425,1.1143299999999998,-29.43472759415927,0.009973712007123936,-0.0004737116015917156,62.89603919650575,2.0,-12.169974546386438,1.5086008600858325,-1.481768176817504
110,110,2016-02-16 09:10:00,1.11873,1.11924,1.118425,1.11846,-2.414033581889316,0.0005959721868435963,0.00020767127140587318,72.03351288973741,2,-8.947901307560857,1.11712,1.11932,1.11663,1.11749,3.3109915972420647,-0.000908844164878575,0.00038611282950570575,51.35336225540173,2.0,-8.967181986708828,1.11761,1.11932,1.112425,1.1143299999999998,-29.43472759415927,0.009973712007123936,-0.0004737116015917156,62.89603919650575,2.0,-12.169974546386438,-0.017911791179398843,0.06328632863315393
111,111,2016-02-16 09:15:00,1.11845,1.1184850000000002,1.11741,1.1176,-7.605583392985125,0.0005712648044449152,0.00014637111120575366,59.07009387979661,0,-1.6107911075271892,1.11712,1.11932,1.11663,1.11749,3.3109915972420647,-0.000908844164878575,0.00038611282950570575,51.35336225540173,2.0,-8.967181986708828,1.11761,1.11932,1.112425,1.1143299999999998,-29.43472759415927,0.009973712007123936,-0.0004737116015917156,62.89603919650575,2.0,-12.169974546386438,-0.7210621062108545,0.7148014801482496
112,112,2016-02-16 09:20:00,1.1176,1.1182599999999998,1.11741,1.11747,-1.1633421926312428,0.00053502665807037,8.810637186496662e-05,57.388807296130594,2,-7.522181373589972,1.11712,1.11932,1.11663,1.11749,3.3109915972420647,-0.000908844164878575,0.00038611282950570575,51.35336225540173,2.0,-8.967181986708828,1.11761,1.11932,1.112425,1.1143299999999998,-29.43472759415927,0.009973712007123936,-0.0004737116015917156,62.89603919650575,2.0,-12.169974546386438,-0.6033603360337569,0.5728372837285299
113,113,2016-02-16 09:25:00,1.11749,1.11766,1.11712,1.11747,-0.1789757219444909,0.0005005377780553655,4.289399347996969e-05,57.3888072961306,2,-1.6151111380862415,1.11712,1.11932,1.11663,1.11749,3.3109915972420647,-0.000908844164878575,0.00038611282950570575,51.35336225540173,2.0,-8.967181986708828,1.11761,1.11932,1.112425,1.1143299999999998,-29.43472759415927,0.009973712007123936,-0.0004737116015917156,62.89603919650575,2.0,-12.169974546386438,-0.4058005800581148,0.393769376937814
114,114,2016-02-16 09:30:00,1.11746,1.1179700000000001,1.1173099999999998,1.11743,-0.2684731929514555,0.0004646215583508084,5.582219020330045e-06,56.811777197285814,2,2.1426704560452308,1.11712,1.11932,1.11663,1.11749,3.3109915972420647,-0.000908844164878575,0.00038611282950570575,51.35336225540173,2.0,-8.967181986708828,1.11761,1.11932,1.112425,1.1143299999999998,-29.43472759415927,0.009973712007123936,-0.0004737116015917156,62.89603919650575,2.0,-12.169974546386438,-0.22554255425548328,0.2035803580358692
115,115,2016-02-16 09:35:00,1.11744,1.1175000000000002,1.11663,1.11665,-7.074732458694028,0.00036896501518213215,-7.205945931867692e-05,46.907310505186956,1,15.386930811735676,1.11712,1.11932,1.11663,1.11749,3.3109915972420647,-0.000908844164878575,0.00038611282950570575,51.35336225540173,2.0,-8.967181986708828,1.11761,1.11932,1.112425,1.1143299999999998,-29.43472759415927,0.009973712007123936,-0.0004737116015917156,62.89603919650575,2.0,-12.169974546386438,0.6287028702870588,-0.672887288728902
116,116,2016-02-16 09:40:00,1.11666,1.11739,1.1166649999999998,1.1173,5.728094513559241,0.0003416675524126056,-7.948553767056282e-05,54.0902339482232,1,1.7699706242737605,1.11712,1.11932,1.11663,1.11749,3.3109915972420647,-0.000908844164878575,0.00038611282950570575,51.35336225540173,2.0,-8.967181986708828,1.11761,1.11932,1.112425,1.1143299999999998,-29.43472759415927,0.009973712007123936,-0.0004737116015917156,62.89603919650575,2.0,-12.169974546386438,1.6185718571857945,-1.705520552055305
117,117,2016-02-16 09:45:00,1.11731,1.11781,1.117175,1.1177,3.4893084011800166,0.0003482958359704025,-5.828580329021277e-05,57.86779920339831,1,3.7361508023414176,1.11712,1.11932,1.11663,1.11749,3.3109915972420647,-0.000908844164878575,0.00038611282950570575,51.35336225540173,2.0,-8.967181986708828,1.11761,1.11932,1.112425,1.1143299999999998,-29.43472759415927,0.009973712007123936,-0.0004737116015917156,62.89603919650575,2.0,-12.169974546386438,1.8943294329434466,-1.9716971697171266
118,118,2016-02-16 09:50:00,1.11771,1.1183999999999998,1.117675,1.1184,6.169527896996418,0.00040536020814818663,-9.771448899429129e-07,63.524135487475746,2,-3.238350038619255,1.11712,1.11932,1.11663,1.11749,3.3109915972420647,-0.000908844164878575,0.00038611282950570575,51.35336225540173,2.0,-8.967181986708828,1.11761,1.11932,1.112425,1.1143299999999998,-29.43472759415927,0.009973712007123936,-0.0004737116015917156,62.89603919650575,2.0,-12.169974546386438,1.4345134513452826,-1.4936893689370423
119,119,2016-02-16 09:55:00,1.11841,1.11847,1.1174149999999998,1.11749,-7.888865673902675,0.00037285667970476943,-2.6784538666688087e-05,53.47361298240858,1,11.800778407441491,1.11712,1.11932,1.11663,1.11749,3.3109915972420647,-0.000908844164878575,0.00038611282950570575,51.35336225540173,2.0,-8.967181986708828,1.11761,1.11932,1.112425,1.1143299999999998,-29.43472759415927,0.009973712007123936,-0.0004737116015917156,62.89603919650575,2.0,-12.169974546386438,1.2432143214321456,-1.319421942194225
120,120,2016-02-16 10:00:00,1.11753,1.11842,1.1173349999999995,1.11814,5.455488579247675,0.0003949937251725989,-3.7179945590870285e-06,58.52170663773902,1,2.4110277705747984,1.11753,1.1190449999999998,1.11732,1.11743,-0.8949106431721807,-0.0007552940404029763,0.0004317303631850436,50.97728418566901,2.0,-1.2703417435091513,1.11761,1.11932,1.112425,1.1143299999999998,-29.43472759415927,0.009973712007123936,-0.0004737116015917156,62.89603919650575,2.0,-12.169974546386438,1.397509750975071,-1.4767676767676672
121,121,2016-02-16 10:05:00,1.11814,1.118595,1.11778,1.11805,-0.8049729439642546,0.00040065672404177016,1.5560034480674575e-06,57.58997931056108,1,-0.5408085021670037,1.11753,1.1190449999999998,1.11732,1.11743,-0.8949106431721807,-0.0007552940404029763,0.0004317303631850436,50.97728418566901,2.0,-1.2703417435091513,1.11761,1.11932,1.112425,1.1143299999999998,-29.43472759415927,0.009973712007123936,-0.0004737116015917156,62.89603919650575,2.0,-12.169974546386438,1.1959095909591446,-1.2989198919892517
122,122,2016-02-16 10:10:00,1.11804,1.1190449999999998,1.1180450000000002,1.11884,7.150262772158072,0.00046354760094424735,5.155750428043571e-05,63.13779945707185,2,-5.5447647102040065,1.11753,1.1190449999999998,1.11732,1.11743,-0.8949106431721807,-0.0007552940404029763,0.0004317303631850436,50.97728418566901,2.0,-1.2703417435091513,1.11761,1.11932,1.112425,1.1143299999999998,-29.43472759415927,0.009973712007123936,-0.0004737116015917156,62.89603919650575,2.0,-12.169974546386438,0.5278227822782358,-0.6256825682568327
123,123,2016-02-16 10:15:00,1.11882,1.11897,1.11832,1.11838,-3.93426205761902,0.0004708433295608216,4.7082586317607896e-05,58.351281310491856,2,-1.0739500033567384,1.11753,1.1190449999999998,1.11732,1.11743,-0.8949106431721807,-0.0007552940404029763,0.0004317303631850436,50.97728418566901,2.0,-1.2703417435091513,1.11761,1.11932,1.112425,1.1143299999999998,-29.43472759415927,0.009973712007123936,-0.0004737116015917156,62.89603919650575,2.0,-12.169974546386438,-0.33984398439843416,0.26678667866787154
124,124,2016-02-16 10:20:00,1.11839,1.1183900000000002,1.117675,1.11797,-3.7568092167060567,0.0004384870675986363,1.1781059484338016e-05,54.39319256914758,0,1.251860197161697,1.11753,1.1190449999999998,1.11732,1.11743,-0.8949106431721807,-0.0007552940404029763,0.0004317303631850436,50.97728418566901,2.0,-1.2703417435091513,1.11761,1.11932,1.112425,1.1143299999999998,-29.43472759415927,0.009973712007123936,-0.0004737116015917156,62.89603919650575,2.0,-12.169974546386438,-0.5576157615760319,0.48231823182305916
125,125,2016-02-16 10:25:00,1.11796,1.11832,1.117835,1.1182,2.146306564121069,0.0004264872946360132,-1.7497078262808776e-07,56.18855197014969,2,-4.741770240050745,1.11753,1.1190449999999998,1.11732,1.11743,-0.8949106431721807,-0.0007552940404029763,0.0004317303631850436,50.97728418566901,2.0,-1.2703417435091513,1.11761,1.11932,1.112425,1.1143299999999998,-29.43472759415927,0.009973712007123936,-0.0004737116015917156,62.89603919650575,2.0,-12.169974546386438,-0.6532653265325236,0.583458345834454
126,126,2016-02-16 10:30:00,1.11819,1.11846,1.117845,1.11825,0.5365526492282494,0.00041621411303083283,-8.358521910246876e-06,56.588636726368726,2,-2.7737386055448563,1.11753,1.1190449999999998,1.11732,1.11743,-0.8949106431721807,-0.0007552940404029763,0.0004317303631850436,50.97728418566901,2.0,-1.2703417435091513,1.11761,1.11932,1.112425,1.1143299999999998,-29.43472759415927,0.009973712007123936,-0.0004737116015917156,62.89603919650575,2.0,-12.169974546386438,-1.0550455045503495,0.9952895289527903
127,127,2016-02-16 10:35:00,1.11826,1.1182599999999998,1.1178050000000002,1.1181,-1.4309990161876214,0.0003914563312832353,-2.649304292627548e-05,54.96693181863246,2,-3.7584578629238417,1.11753,1.1190449999999998,1.11732,1.11743,-0.8949106431721807,-0.0007552940404029763,0.0004317303631850436,50.97728418566901,2.0,-1.2703417435091513,1.11761,1.11932,1.112425,1.1143299999999998,-29.43472759415927,0.009973712007123936,-0.0004737116015917156,62.89603919650575,2.0,-12.169974546386438,-1.4648364836482968,1.4029502950294286
128,128,2016-02-16 10:40:00,1.11809,1.11819,1.117525,1.11766,-3.847323873091373,0.0003324984529191609,-6.836073703227988e-05,50.40390631638768,0,-2.0589195334460992,1.11753,1.1190449999999998,1.11732,1.11743,-0.8949106431721807,-0.0007552940404029763,0.0004317303631850436,50.97728418566901,2.0,-1.2703417435091513,1.11761,1.11932,1.112425,1.1143299999999998,-29.43472759415927,0.009973712007123936,-0.0004737116015917156,62.89603919650575,2.0,-12.169974546386438,-1.4948394839484611,1.4012501250125744
129,129,2016-02-16 10:45:00,1.1176700000000002,1.118325,1.117675,1.11795,2.5045842837341383,0.0003056511299510678,-7.616644800029855e-05,53.16362419372499,2,-3.2213540511608336,1.11753,1.1190449999999998,1.11732,1.11743,-0.8949106431721807,-0.0007552940404029763,0.0004317303631850436,50.97728418566901,2.0,-1.2703417435091513,1.11761,1.11932,1.112425,1.1143299999999998,-29.43472759415927,0.009973712007123936,-0.0004737116015917156,62.89603919650575,2.0,-12.169974546386438,-1.4878387838785174,1.439573957395871
130,130,2016-02-16 10:50:00,1.11795,1.118085,1.11744,1.11768,-2.4157182735666063,0.0002595952372557164,-9.777787255651994e-05,50.35428548809158,0,-0.4477419825775414,1.11753,1.1190449999999998,1.11732,1.11743,-0.8949106431721807,-0.0007552940404029763,0.0004317303631850436,50.97728418566901,2.0,-1.2703417435091513,1.11761,1.11932,1.112425,1.1143299999999998,-29.43472759415927,0.009973712007123936,-0.0004737116015917156,62.89603919650575,2.0,-12.169974546386438,-1.6468246824683674,1.5867486748676116
131,131,2016-02-16 10:55:00,1.1176700000000002,1.1179,1.11732,1.11743,-2.147785543613632,0.00020061019041750502,-0.00012541033551578503,47.83379375205536,0,2.7736000748393246,1.11753,1.1190449999999998,1.11732,1.11743,-0.8949106431721807,-0.0007552940404029763,0.0004317303631850436,50.97728418566901,2.0,-1.2703417435091513,1.11761,1.11932,1.112425,1.1143299999999998,-29.43472759415927,0.009973712007123936,-0.0004737116015917156,62.89603919650575,2.0,-12.169974546386438,-1.497409740974165,1.4398939893990041
132,132,2016-02-16 11:00:00,1.11746,1.117675,1.11719,1.11761,1.342149766019403,0.00016646965297573146,-0.0001276406983660469,49.782822819772655,0,-2.7750438020880583,1.11746,1.118015,1.1156450000000002,1.11572,-15.595310651416595,-0.0007627941532450944,0.0003393842002743404,41.62191857791605,1.0,-10.617609329244477,1.11761,1.11932,1.112425,1.1143299999999998,-29.43472759415927,0.009973712007123936,-0.0004737116015917156,62.89603919650575,2.0,-12.169974546386438,-1.374967496749663,1.3429542954295506
133,133,2016-02-16 11:05:00,1.11761,1.117995,1.1175700000000002,1.11765,0.35789379501668683,0.0001410151617835531,-0.00012247615164658022,50.22785111363852,2,-4.744166069302722,1.11746,1.118015,1.1156450000000002,1.11572,-15.595310651416595,-0.0007627941532450944,0.0003393842002743404,41.62191857791605,1.0,-10.617609329244477,1.11761,1.11932,1.112425,1.1143299999999998,-29.43472759415927,0.009973712007123936,-0.0004737116015917156,62.89603919650575,2.0,-12.169974546386438,-1.581028102810309,1.5404740474047816
134,134,2016-02-16 11:10:00,1.11766,1.118015,1.11763,1.11778,1.0735565138032346,0.00012983554433332325,-0.0001069246152774481,51.725202844152825,2,-6.5338689992414505,1.11746,1.118015,1.1156450000000002,1.11572,-15.595310651416595,-0.0007627941532450944,0.0003393842002743404,41.62191857791605,1.0,-10.617609329244477,1.11761,1.11932,1.112425,1.1143299999999998,-29.43472759415927,0.009973712007123936,-0.0004737116015917156,62.89603919650575,2.0,-12.169974546386438,-2.061736173617413,1.989268926892776
135,135,2016-02-16 11:15:00,1.11779,1.1178,1.1172,1.11732,-4.20649411090798,8.290182075443299e-05,-0.00012308667108507069,46.40529468455747,0,-1.7902987309348075,1.11746,1.118015,1.1156450000000002,1.11572,-15.595310651416595,-0.0007627941532450944,0.0003393842002743404,41.62191857791605,1.0,-10.617609329244477,1.11761,1.11932,1.112425,1.1143299999999998,-29.43472759415927,0.009973712007123936,-0.0004737116015917156,62.89603919650575,2.0,-12.169974546386438,-2.3853485348536045,2.3639863986400296
136,136,2016-02-16 11:20:00,1.11734,1.117505,1.11707,1.11716,-1.6112284721979753,3.242210204446039e-05,-0.0001388531118360346,44.68382603064696,2,-4.835856180915456,1.11746,1.118015,1.1156450000000002,1.11572,-15.595310651416595,-0.0007627941532450944,0.0003393842002743404,41.62191857791605,1.0,-10.617609329244477,1.11761,1.11932,1.112425,1.1143299999999998,-29.43472759415927,0.009973712007123936,-0.0004737116015917156,62.89603919650575,2.0,-12.169974546386438,-2.4132613261327687,2.4178717871789126
137,137,2016-02-16 11:25:00,1.11717,1.117575,1.117075,1.11709,-0.716146416135495,-1.3081063349851265e-05,-0.000147485021784277,43.916253180170926,2,-5.731934007257116,1.11746,1.118015,1.1156450000000002,1.11572,-15.595310651416595,-0.0007627941532450944,0.0003393842002743404,41.62191857791605,1.0,-10.617609329244477,1.11761,1.11932,1.112425,1.1143299999999998,-29.43472759415927,0.009973712007123936,-0.0004737116015917156,62.89603919650575,2.0,-12.169974546386438,-2.4634963496350593,2.4717571757176793
138,138,2016-02-16 11:30:00,1.1171,1.117185,1.11701,1.11716,0.5370761573986625,-4.299857397671581e-05,-0.00014192202592891326,44.93491550966358,2,-7.523119612579143,1.11746,1.118015,1.1156450000000002,1.11572,-15.595310651416595,-0.0007627941532450944,0.0003393842002743404,41.62191857791605,1.0,-10.617609329244477,1.11761,1.11932,1.112425,1.1143299999999998,-29.43472759415927,0.009973712007123936,-0.0004737116015917156,62.89603919650575,2.0,-12.169974546386438,-2.705900590059069,2.7230223022302793
139,139,2016-02-16 11:35:00,1.11717,1.11735,1.116565,1.11665,-4.656785922178623,-0.00010663196749938209,-0.00016444433556126364,39.32994440566014,2,-4.837447907510769,1.11746,1.118015,1.1156450000000002,1.11572,-15.595310651416595,-0.0007627941532450944,0.0003393842002743404,41.62191857791605,1.0,-10.617609329244477,1.11761,1.11932,1.112425,1.1143299999999998,-29.43472759415927,0.009973712007123936,-0.0004737116015917156,62.89603919650575,2.0,-12.169974546386438,-2.8274927492749007,2.814201420141993
140,140,2016-02-16 11:40:00,1.11665,1.116765,1.1163599999999998,1.11647,-1.6122242424771551,-0.0001696309855869771,-0.0001819546829190869,37.54968707400046,2,-6.720724328281474,1.11746,1.118015,1.1156450000000002,1.11572,-15.595310651416595,-0.0007627941532450944,0.0003393842002743404,41.62191857791605,1.0,-10.617609329244477,1.11761,1.11932,1.112425,1.1143299999999998,-29.43472759415927,0.009973712007123936,-0.0004737116015917156,62.89603919650575,2.0,-12.169974546386438,-2.5871187118711987,2.564356435643598
141,141,2016-02-16 11:45:00,1.11647,1.1165950000000002,1.1162100000000001,1.1163299999999998,-1.2541094479233648,-0.0002282241651645478,-0.00019243828999732608,36.178032947475174,2,-4.0327817964525465,1.11746,1.118015,1.1156450000000002,1.11572,-15.595310651416595,-0.0007627941532450944,0.0003393842002743404,41.62191857791605,1.0,-10.617609329244477,1.11761,1.11932,1.112425,1.1143299999999998,-29.43472759415927,0.009973712007123936,-0.0004737116015917156,62.89603919650575,2.0,-12.169974546386438,-2.319301930192976,2.2822882288228734
142,142,2016-02-16 11:50:00,1.11634,1.11641,1.11595,1.11612,-1.971114217110248,-0.0002882817940055293,-0.00020199673507064606,34.16217577757301,2,1.0738869210749318,1.11746,1.118015,1.1156450000000002,1.11572,-15.595310651416595,-0.0007627941532450944,0.0003393842002743404,41.62191857791605,1.0,-10.617609329244477,1.11761,1.11932,1.112425,1.1143299999999998,-29.43472759415927,0.009973712007123936,-0.0004737116015917156,62.89603919650575,2.0,-12.169974546386438,-1.9264026402638872,1.8831183118310444
143,143,2016-02-16 11:55:00,1.11611,1.116455,1.1156450000000002,1.11572,-3.495500663247862,-0.0003639590611144161,-0.00022213920174362636,30.658013581801328,1,2.8669243888897635,1.11746,1.118015,1.1156450000000002,1.11572,-15.595310651416595,-0.0007627941532450944,0.0003393842002743404,41.62191857791605,1.0,-10.617609329244477,1.11761,1.11932,1.112425,1.1143299999999998,-29.43472759415927,0.009973712007123936,-0.0004737116015917156,62.89603919650575,2.0,-12.169974546386438,-1.212811281128046,1.1421942194218695
144,144,2016-02-16 12:00:00,1.11573,1.11605,1.11565,1.11589,1.4338330839055635,-0.00040554143208448856,-0.000210977258170959,33.76746426323422,1,0.9850586165202936,1.11573,1.11697,1.11565,1.11657,7.5230393078799525,-0.0006921712313607831,0.0003280056977269213,46.844002431916245,1.0,-20.473972996132648,1.11761,1.11932,1.112425,1.1143299999999998,-29.43472759415927,0.009973712007123936,-0.0004737116015917156,62.89603919650575,2.0,-12.169974546386438,-0.40501050105012987,0.3544054405440893
145,145,2016-02-16 12:05:00,1.11588,1.1162800000000002,1.11565,1.1162299999999998,3.1355545004172303,-0.0004063761508550368,-0.00016944958155320572,39.60099949625688,0,1.0742992072475608,1.11573,1.11697,1.11565,1.11657,7.5230393078799525,-0.0006921712313607831,0.0003280056977269213,46.844002431916245,1.0,-20.473972996132648,1.11761,1.11932,1.112425,1.1143299999999998,-29.43472759415927,0.009973712007123936,-0.0004737116015917156,62.89603919650575,2.0,-12.169974546386438,-0.06177617761771247,-0.01652165216525093
146,146,2016-02-16 12:10:00,1.11622,1.1163,1.115935,1.11603,-1.70246319543303,-0.0004183534815058732,-0.00014514152976323366,37.50822370759988,0,2.328850121820729,1.11573,1.11697,1.11565,1.11657,7.5230393078799525,-0.0006921712313607831,0.0003280056977269213,46.844002431916245,1.0,-20.473972996132648,1.11761,1.11932,1.112425,1.1143299999999998,-29.43472759415927,0.009973712007123936,-0.0004737116015917156,62.89603919650575,2.0,-12.169974546386438,0.19194919491958362,-0.2426342634264285
147,147,2016-02-16 12:15:00,1.11604,1.116135,1.11572,1.11599,-0.4480326884639062,-0.00042616075216961313,-0.00012235904034157893,37.0860974483475,1,3.2247710173870985,1.11573,1.11697,1.11565,1.11657,7.5230393078799525,-0.0006921712313607831,0.0003280056977269213,46.844002431916245,1.0,-20.473972996132648,1.11761,1.11932,1.112425,1.1143299999999998,-29.43472759415927,0.009973712007123936,-0.0004737116015917156,62.89603919650575,2.0,-12.169974546386438,0.6056805680567783,-0.7043304330432636
148,148,2016-02-16 12:20:00,1.11599,1.11639,1.1158,1.11635,3.2247950911444967,-0.00039870307816358697,-7.592109306844217e-05,43.273765669954045,0,0.9852417240824728,1.11573,1.11697,1.11565,1.11657,7.5230393078799525,-0.0006921712313607831,0.0003280056977269213,46.844002431916245,1.0,-20.473972996132648,1.11761,1.11932,1.112425,1.1143299999999998,-29.43472759415927,0.009973712007123936,-0.0004737116015917156,62.89603919650575,2.0,-12.169974546386438,0.8489648964895996,-0.932063206320589
149,149,2016-02-16 12:25:00,1.11634,1.1164,1.1160700000000001,1.11629,-0.4479122808598617,-0.0003774333554729114,-4.372109630221331e-05,42.52311326561197,1,3.4928677942779647,1.11573,1.11697,1.11565,1.11657,7.5230393078799525,-0.0006921712313607831,0.0003280056977269213,46.844002431916245,1.0,-20.473972996132648,1.11761,1.11932,1.112425,1.1143299999999998,-29.43472759415927,0.009973712007123936,-0.0004737116015917156,62.89603919650575,2.0,-12.169974546386438,0.9582358235823176,-0.9829782978297628
150,150,2016-02-16 12:30:00,1.1163,1.1165950000000002,1.116125,1.11635,0.4478882071024631,-0.0003516814832171811,-1.4375379237186315e-05,43.57714558465038,1,4.835714325638496,1.11573,1.11697,1.11565,1.11657,7.5230393078799525,-0.0006921712313607831,0.0003280056977269213,46.844002431916245,1.0,-20.473972996132648,1.11761,1.11932,1.112425,1.1143299999999998,-29.43472759415927,0.009973712007123936,-0.0004737116015917156,62.89603919650575,2.0,-12.169974546386438,1.121232123212281,-1.1297329732973176
151,151,2016-02-16 12:35:00,1.11634,1.116545,1.11617,1.11645,0.9852657978398716,-0.0003195205407580115,1.422845057758661e-05,45.37512445930178,1,2.32809227852619,1.11573,1.11697,1.11565,1.11657,7.5230393078799525,-0.0006921712313607831,0.0003280056977269213,46.844002431916245,1.0,-20.473972996132648,1.11761,1.11932,1.112425,1.1143299999999998,-29.43472759415927,0.009973712007123936,-0.0004737116015917156,62.89603919650575,2.0,-12.169974546386438,1.226092609260935,-1.2597959795980027
152,152,2016-02-16 12:40:00,1.11643,1.116775,1.116325,1.11666,2.05971378933563,-0.0002739298246916544,4.7855333315154965e-05,49.04712079695097,0,-0.7167814201732279,1.11573,1.11697,1.11565,1.11657,7.5230393078799525,-0.0006921712313607831,0.0003280056977269213,46.844002431916245,1.0,-20.473972996132648,1.11761,1.11932,1.112425,1.1143299999999998,-29.43472759415927,0.009973712007123936,-0.0004737116015917156,62.89603919650575,2.0,-12.169974546386438,1.179007900790119,-1.2167216721672938
153,153,2016-02-16 12:45:00,1.11666,1.11697,1.1165100000000001,1.11686,1.7907347384629944,-0.0002191344793438521,8.212054293036579e-05,52.33351949467226,0,2.1474355462385324,1.11573,1.11697,1.11565,1.11657,7.5230393078799525,-0.0006921712313607831,0.0003280056977269213,46.844002431916245,1.0,-20.473972996132648,1.11761,1.11932,1.112425,1.1143299999999998,-29.43472759415927,0.009973712007123936,-0.0004737116015917156,62.89603919650575,2.0,-12.169974546386438,0.8824382438244684,-0.9276927692770054
154,154,2016-02-16 12:50:00,1.11686,1.1169,1.116525,1.11669,-1.5223562492724343,-0.00018726764775411908,9.118989961607904e-05,49.41594322165854,1,2.7745206178713584,1.11573,1.11697,1.11565,1.11657,7.5230393078799525,-0.0006921712313607831,0.0003280056977269213,46.844002431916245,1.0,-20.473972996132648,1.11761,1.11932,1.112425,1.1143299999999998,-29.43472759415927,0.009973712007123936,-0.0004737116015917156,62.89603919650575,2.0,-12.169974546386438,0.6488648864887898,-0.7138613861387408
155,155,2016-02-16 12:55:00,1.11668,1.1167850000000001,1.116325,1.11657,-0.9851599093637876,-0.0001697393022321858,8.697459611040988e-05,47.40684869253353,1,0.3564922771899468,1.11573,1.11697,1.11565,1.11657,7.5230393078799525,-0.0006921712313607831,0.0003280056977269213,46.844002431916245,1.0,-20.473972996132648,1.11761,1.11932,1.112425,1.1143299999999998,-29.43472759415927,0.009973712007123936,-0.0004737116015917156,62.89603919650575,2.0,-12.169974546386438,0.6901390139015062,-0.7817981798180905
156,156,2016-02-16 13:00:00,1.11657,1.117275,1.116535,1.11709,4.654951704874756,-0.00011259043548750293,0.00011529877028407422,55.79411044730338,2,-5.2837075758646295,1.11657,1.117665,1.115945,1.11733,6.801929600027496,-0.0005683251104386944,0.000361481454919208,51.059436836897966,2.0,-30.95669692953257,1.11761,1.11932,1.112425,1.1143299999999998,-29.43472759415927,0.009973712007123936,-0.0004737116015917156,62.89603919650575,2.0,-12.169974546386438,0.5127612761277476,-0.545914591459278
157,157,2016-02-16 13:05:00,1.11708,1.117245,1.11671,1.11698,-0.8952711776396084,-7.530752922879635e-05,0.00012206534123422464,53.83817134823303,2,-7.255331819254378,1.11657,1.117665,1.115945,1.11733,6.801929600027496,-0.0005683251104386944,0.000361481454919208,51.059436836897966,2.0,-30.95669692953257,1.11761,1.11932,1.112425,1.1143299999999998,-29.43472759415927,0.009973712007123936,-0.0004737116015917156,62.89603919650575,2.0,-12.169974546386438,0.00025002500264865746,-0.03977397739788095
158,158,2016-02-16 13:10:00,1.11698,1.117085,1.11598,1.1166,-3.4031882500452,-7.555245988966064e-05,9.745632845868828e-05,47.626718095166595,2,-2.239760466983472,1.11657,1.117665,1.115945,1.11733,6.801929600027496,-0.0005683251104386944,0.000361481454919208,51.059436836897966,2.0,-30.95669692953257,1.11761,1.11932,1.112425,1.1143299999999998,-29.43472759415927,0.009973712007123936,-0.0004737116015917156,62.89603919650575,2.0,-12.169974546386438,-0.10845084508443162,0.019061906190545933
159,159,2016-02-16 13:15:00,1.11658,1.1168,1.116325,1.11647,-0.9852481481798208,-8.525373080736642e-05,7.020404603278599e-05,45.684850700093975,0,-0.17998488701268278,1.11657,1.117665,1.115945,1.11733,6.801929600027496,-0.0005683251104386944,0.000361481454919208,51.059436836897966,2.0,-30.95669692953257,1.11761,1.11932,1.112425,1.1143299999999998,-29.43472759415927,0.009973712007123936,-0.0004737116015917156,62.89603919650575,2.0,-12.169974546386438,0.22003200320033903,-0.2648964896489846
160,160,2016-02-16 13:20:00,1.11651,1.11735,1.11606,1.11619,-2.866895421029358,-0.00011421907148889687,3.299096428100443e-05,41.737591376225794,1,10.113605475812044,1.11657,1.117665,1.115945,1.11733,6.801929600027496,-0.0005683251104386944,0.000361481454919208,51.059436836897966,2.0,-30.95669692953257,1.11761,1.11932,1.112425,1.1143299999999998,-29.43472759415927,0.009973712007123936,-0.0004737116015917156,62.89603919650575,2.0,-12.169974546386438,0.9517151715171327,-0.946374637463727
161,161,2016-02-16 13:25:00,1.11618,1.116455,1.115945,1.11636,1.612383102225707,-0.00012204981907126822,2.0128173358906475e-05,44.85304003862086,1,6.084747384102544,1.11657,1.117665,1.115945,1.11733,6.801929600027496,-0.0005683251104386944,0.000361481454919208,51.059436836897966,2.0,-30.95669692953257,1.11761,1.11932,1.112425,1.1143299999999998,-29.43472759415927,0.009973712007123936,-0.0004737116015917156,62.89603919650575,2.0,-12.169974546386438,1.8328332833283179,-1.7937893789378905
162,162,2016-02-16 13:30:00,1.11665,1.117345,1.11624,1.11677,1.0745274317909683,-9.40875863328916e-05,3.847232487782647e-05,51.5780653101501,1,4.2046706124151925,1.11657,1.117665,1.115945,1.11733,6.801929600027496,-0.0005683251104386944,0.000361481454919208,51.059436836897966,2.0,-30.95669692953257,1.11761,1.11932,1.112425,1.1143299999999998,-29.43472759415927,0.009973712007123936,-0.0004737116015917156,62.89603919650575,2.0,-12.169974546386438,2.352535253525342,-2.3024502450244864
163,163,2016-02-16 13:35:00,1.11676,1.117665,1.116725,1.11759,7.4266949417953665,-5.6945255113571855e-06,0.00010149230855948872,61.65072536509197,2,-3.4010368960615414,1.11657,1.117665,1.115945,1.11733,6.801929600027496,-0.0005683251104386944,0.000361481454919208,51.059436836897966,2.0,-30.95669692953257,1.11761,1.11932,1.112425,1.1143299999999998,-29.43472759415927,0.009973712007123936,-0.0004737116015917156,62.89603919650575,2.0,-12.169974546386438,2.0404040404039616,-1.9698869886987798
164,164,2016-02-16 13:40:00,1.1176,1.11766,1.116895,1.11733,-2.416474989483792,4.288345120651016e-05,0.00012005622822188486,57.56205139552767,0,-0.08957116973197488,1.11657,1.117665,1.115945,1.11733,6.801929600027496,-0.0005683251104386944,0.000361481454919208,51.059436836897966,2.0,-30.95669692953257,1.11761,1.11932,1.112425,1.1143299999999998,-29.43472759415927,0.009973712007123936,-0.0004737116015917156,62.89603919650575,2.0,-12.169974546386438,1.358365836583577,-1.3791479147913903
165,165,2016-02-16 13:45:00,1.11734,1.11761,1.117,1.11725,-0.8055493398963837,7.407265289471887e-05,0.00012099634392807488,56.32427771403353,1,3.936878232792268,1.11657,1.117665,1.115945,1.11733,6.801929600027496,-0.0005683251104386944,0.000361481454919208,51.059436836897966,2.0,-30.95669692953257,1.11761,1.11932,1.112425,1.1143299999999998,-29.43472759415927,0.009973712007123936,-0.0004737116015917156,62.89603919650575,2.0,-12.169974546386438,1.1029502950294319,-1.1448544854484723
166,166,2016-02-16 13:50:00,1.11726,1.11737,1.117035,1.11724,-0.1790125666813664,9.686678352927024e-05,0.000115032379650101,56.16170787198124,1,2.7736809852366155,1.11657,1.117665,1.115945,1.11733,6.801929600027496,-0.0005683251104386944,0.000361481454919208,51.059436836897966,2.0,-30.95669692953257,1.11761,1.11932,1.112425,1.1143299999999998,-29.43472759415927,0.009973712007123936,-0.0004737116015917156,62.89603919650575,2.0,-12.169974546386438,0.9862786278626486,-1.0645464546453365
167,167,2016-02-16 13:55:00,1.11723,1.11765,1.11713,1.11733,0.8949907368457751,0.00012080102509726133,0.00011117329697447363,57.35471373889534,1,4.47297923429134,1.11657,1.117665,1.115945,1.11733,6.801929600027496,-0.0005683251104386944,0.000361481454919208,51.059436836897966,2.0,-30.95669692953257,1.11761,1.11932,1.112425,1.1143299999999998,-29.43472759415927,0.009973712007123936,-0.0004737116015917156,62.89603919650575,2.0,-12.169974546386438,0.9494549454944576,-1.0147814781477376
168,168,2016-02-16 14:00:00,1.11734,1.117835,1.1172049999999998,1.1177,3.2209000626278605,0.00016769194341881288,0.00012645137223682017,61.94033151400002,0,2.1465735587111023,1.11734,1.118375,1.114175,1.11456,-24.942578237151928,-0.0006857866953522418,0.0001952158960045285,38.93884155433839,2.0,-7.720128335823849,1.11761,1.11932,1.112425,1.1143299999999998,-29.43472759415927,0.009973712007123936,-0.0004737116015917156,62.89603919650575,2.0,-12.169974546386438,0.5858885888589063,-0.626882688268867
169,169,2016-02-16 14:05:00,1.11771,1.11788,1.1174400000000002,1.11756,-1.3422098142370202,0.00019135073192200205,0.00012008812859200745,59.34024873101047,1,0.3570725640713106,1.11734,1.118375,1.114175,1.11456,-24.942578237151928,-0.0006857866953522418,0.0001952158960045285,38.93884155433839,2.0,-7.720128335823849,1.11761,1.11932,1.112425,1.1143299999999998,-29.43472759415927,0.009973712007123936,-0.0004737116015917156,62.89603919650575,2.0,-12.169974546386438,0.07098709870987199,-0.15211521152115737
170,170,2016-02-16 14:10:00,1.11755,1.11791,1.11739,1.11784,2.5942889859005,0.0002300423669951979,0.00012702381093216265,62.711586279915984,1,4.2010123499003145,1.11734,1.118375,1.114175,1.11456,-24.942578237151928,-0.0006857866953522418,0.0001952158960045285,38.93884155433839,2.0,-7.720128335823849,1.11761,1.11932,1.112425,1.1143299999999998,-29.43472759415927,0.009973712007123936,-0.0004737116015917156,62.89603919650575,2.0,-12.169974546386438,-0.5128812881288569,0.43020302030207264
171,171,2016-02-16 14:15:00,1.11785,1.11803,1.1177199999999998,1.11795,0.8944943870476227,0.0002665096894371999,0.0001307929066993317,63.9753239782339,2,0.0863381694816483,1.11734,1.118375,1.114175,1.11456,-24.942578237151928,-0.0006857866953522418,0.0001952158960045285,38.93884155433839,2.0,-7.720128335823849,1.11761,1.11932,1.112425,1.1143299999999998,-29.43472759415927,0.009973712007123936,-0.0004737116015917156,62.89603919650575,2.0,-12.169974546386438,-1.4362836283628417,1.436433643364331
172,172,2016-02-16 14:20:00,1.11795,1.117985,1.11758,1.1176,-3.1317108088768117,0.0002641235780806994,0.00010272543627426501,57.31890074110007,1,-1.7040476558228206,1.11734,1.118375,1.114175,1.11456,-24.942578237151928,-0.0006857866953522418,0.0001952158960045285,38.93884155433839,2.0,-7.720128335823849,1.11761,1.11932,1.112425,1.1143299999999998,-29.43472759415927,0.009973712007123936,-0.0004737116015917156,62.89603919650575,2.0,-12.169974546386438,-2.3149314931492624,2.343234323432337
173,173,2016-02-16 14:25:00,1.1176,1.118375,1.1175099999999998,1.11832,6.438228771729505,0.0003166800597462772,0.00012422553435187416,65.31411863303194,2,-16.031142101455,1.11734,1.118375,1.114175,1.11456,-24.942578237151928,-0.0006857866953522418,0.0001952158960045285,38.93884155433839,2.0,-7.720128335823849,1.11761,1.11932,1.112425,1.1143299999999998,-29.43472759415927,0.009973712007123936,-0.0004737116015917156,62.89603919650575,2.0,-12.169974546386438,-3.7211321132111914,3.6490449044903532
174,174,2016-02-16 14:30:00,1.11831,1.11834,1.11785,1.11795,-3.2201797933710448,0.0003247322313104649,0.00010582216473284964,59.179086064330605,2,-10.03283601983962,1.11734,1.118375,1.114175,1.11456,-24.942578237151928,-0.0006857866953522418,0.0001952158960045285,38.93884155433839,2.0,-7.720128335823849,1.11761,1.11932,1.112425,1.1143299999999998,-29.43472759415927,0.009973712007123936,-0.0004737116015917156,62.89603919650575,2.0,-12.169974546386438,-5.635803580357899,5.6594659465945485
175,175,2016-02-16 14:35:00,1.11796,1.11799,1.11734,1.11741,-4.9220966341812815,0.00028426333744979715,5.22826166977454e-05,51.56616457036081,2,-11.028907264352783,1.11734,1.118375,1.114175,1.11456,-24.942578237151928,-0.0006857866953522418,0.0001952158960045285,38.93884155433839,2.0,-7.720128335823849,1.11761,1.11932,1.112425,1.1143299999999998,-29.43472759415927,0.009973712007123936,-0.0004737116015917156,62.89603919650575,2.0,-12.169974546386438,-7.35223522352223,7.383468346834582
176,176,2016-02-16 14:40:00,1.1174,1.11765,1.1153049999999998,1.11556,-7.888865673902675,0.00010173912331468138,-0.00010419327794989633,34.96912796802296,2,-8.792496370811042,1.11734,1.118375,1.114175,1.11456,-24.942578237151928,-0.0006857866953522418,0.0001952158960045285,38.93884155433839,2.0,-7.720128335823849,1.11761,1.11932,1.112425,1.1143299999999998,-29.43472759415927,0.009973712007123936,-0.0004737116015917156,62.89603919650575,2.0,-12.169974546386438,-7.624322432243203,7.65282528252818
177,177,2016-02-16 14:45:00,1.11555,1.11605,1.1151200000000001,1.11586,2.778126288244336,-1.849197463532625e-05,-0.00017953950071992317,38.42987584003814,2,-16.14855522880162,1.11734,1.118375,1.114175,1.11456,-24.942578237151928,-0.0006857866953522418,0.0001952158960045285,38.93884155433839,2.0,-7.720128335823849,1.11761,1.11932,1.112425,1.1143299999999998,-29.43472759415927,0.009973712007123936,-0.0004737116015917156,62.89603919650575,2.0,-12.169974546386438,-7.26415641564162,7.296829682968361
178,178,2016-02-16 14:50:00,1.11587,1.1161599999999998,1.1151200000000001,1.11521,-5.918167878694443,-0.00016433124539805277,-0.00025782615519595776,34.185019472201716,2,-11.397468480200489,1.11734,1.118375,1.114175,1.11456,-24.942578237151928,-0.0006857866953522418,0.0001952158960045285,38.93884155433839,2.0,-7.720128335823849,1.11761,1.11932,1.112425,1.1143299999999998,-29.43472759415927,0.009973712007123936,-0.0004737116015917156,62.89603919650575,2.0,-12.169974546386438,-7.143564356435784,7.305300530053124
179,179,2016-02-16 14:55:00,1.11519,1.115285,1.114175,1.11456,-5.652454780360937,-0.00032857191342694486,-0.00025782615519595776,30.550873753265506,2,-10.415560513090217,1.11734,1.118375,1.114175,1.11456,-24.942578237151928,-0.0006857866953522418,0.0001952158960045285,38.93884155433839,2.0,-7.720128335823849,1.11761,1.11932,1.112425,1.1143299999999998,-29.43472759415927,0.009973712007123936,-0.0004737116015917156,62.89603919650575,2.0,-12.169974546386438,-6.620302030203169,6.724362436243719
180,180,2016-02-16 15:00:00,1.11455,1.11476,1.1135099999999998,1.11404,-4.577932569746244,-0.0004949875717010779,-0.00025782615519595776,27.98753596036828,2,-6.286743186316267,1.11455,1.1148049999999998,1.112445,1.11429,-2.33332435900822,-0.0007915382311638464,7.157148815433909e-05,37.99214579606822,2.0,-2.51432412905618,1.11761,1.11932,1.112425,1.1143299999999998,-29.43472759415927,0.009973712007123936,-0.0004737116015917156,62.89603919650575,2.0,-12.169974546386438,-5.859575957595869,5.807970797079713
181,181,2016-02-16 15:05:00,1.11402,1.11453,1.1137450000000002,1.11389,-1.1670811300933075,-0.0006316951379081728,-0.00025782615519595776,27.276576775700487,2,-3.592862228661496,1.11455,1.1148049999999998,1.112445,1.11429,-2.33332435900822,-0.0007915382311638464,7.157148815433909e-05,37.99214579606822,2.0,-2.51432412905618,1.11761,1.11932,1.112425,1.1143299999999998,-29.43472759415927,0.009973712007123936,-0.0004737116015917156,62.89603919650575,2.0,-12.169974546386438,-4.972637263726412,4.794919491949258
182,182,2016-02-16 15:10:00,1.11388,1.11409,1.112445,1.11336,-4.670546813250665,-0.0007738826027379186,-0.00025782615519595776,24.872396999952173,0,2.8735809613680297,1.11455,1.1148049999999998,1.112445,1.11429,-2.33332435900822,-0.0007915382311638464,7.157148815433909e-05,37.99214579606822,2.0,-2.51432412905618,1.11761,1.11932,1.112425,1.1143299999999998,-29.43472759415927,0.009973712007123936,-0.0004737116015917156,62.89603919650575,2.0,-12.169974546386438,-3.678637863786386,3.662306230623106
183,183,2016-02-16 15:15:00,1.11335,1.11356,1.112885,1.1133,-0.4491152429722942,-0.0008812501879722492,-0.00025782615519595776,24.607965705308494,1,0.7179447784643518,1.11455,1.1148049999999998,1.112445,1.11429,-2.33332435900822,-0.0007915382311638464,7.157148815433909e-05,37.99214579606822,2.0,-2.51432412905618,1.11761,1.11932,1.112425,1.1143299999999998,-29.43472759415927,0.009973712007123936,-0.0004737116015917156,62.89603919650575,2.0,-12.169974546386438,-2.297349734973395,2.399329932993222
184,184,2016-02-16 15:20:00,1.11327,1.1135950000000001,1.113035,1.11344,1.5267998275614625,-0.0008859589295702984,-0.00025782615519595776,26.569663911063326,1,3.0519754783994584,1.11455,1.1148049999999998,1.112445,1.11429,-2.33332435900822,-0.0007915382311638464,7.157148815433909e-05,37.99214579606822,2.0,-2.51432412905618,1.11761,1.11932,1.112425,1.1143299999999998,-29.43472759415927,0.009973712007123936,-0.0004737116015917156,62.89603919650575,2.0,-12.169974546386438,-1.284198419841861,1.234933493349221
185,185,2016-02-16 15:25:00,1.11345,1.11383,1.11339,1.11365,1.7958963767788618,-0.0008859589295702984,-0.00025782615519595776,29.53160918164865,0,0.44794750187988586,1.11455,1.1148049999999998,1.112445,1.11429,-2.33332435900822,-0.0007915382311638464,7.157148815433909e-05,37.99214579606822,2.0,-2.51432412905618,1.11761,1.11932,1.112425,1.1143299999999998,-29.43472759415927,0.009973712007123936,-0.0004737116015917156,62.89603919650575,2.0,-12.169974546386438,-0.6737873787377644,0.5281528152814214
186,186,2016-02-16 15:30:00,1.11364,1.113685,1.113155,1.11335,-2.604751425875973,-0.0008859589295702984,-0.00025782615519595776,27.80605898828743,1,3.3220664528068093,1.11455,1.1148049999999998,1.112445,1.11429,-2.33332435900822,-0.0007915382311638464,7.157148815433909e-05,37.99214579606822,2.0,-2.51432412905618,1.11761,1.11932,1.112425,1.1143299999999998,-29.43472759415927,0.009973712007123936,-0.0004737116015917156,62.89603919650575,2.0,-12.169974546386438,0.01017101710175526,-0.09474947494753735
187,187,2016-02-16 15:35:00,1.11332,1.11379,1.1132400000000002,1.11375,3.8608305274965695,-0.0008859589295702984,-0.00022632091848970694,33.39430205350609,0,1.1669392586128629,1.11455,1.1148049999999998,1.112445,1.11429,-2.33332435900822,-0.0007915382311638464,7.157148815433909e-05,37.99214579606822,2.0,-2.51432412905618,1.11761,1.11932,1.112425,1.1143299999999998,-29.43472759415927,0.009973712007123936,-0.0004737116015917156,62.89603919650575,2.0,-12.169974546386438,0.6124912491249104,-0.7412741274127334
188,188,2016-02-16 15:40:00,1.11377,1.11424,1.11363,1.11368,-0.8081315997407107,-0.0008859589295702984,-0.00016423560022083318,32.91414877618544,1,5.295570907712191,1.11455,1.1148049999999998,1.112445,1.11429,-2.33332435900822,-0.0007915382311638464,7.157148815433909e-05,37.99214579606822,2.0,-2.51432412905618,1.11761,1.11932,1.112425,1.1143299999999998,-29.43472759415927,0.009973712007123936,-0.0004737116015917156,62.89603919650575,2.0,-12.169974546386438,1.0361136113611207,-1.1251325132513212
189,189,2016-02-16 15:45:00,1.11369,1.11388,1.11356,1.11372,0.2693675250509508,-0.0008859589295702984,-0.00010694910681446032,33.50253064204287,1,8.883639712534219,1.11455,1.1148049999999998,1.112445,1.11429,-2.33332435900822,-0.0007915382311638464,7.157148815433909e-05,37.99214579606822,2.0,-2.51432412905618,1.11761,1.11932,1.112425,1.1143299999999998,-29.43472759415927,0.009973712007123936,-0.0004737116015917156,62.89603919650575,2.0,-12.169974546386438,1.6084108410840803,-1.6364236423642184
190,190,2016-02-16 15:50:00,1.11372,1.11422,1.113665,1.11391,1.7057033333026228,-0.0008749505253291545,-4.5857068288272774e-05,36.35782980532783,1,9.240809153797043,1.11455,1.1148049999999998,1.112445,1.11429,-2.33332435900822,-0.0007915382311638464,7.157148815433909e-05,37.99214579606822,2.0,-2.51432412905618,1.11761,1.11932,1.112425,1.1143299999999998,-29.43472759415927,0.009973712007123936,-0.0004737116015917156,62.89603919650575,2.0,-12.169974546386438,2.109990999099915,-2.188768876887682
191,191,2016-02-16 15:55:00,1.11392,1.1148049999999998,1.11378,1.11429,3.320500049358618,-0.0007957840317360798,2.66475402438415e-05,41.74538253598086,1,9.058506344616767,1.11455,1.1148049999999998,1.112445,1.11429,-2.33332435900822,-0.0007915382311638464,7.157148815433909e-05,37.99214579606822,2.0,-2.51432412905618,1.11761,1.11932,1.112425,1.1143299999999998,-29.43472759415927,0.009973712007123936,-0.0004737116015917156,62.89603919650575,2.0,-12.169974546386438,2.2608260826082964,-2.351445144514469
192,192,2016-02-16 16:00:00,1.1143,1.11485,1.11395,1.11473,3.8574363298729777,-0.0006895905221491192,0.00010627283986464151,47.30760384744728,1,0.6261352748421922,1.1143,1.11575,1.113765,1.11389,-3.6807943333724285,-0.0008972804517437537,-2.7336585940454668e-05,36.57349728713577,1.0,3.8587433803008766,1.11761,1.11932,1.112425,1.1143299999999998,-29.43472759415927,0.009973712007123936,-0.0004737116015917156,62.89603919650575,2.0,-12.169974546386438,1.9366836683668711,-2.049964996499679
193,193,2016-02-16 16:05:00,1.1147200000000002,1.11575,1.114725,1.11495,2.0628727745654465,-0.0005809820400266562,0.00017190505758968376,49.88420514121338,1,-1.7955720052496646,1.1143,1.11575,1.113765,1.11389,-3.6807943333724285,-0.0008972804517437537,-2.7336585940454668e-05,36.57349728713577,1.0,3.8587433803008766,1.11761,1.11932,1.112425,1.1143299999999998,-29.43472759415927,0.009973712007123936,-0.0004737116015917156,62.89603919650575,2.0,-12.169974546386438,1.265686568656807,-1.34466446644662
194,194,2016-02-16 16:10:00,1.11494,1.1153499999999998,1.114775,1.11529,3.138197240178344,-0.00046214653933196464,0.0002325924466275005,53.655884698071134,2,-6.369326196665367,1.1143,1.11575,1.113765,1.11389,-3.6807943333724285,-0.0008972804517437537,-2.7336585940454668e-05,36.57349728713577,1.0,3.8587433803008766,1.11761,1.11932,1.112425,1.1143299999999998,-29.43472759415927,0.009973712007123936,-0.0004737116015917156,62.89603919650575,2.0,-12.169974546386438,0.2581958195819349,-0.3026502650264777
195,195,2016-02-16 16:15:00,1.1152799999999998,1.1156350000000002,1.1146599999999998,1.11477,-4.574934739901598,-0.0004052566565733162,0.00023158586350891918,47.738400115442246,2,-5.564149025448438,1.1143,1.11575,1.113765,1.11389,-3.6807943333724285,-0.0008972804517437537,-2.7336585940454668e-05,36.57349728713577,1.0,3.8587433803008766,1.11761,1.11932,1.112425,1.1143299999999998,-29.43472759415927,0.009973712007123936,-0.0004737116015917156,62.89603919650575,2.0,-12.169974546386438,-0.6279027902789887,0.5755275527552284
196,196,2016-02-16 16:20:00,1.11476,1.115135,1.11456,1.1147200000000002,-0.3588345055264103,-0.0003600551056188728,0.00022142993157069015,47.19937700549325,2,-6.462047015431964,1.1143,1.11575,1.113765,1.11389,-3.6807943333724285,-0.0008972804517437537,-2.7336585940454668e-05,36.57349728713577,1.0,3.8587433803008766,1.11761,1.11932,1.112425,1.1143299999999998,-29.43472759415927,0.009973712007123936,-0.0004737116015917156,62.89603919650575,2.0,-12.169974546386438,-1.0712571257126866,1.041894189419024
197,197,2016-02-16 16:25:00,1.11471,1.114865,1.114405,1.11455,-1.4355569512373605,-0.00033409884654500566,0.0001979089525156459,45.325480743798046,2,-6.103815066215668,1.1143,1.11575,1.113765,1.11389,-3.6807943333724285,-0.0008972804517437537,-2.7336585940454668e-05,36.57349728713577,1.0,3.8587433803008766,1.11761,1.11932,1.112425,1.1143299999999998,-29.43472759415927,0.009973712007123936,-0.0004737116015917156,62.89603919650575,2.0,-12.169974546386438,-1.4286228622864088,1.386508650865222
198,198,2016-02-16 16:30:00,1.11455,1.1146,1.11412,1.1141299999999998,-3.769757568684668,-0.00034345962537241087,0.00015083853895059252,40.99509821321197,0,-0.3593694084895389,1.1143,1.11575,1.113765,1.11389,-3.6807943333724285,-0.0008972804517437537,-2.7336585940454668e-05,36.57349728713577,1.0,3.8587433803008766,1.11761,1.11932,1.112425,1.1143299999999998,-29.43472759415927,0.009973712007123936,-0.0004737116015917156,62.89603919650575,2.0,-12.169974546386438,-1.4389138913891393,1.413081308130771
199,199,2016-02-16 16:35:00,1.11414,1.11427,1.113815,1.114,-1.2567324955099366,-0.0003572498694637272,0.00010963863588742108,39.72983932474864,0,2.2435721622633658,1.1143,1.11575,1.113765,1.11389,-3.6807943333724285,-0.0008972804517437537,-2.7336585940454668e-05,36.57349728713577,1.0,3.8587433803008766,1.11761,1.11932,1.112425,1.1143299999999998,-29.43472759415927,0.009973712007123936,-0.0004737116015917156,62.89603919650575,2.0,-12.169974546386438,-1.1223522352234716,1.0771777177717052
200,200,2016-02-16 16:40:00,1.11399,1.1144599999999998,1.1138549999999998,1.11387,-1.077325002021062,-0.0003743533385445197,7.402813344530291e-05,38.45178687934836,1,0.08898018864126778,1.1143,1.11575,1.113765,1.11389,-3.6807943333724285,-0.0008972804517437537,-2.7336585940454668e-05,36.57349728713577,1.0,3.8587433803008766,1.11761,1.11932,1.112425,1.1143299999999998,-29.43472759415927,0.009973712007123936,-0.0004737116015917156,62.89603919650575,2.0,-12.169974546386438,-0.6545554555455071,0.6332533253324844
201,201,2016-02-16 16:45:00,1.11388,1.11429,1.113765,1.1141,1.9746880890414595,-0.0003651397791228917,6.659335429354474e-05,42.00631334163682,2,-3.142711204521429,1.1143,1.11575,1.113765,1.11389,-3.6807943333724285,-0.0008972804517437537,-2.7336585940454668e-05,36.57349728713577,1.0,3.8587433803008766,1.11761,1.11932,1.112425,1.1143299999999998,-29.43472759415927,0.009973712007123936,-0.0004737116015917156,62.89603919650575,2.0,-12.169974546386438,-0.3494449444943943,0.31403140314026884
202,202,2016-02-16 16:50:00,1.11409,1.1145450000000001,1.113845,1.11424,1.3462090752429678,-0.0003425919501842678,7.131294658573491e-05,44.121721635204246,2,-2.1550513534325297,1.1143,1.11575,1.113765,1.11389,-3.6807943333724285,-0.0008972804517437537,-2.7336585940454668e-05,36.57349728713577,1.0,3.8587433803008766,1.11761,1.11932,1.112425,1.1143299999999998,-29.43472759415927,0.009973712007123936,-0.0004737116015917156,62.89603919650575,2.0,-12.169974546386438,-0.3718971897189014,0.3372137213720677
203,203,2016-02-16 16:55:00,1.11425,1.1142850000000002,1.113825,1.11389,-3.2319169756431605,-0.0003489423183926643,5.197006270187074e-05,40.176178448719895,1,4.3969783265768605,1.1143,1.11575,1.113765,1.11389,-3.6807943333724285,-0.0008972804517437537,-2.7336585940454668e-05,36.57349728713577,1.0,3.8587433803008766,1.11761,1.11932,1.112425,1.1143299999999998,-29.43472759415927,0.009973712007123936,-0.0004737116015917156,62.89603919650575,2.0,-12.169974546386438,-0.22840284028390076,0.22520252025189047
204,204,2016-02-16 17:00:00,1.1139,1.114085,1.11365,1.11376,-1.2570033041212374,-0.0003603114978334432,3.2480706608873505e-05,38.788720601564094,1,10.138648554487164,1.1139,1.11495,1.113575,1.11371,-1.7060096434431986,-0.000984260476964538,-9.145328892899101e-05,35.92343343332713,1.0,4.398007078184572,1.11761,1.11932,1.112425,1.1143299999999998,-29.43472759415927,0.009973712007123936,-0.0004737116015917156,62.89603919650575,2.0,-12.169974546386438,0.32294229422946114,-0.29827982798285096
205,205,2016-02-16 17:05:00,1.11377,1.114085,1.113665,1.11403,2.3338689263318666,-0.0003435743991295759,3.937424425019267e-05,43.17780821366635,1,2.9590358064788056,1.1139,1.11495,1.113575,1.11371,-1.7060096434431986,-0.000984260476964538,-9.145328892899101e-05,35.92343343332713,1.0,4.398007078184572,1.11761,1.11932,1.112425,1.1143299999999998,-29.43472759415927,0.009973712007123936,-0.0004737116015917156,62.89603919650575,2.0,-12.169974546386438,0.7923292329232225,-0.7290829082907787
206,206,2016-02-16 17:10:00,1.11405,1.11449,1.11405,1.11442,3.3201127043662297,-0.00029543479873028744,7.001107571958493e-05,48.87973239216306,1,-3.0538333829423303,1.1139,1.11495,1.113575,1.11371,-1.7060096434431986,-0.000984260476964538,-9.145328892899101e-05,35.92343343332713,1.0,4.398007078184572,1.11761,1.11932,1.112425,1.1143299999999998,-29.43472759415927,0.009973712007123936,-0.0004737116015917156,62.89603919650575,2.0,-12.169974546386438,0.7478747874786728,-0.6735673567356147
207,207,2016-02-16 17:15:00,1.11441,1.11495,1.1143649999999998,1.11491,4.484666923789066,-0.0002152634901697592,0.00012014590742409055,54.99084730291234,2,-6.910235573923282,1.1139,1.11495,1.113575,1.11371,-1.7060096434431986,-0.000984260476964538,-9.145328892899101e-05,35.92343343332713,1.0,4.398007078184572,1.11761,1.11932,1.112425,1.1143299999999998,-29.43472759415927,0.009973712007123936,-0.0004737116015917156,62.89603919650575,2.0,-12.169974546386438,-0.024832483248413993,0.048154815481629906
208,208,2016-02-16 17:20:00,1.11492,1.114925,1.114385,1.11438,-4.845743821676494,-0.00019227726847503845,0.00011450570329504905,48.269387680944135,0,-0.09031754034712393,1.1139,1.11495,1.113575,1.11371,-1.7060096434431986,-0.000984260476964538,-9.145328892899101e-05,35.92343343332713,1.0,4.398007078184572,1.11761,1.11932,1.112425,1.1143299999999998,-29.43472759415927,0.009973712007123936,-0.0004737116015917156,62.89603919650575,2.0,-12.169974546386438,-0.7357535753576177,0.7538353835384165
209,209,2016-02-16 17:25:00,1.1144,1.114425,1.1139700000000001,1.1141,-2.692756485054905,-0.00019441310881718188,8.98958903623245e-05,45.130943285189325,0,1.1664568226857572,1.1139,1.11495,1.113575,1.11371,-1.7060096434431986,-0.000984260476964538,-9.145328892899101e-05,35.92343343332713,1.0,4.398007078184572,1.11761,1.11932,1.112425,1.1143299999999998,-29.43472759415927,0.009973712007123936,-0.0004737116015917156,62.89603919650575,2.0,-12.169974546386438,-0.8121312131214078,0.8573157315732293
210,210,2016-02-16 17:30:00,1.11411,1.11422,1.113895,1.11418,0.6282647328081145,-0.00018748918761724015,7.745584924981293e-05,46.20712119877674,0,-0.7184614417678465,1.1139,1.11495,1.113575,1.11371,-1.7060096434431986,-0.000984260476964538,-9.145328892899101e-05,35.92343343332713,1.0,4.398007078184572,1.11761,1.11932,1.112425,1.1143299999999998,-29.43472759415927,0.009973712007123936,-0.0004737116015917156,62.89603919650575,2.0,-12.169974546386438,-0.7815481548156239,0.86844684468458
211,211,2016-02-16 17:35:00,1.11417,1.1143999999999998,1.113955,1.11439,1.9741742118996664,-0.0001631756973596854,8.141547160589421e-05,49.033037676971034,2,-4.7575456505248335,1.1139,1.11495,1.113575,1.11371,-1.7060096434431986,-0.000984260476964538,-9.145328892899101e-05,35.92343343332713,1.0,4.398007078184572,1.11761,1.11932,1.112425,1.1143299999999998,-29.43472759415927,0.009973712007123936,-0.0004737116015917156,62.89603919650575,2.0,-12.169974546386438,-1.0963996399641087,1.1847984798480677
212,212,2016-02-16 17:40:00,1.11438,1.1145399999999999,1.1141549999999998,1.11422,-1.4359821220220241,-0.00015582836798566646,7.101024078393054e-05,46.88575245441447,2,-4.668413247012066,1.1139,1.11495,1.113575,1.11371,-1.7060096434431986,-0.000984260476964538,-9.145328892899101e-05,35.92343343332713,1.0,4.398007078184572,1.11761,1.11932,1.112425,1.1143299999999998,-29.43472759415927,0.009973712007123936,-0.0004737116015917156,62.89603919650575,2.0,-12.169974546386438,-1.5710571057106713,1.6252725272528195
213,213,2016-02-16 17:45:00,1.11421,1.114375,1.1139450000000002,1.11407,-1.256653531645489,-0.00016026190345619362,5.3261364250722714e-05,45.01264583558485,2,-3.0526094648589184,1.1139,1.11495,1.113575,1.11371,-1.7060096434431986,-0.000984260476964538,-9.145328892899101e-05,35.92343343332713,1.0,4.398007078184572,1.11761,1.11932,1.112425,1.1143299999999998,-29.43472759415927,0.009973712007123936,-0.0004737116015917156,62.89603919650575,2.0,-12.169974546386438,-1.854945494549494,1.9345034503450642
214,214,2016-02-16 17:50:00,1.11408,1.11449,1.11385,1.11385,-2.064909996857319,-0.0001794589822043946,2.725142840201742e-05,42.340884622154185,0,-2.873610812207751,1.1139,1.11495,1.113575,1.11371,-1.7060096434431986,-0.000984260476964538,-9.145328892899101e-05,35.92343343332713,1.0,4.398007078184572,1.11761,1.11932,1.112425,1.1143299999999998,-29.43472759415927,0.009973712007123936,-0.0004737116015917156,62.89603919650575,2.0,-12.169974546386438,-1.9846284628462763,2.081968196819665
215,215,2016-02-16 17:55:00,1.11386,1.113995,1.113575,1.11371,-1.3468497185092574,-0.00020362240307880697,2.4704060220840597e-06,40.68588864040918,2,-3.772377650178997,1.1139,1.11495,1.113575,1.11371,-1.7060096434431986,-0.000984260476964538,-9.145328892899101e-05,35.92343343332713,1.0,4.398007078184572,1.11761,1.11932,1.112425,1.1143299999999998,-29.43472759415927,0.009973712007123936,-0.0004737116015917156,62.89603919650575,2.0,-12.169974546386438,-2.0120912091209275,2.0532053205320597
216,216,2016-02-16 18:00:00,1.1137,1.113985,1.11365,1.11374,0.3591502505076589,-0.00021784021256077144,-9.397922767904344e-06,41.2161293859444,2,-8.444971466466992,1.1137,1.11405,1.112425,1.11402,2.872479847759448,-0.0010164612320295863,-9.892323519523136e-05,37.9683551924025,0.0,2.8716034183362136,1.11761,1.11932,1.112425,1.1143299999999998,-29.43472759415927,0.009973712007123936,-0.0004737116015917156,62.89603919650575,2.0,-12.169974546386438,-2.0570657065706444,2.111691169116876
217,217,2016-02-16 18:05:00,1.11373,1.11375,1.1135099999999998,1.11352,-1.8859113442061524,-0.000244046869988912,-2.8483664156835907e-05,38.498179927541344,2,-5.390972282055586,1.1137,1.11405,1.112425,1.11402,2.872479847759448,-0.0010164612320295863,-9.892323519523136e-05,37.9683551924025,0.0,2.8716034183362136,1.11761,1.11932,1.112425,1.1143299999999998,-29.43472759415927,0.009973712007123936,-0.0004737116015917156,62.89603919650575,2.0,-12.169974546386438,-2.1612461246124766,2.2021702170217137
218,218,2016-02-16 18:10:00,1.11353,1.1137299999999999,1.11317,1.1132799999999998,-2.245616556480502,-0.00028094328968353294,-5.230406708116542e-05,35.73008212508654,2,-5.032622962616238,1.1137,1.11405,1.112425,1.11402,2.872479847759448,-0.0010164612320295863,-9.892323519523136e-05,37.9683551924025,0.0,2.8716034183362136,1.11761,1.11932,1.112425,1.1143299999999998,-29.43472759415927,0.009973712007123936,-0.0004737116015917156,62.89603919650575,2.0,-12.169974546386438,-2.0754975497549144,2.1254125412540605
219,219,2016-02-16 18:15:00,1.1132799999999998,1.113475,1.1128,1.1128,-4.313443565780338,-0.00034493970637083926,-9.304038701477741e-05,30.93872708648298,0,-1.7977341334878687,1.1137,1.11405,1.112425,1.11402,2.872479847759448,-0.0010164612320295863,-9.892323519523136e-05,37.9683551924025,0.0,2.8716034183362136,1.11761,1.11932,1.112425,1.1143299999999998,-29.43472759415927,0.009973712007123936,-0.0004737116015917156,62.89603919650575,2.0,-12.169974546386438,-1.568766876687506,1.6046704670465257
220,220,2016-02-16 18:20:00,1.1128,1.11313,1.11258,1.11293,1.1680878402052552,-0.0003807780418796369,-0.00010310297801886,33.53818813299161,0,0.7177170987739623,1.1137,1.11405,1.112425,1.11402,2.872479847759448,-0.0010164612320295863,-9.892323519523136e-05,37.9683551924025,0.0,2.8716034183362136,1.11761,1.11932,1.112425,1.1143299999999998,-29.43472759415927,0.009973712007123936,-0.0004737116015917156,62.89603919650575,2.0,-12.169974546386438,-0.9107310731071446,0.9446644664464608
221,221,2016-02-16 18:25:00,1.11293,1.112935,1.112635,1.1127200000000002,-1.887267237041156,-0.00042126929571817406,-0.00011487538548591768,31.477066541082024,0,1.976047867383106,1.1137,1.11405,1.112425,1.11402,2.872479847759448,-0.0010164612320295863,-9.892323519523136e-05,37.9683551924025,0.0,2.8716034183362136,1.11761,1.11932,1.112425,1.1143299999999998,-29.43472759415927,0.009973712007123936,-0.0004737116015917156,62.89603919650575,2.0,-12.169974546386438,-0.24597459745967112,0.2654565456544769
222,222,2016-02-16 18:30:00,1.1127200000000002,1.1128149999999999,1.112425,1.1126,-1.078554736651968,-0.0004577650724211235,-0.00012109692975109368,30.33001412612565,1,4.491977956640659,1.1137,1.11405,1.112425,1.11402,2.872479847759448,-0.0010164612320295863,-9.892323519523136e-05,37.9683551924025,0.0,2.8716034183362136,1.11761,1.11932,1.112425,1.1143299999999998,-29.43472759415927,0.009973712007123936,-0.0004737116015917156,62.89603919650575,2.0,-12.169974546386438,0.6264626462645503,-0.6563756375636967
223,223,2016-02-16 18:35:00,1.11265,1.113115,1.112615,1.11306,3.6835390724670862,-0.0004444467769897376,-8.622290745576619e-05,39.44033629577724,1,4.131235062059748,1.1137,1.11405,1.112425,1.11402,2.872479847759448,-0.0010164612320295863,-9.892323519523136e-05,37.9683551924025,0.0,2.8716034183362136,1.11761,1.11932,1.112425,1.1143299999999998,-29.43472759415927,0.009973712007123936,-0.0004737116015917156,62.89603919650575,2.0,-12.169974546386438,1.2965096509650509,-1.3316031603159957
224,224,2016-02-16 18:40:00,1.11306,1.113375,1.11292,1.11299,-0.628936468432012,-0.00043453134009086014,-6.1045976445511e-05,38.61287993442736,1,9.158656297372977,1.1137,1.11405,1.112425,1.11402,2.872479847759448,-0.0010164612320295863,-9.892323519523136e-05,37.9683551924025,0.0,2.8716034183362136,1.11761,1.11932,1.112425,1.1143299999999998,-29.43472759415927,0.009973712007123936,-0.0004737116015917156,62.89603919650575,2.0,-12.169974546386438,1.728262826282706,-1.797359735973685
225,225,2016-02-16 18:45:00,1.11298,1.11325,1.112935,1.11314,1.437375352605584,-0.00040984509932839863,-2.908778854643959e-05,41.44770531261519,1,7.092875210116072,1.1137,1.11405,1.112425,1.11402,2.872479847759448,-0.0010164612320295863,-9.892323519523136e-05,37.9683551924025,0.0,2.8716034183362136,1.11761,1.11932,1.112425,1.1143299999999998,-29.43472759415927,0.009973712007123936,-0.0004737116015917156,62.89603919650575,2.0,-12.169974546386438,2.284218421842312,-2.3286528652866836
226,226,2016-02-16 18:50:00,1.11315,1.11355,1.11313,1.11352,3.3227961778861763,-0.0003555200377700629,2.0189818409516957e-05,47.9991424660535,1,5.026743843820198,1.1137,1.11405,1.112425,1.11402,2.872479847759448,-0.0010164612320295863,-9.892323519523136e-05,37.9683551924025,0.0,2.8716034183362136,1.11761,1.11932,1.112425,1.1143299999999998,-29.43472759415927,0.009973712007123936,-0.0004737116015917156,62.89603919650575,2.0,-12.169974546386438,2.5666566656666343,-2.6045804580458958
227,227,2016-02-16 18:55:00,1.11353,1.11405,1.1135099999999998,1.11402,4.398484766881218,-0.00026902011731544384,8.535179109130889e-05,55.11553369971552,0,1.5257962349772245,1.1137,1.11405,1.112425,1.11402,2.872479847759448,-0.0010164612320295863,-9.892323519523136e-05,37.9683551924025,0.0,2.8716034183362136,1.11761,1.11932,1.112425,1.1143299999999998,-29.43472759415927,0.009973712007123936,-0.0004737116015917156,62.89603919650575,2.0,-12.169974546386438,2.305510551055141,-2.345424542454297
228,228,2016-02-16 19:00:00,1.114,1.11402,1.11368,1.11393,-0.62840573465132,-0.00020536325522346743,0.00011920692254662825,53.69120683798937,0,2.872167256007666,1.114,1.11456,1.11368,1.1143,2.6922731759846266,-0.0010077699577129007,-7.218556870283656e-05,39.836003762262365,2.0,-6.1060248802141395,1.11761,1.11932,1.112425,1.1143299999999998,-29.43472759415927,0.009973712007123936,-0.0004737116015917156,62.89603919650575,2.0,-12.169974546386438,1.9369036903690409,-1.94655465546555
229,229,2016-02-16 19:05:00,1.11392,1.1143299999999998,1.1138050000000002,1.11406,1.2566648115903003,-0.00014277895295489174,0.0001454329798521632,55.48085630805219,0,2.3334226296414906,1.114,1.11456,1.11368,1.1143,2.6922731759846266,-0.0010077699577129007,-7.218556870283656e-05,39.836003762262365,2.0,-6.1060248802141395,1.11761,1.11932,1.112425,1.1143299999999998,-29.43472759415927,0.009973712007123936,-0.0004737116015917156,62.89603919650575,2.0,-12.169974546386438,1.6692369236922868,-1.712791279127842
230,230,2016-02-16 19:10:00,1.11406,1.114265,1.113885,1.11416,0.8975371580382439,-8.414134914969118e-05,0.000163256466925891,56.86189826960239,0,-0.5388026174362188,1.114,1.11456,1.11368,1.1143,2.6922731759846266,-0.0010077699577129007,-7.218556870283656e-05,39.836003762262365,2.0,-6.1060248802141395,1.11761,1.11932,1.112425,1.1143299999999998,-29.43472759415927,0.009973712007123936,-0.0004737116015917156,62.89603919650575,2.0,-12.169974546386438,1.3461046104609231,-1.430783078307723
231,231,2016-02-16 19:15:00,1.11418,1.11429,1.114085,1.11426,0.7179652863791216,-2.9264122816341498e-05,0.00017450695460739254,58.256448466950395,0,-2.4237756958362704,1.114,1.11456,1.11368,1.1143,2.6922731759846266,-0.0010077699577129007,-7.218556870283656e-05,39.836003762262365,2.0,-6.1060248802141395,1.11761,1.11932,1.112425,1.1143299999999998,-29.43472759415927,0.009973712007123936,-0.0004737116015917156,62.89603919650575,2.0,-12.169974546386438,0.985218521852028,-1.0766176617660252
232,232,2016-02-16 19:20:00,1.11425,1.11456,1.11397,1.1143299999999998,0.7179201852241257,1.964839494128512e-05,0.00017873557789201534,59.249537948340304,2,-0.9877033661842232,1.114,1.11456,1.11368,1.1143,2.6922731759846266,-0.0010077699577129007,-7.218556870283656e-05,39.836003762262365,2.0,-6.1060248802141395,1.11761,1.11932,1.112425,1.1143299999999998,-29.43472759415927,0.009973712007123936,-0.0004737116015917156,62.89603919650575,2.0,-12.169974546386438,0.553285328532833,-0.6563956395639484
233,233,2016-02-16 19:25:00,1.11432,1.114375,1.11409,1.1141,-1.9746880890394665,3.939867643310002e-05,0.00015878868750706418,54.64912635864625,0,0.5382201716657165,1.114,1.11456,1.11368,1.1143,2.6922731759846266,-0.0010077699577129007,-7.218556870283656e-05,39.836003762262365,2.0,-6.1060248802141395,1.11761,1.11932,1.112425,1.1143299999999998,-29.43472759415927,0.009973712007123936,-0.0004737116015917156,62.89603919650575,2.0,-12.169974546386438,0.3078907890789704,-0.4314731473147978
234,234,2016-02-16 19:30:00,1.11409,1.114115,1.1139549999999998,1.11396,-1.1670077920209296,4.325546476513509e-05,0.00013011638067127944,52.002336504087666,0,2.3334532273170208,1.114,1.11456,1.11368,1.1143,2.6922731759846266,-0.0010077699577129007,-7.218556870283656e-05,39.836003762262365,2.0,-6.1060248802141395,1.11761,1.11932,1.112425,1.1143299999999998,-29.43472759415927,0.009973712007123936,-0.0004737116015917156,62.89603919650575,2.0,-12.169974546386438,0.40507050705065833,-0.5196519651964709
235,235,2016-02-16 19:35:00,1.11397,1.1142299999999998,1.1137700000000001,1.11421,2.1539925148761725,6.572724519871011e-05,0.00012207052888388358,56.09190502338601,0,-1.0771364225179445,1.114,1.11456,1.11368,1.1143,2.6922731759846266,-0.0010077699577129007,-7.218556870283656e-05,39.836003762262365,2.0,-6.1060248802141395,1.11761,1.11932,1.112425,1.1143299999999998,-29.43472759415927,0.009973712007123936,-0.0004737116015917156,62.89603919650575,2.0,-12.169974546386438,0.47317731773174115,-0.5496449644964081
236,236,2016-02-16 19:40:00,1.11422,1.114385,1.114115,1.11417,-0.4487645511895264,7.939342935370242e-05,0.00010858937043110072,55.28032261037421,0,0.8075071558649771,1.114,1.11456,1.11368,1.1143,2.6922731759846266,-0.0010077699577129007,-7.218556870283656e-05,39.836003762262365,2.0,-6.1060248802141395,1.11761,1.11932,1.112425,1.1143299999999998,-29.43472759415927,0.009973712007123936,-0.0004737116015917156,62.89603919650575,2.0,-12.169974546386438,0.4029502950294499,-0.47399739973990307
237,237,2016-02-16 19:45:00,1.11418,1.114325,1.11415,1.11425,0.6282252636303747,9.55775516480184e-05,9.981879418033334e-05,56.631829361367544,0,-0.8079469563878049,1.114,1.11456,1.11368,1.1143,2.6922731759846266,-0.0010077699577129007,-7.218556870283656e-05,39.836003762262365,2.0,-6.1060248802141395,1.11761,1.11932,1.112425,1.1143299999999998,-29.43472759415927,0.009973712007123936,-0.0004737116015917156,62.89603919650575,2.0,-12.169974546386438,0.3361636163615264,-0.3943394339432692
238,238,2016-02-16 19:50:00,1.11426,1.1143100000000001,1.1139700000000001,1.11412,-1.2565971349587923,9.679784630423073e-05,8.083127106923654e-05,53.78713247246208,1,3.499181329877396,1.114,1.11456,1.11368,1.1143,2.6922731759846266,-0.0010077699577129007,-7.218556870283656e-05,39.836003762262365,2.0,-6.1060248802141395,1.11761,1.11932,1.112425,1.1143299999999998,-29.43472759415927,0.009973712007123936,-0.0004737116015917156,62.89603919650575,2.0,-12.169974546386438,0.3269926992698431,-0.37271727172707053
239,239,2016-02-16 19:55:00,1.11414,1.1145100000000001,1.113985,1.1143,1.435879027193395,0.0001110097826151346,7.603456590411233e-05,57.007337920529864,0,0.17879563960647982,1.114,1.11456,1.11368,1.1143,2.6922731759846266,-0.0010077699577129007,-7.218556870283656e-05,39.836003762262365,2.0,-6.1060248802141395,1.11761,1.11932,1.112425,1.1143299999999998,-29.43472759415927,0.009973712007123936,-0.0004737116015917156,62.89603919650575,2.0,-12.169974546386438,0.30708070807064913,-0.36229622962278607
240,240,2016-02-16 20:00:00,1.11434,1.114415,1.11422,1.1142299999999998,-0.9872288486224072,0.00011529537621934872,6.425612760666115e-05,55.39086284870879,1,-0.2700091867622274,1.11434,1.114675,1.1137549999999998,1.11421,-1.1667459455595044,-0.0009966554840150632,-4.885687600399928e-05,39.42511525333375,2.0,0.8040825471323929,1.11761,1.11932,1.112425,1.1143299999999998,-29.43472759415927,0.009973712007123936,-0.0004737116015917156,62.89603919650575,2.0,-12.169974546386438,0.21815181518140284,-0.2670067006699367
241,241,2016-02-16 20:05:00,1.11422,1.11458,1.11422,1.11456,3.050531151306408,0.00014366391392961478,7.409973225354175e-05,61.0046015722012,2,-2.961541585590933,1.11434,1.114675,1.1137549999999998,1.11421,-1.1667459455595044,-0.0009966554840150632,-4.885687600399928e-05,39.42511525333375,2.0,0.8040825471323929,1.11761,1.11932,1.112425,1.1143299999999998,-29.43472759415927,0.009973712007123936,-0.0004737116015917156,62.89603919650575,2.0,-12.169974546386438,-0.03662366236625734,0.0003500350035232382
242,242,2016-02-16 20:10:00,1.11456,1.114675,1.11429,1.11435,-1.8845066630775205,0.00014750064388580064,6.23491697677821e-05,56.161155735990235,2,-3.0519180004574427,1.11434,1.114675,1.1137549999999998,1.11421,-1.1667459455595044,-0.0009966554840150632,-4.885687600399928e-05,39.42511525333375,2.0,0.8040825471323929,1.11761,1.11932,1.112425,1.1143299999999998,-29.43472759415927,0.009973712007123936,-0.0004737116015917156,62.89603919650575,2.0,-12.169974546386438,-0.4126912691269353,0.3678067806780908
243,243,2016-02-16 20:15:00,1.11434,1.1143900000000002,1.11415,1.11418,-1.4360336749911151,0.00013526445631439898,4.009038575710435e-05,52.52555006976698,0,-0.9875406394226092,1.11434,1.114675,1.1137549999999998,1.11421,-1.1667459455595044,-0.0009966554840150632,-4.885687600399928e-05,39.42511525333375,2.0,0.8040825471323929,1.11761,1.11932,1.112425,1.1143299999999998,-29.43472759415927,0.009973712007123936,-0.0004737116015917156,62.89603919650575,2.0,-12.169974546386438,-0.5096709670967027,0.4669066906690598
244,244,2016-02-16 20:20:00,1.11417,1.114295,1.11414,1.11421,0.35899875247770136,0.0001265293867775963,2.5084252976241306e-05,53.10251222935605,0,-1.1670142359386482,1.11434,1.114675,1.1137549999999998,1.11421,-1.1667459455595044,-0.0009966554840150632,-4.885687600399928e-05,39.42511525333375,2.0,0.8040825471323929,1.11761,1.11932,1.112425,1.1143299999999998,-29.43472759415927,0.009973712007123936,-0.0004737116015917156,62.89603919650575,2.0,-12.169974546386438,-0.5507950795078943,0.5030603060305368
245,245,2016-02-16 20:25:00,1.11421,1.114295,1.1139450000000002,1.11399,-1.9748830779440296,0.0001006938834451354,-6.010002849756597e-07,48.452152255440005,0,0.08972954093573128,1.11434,1.114675,1.1137549999999998,1.11421,-1.1667459455595044,-0.0009966554840150632,-4.885687600399928e-05,39.42511525333375,2.0,0.8040825471323929,1.11761,1.11932,1.112425,1.1143299999999998,-29.43472759415927,0.009973712007123936,-0.0004737116015917156,62.89603919650575,2.0,-12.169974546386438,-0.48139813981393026,0.4407940794078732
246,246,2016-02-16 20:30:00,1.11397,1.11417,1.113975,1.11404,0.6283436860437193,8.329348757563082e-05,-1.4401116923584216e-05,49.53384454097775,0,-1.795538451328928,1.11434,1.114675,1.1137549999999998,1.11421,-1.1667459455595044,-0.0009966554840150632,-4.885687600399928e-05,39.42511525333375,2.0,0.8040825471323929,1.11761,1.11932,1.112425,1.1143299999999998,-29.43472759415927,0.009973712007123936,-0.0004737116015917156,62.89603919650575,2.0,-12.169974546386438,-0.3050705070506603,0.2803780378037168
247,247,2016-02-16 20:35:00,1.11403,1.1141900000000002,1.114015,1.11405,0.1795251559616622,6.950920605297561e-05,-2.254831875699155e-05,49.76090925249157,0,1.7942879744896654,1.11434,1.114675,1.1137549999999998,1.11421,-1.1667459455595044,-0.0009966554840150632,-4.885687600399928e-05,39.42511525333375,2.0,0.8040825471323929,1.11761,1.11932,1.112425,1.1143299999999998,-29.43472759415927,0.009973712007123936,-0.0004737116015917156,62.89603919650575,2.0,-12.169974546386438,-0.22423242324222462,0.19763976397628552
248,248,2016-02-16 20:40:00,1.11407,1.114135,1.113895,1.11399,-0.7181393010696502,5.313110279692168e-05,-3.1141137610436384e-05,48.35509608049034,0,1.8841794587203489,1.11434,1.114675,1.1137549999999998,1.11421,-1.1667459455595044,-0.0009966554840150632,-4.885687600399928e-05,39.42511525333375,2.0,0.8040825471323929,1.11761,1.11932,1.112425,1.1143299999999998,-29.43472759415927,0.009973712007123936,-0.0004737116015917156,62.89603919650575,2.0,-12.169974546386438,-0.14011401140106397,0.11787178717862823
249,249,2016-02-16 20:45:00,1.11397,1.1141549999999998,1.113835,1.11383,-1.2569243062209399,2.6930240099698466e-05,-4.587360024612768e-05,44.726353132275115,1,3.589836096104704,1.11434,1.114675,1.1137549999999998,1.11421,-1.1667459455595044,-0.0009966554840150632,-4.885687600399928e-05,39.42511525333375,2.0,0.8040825471323929,1.11761,1.11932,1.112425,1.1143299999999998,-29.43472759415927,0.009973712007123936,-0.0004737116015917156,62.89603919650575,2.0,-12.169974546386438,0.06438643864385277,-0.07434743474347949
250,250,2016-02-16 20:50:00,1.11383,1.114255,1.1137549999999998,1.11425,3.7693515817802568,3.9599874851692356e-05,-2.6563172395307024e-05,54.40004701485758,2,-5.477267083981084,1.11434,1.114675,1.1137549999999998,1.11421,-1.1667459455595044,-0.0009966554840150632,-4.885687600399928e-05,39.42511525333375,2.0,0.8040825471323929,1.11761,1.11932,1.112425,1.1143299999999998,-29.43472759415927,0.009973712007123936,-0.0004737116015917156,62.89603919650575,2.0,-12.169974546386438,0.20950095009492675,-0.22964296429635436
251,251,2016-02-16 20:55:00,1.11428,1.114525,1.1141549999999998,1.11421,-0.6282478168389666,4.588406304928405e-05,-1.6223187358172268e-05,53.44077374614376,2,-5.836824364216907,1.11434,1.114675,1.1137549999999998,1.11421,-1.1667459455595044,-0.0009966554840150632,-4.885687600399928e-05,39.42511525333375,2.0,0.8040825471323929,1.11761,1.11932,1.112425,1.1143299999999998,-29.43472759415927,0.009973712007123936,-0.0004737116015917156,62.89603919650575,2.0,-12.169974546386438,0.06891689168912042,-0.08506850685063981
0,252,2016-02-17 00:00:00,1.11432,1.11432,1.1134400000000002,1.11353,-7.094555153431598,1.9583212433449404e-05,-4.049153623170358e-05,34.79356758960871,0,-1.7065080330223967,1.11432,1.11432,1.1118649999999999,1.11303,-11.589984097463804,-0.0009881702201821607,-2.847817427951483e-05,35.984152692238496,1.0,23.32070147405744,1.11761,1.11932,1.112425,1.1143299999999998,-29.43472759415927,0.009973712007123936,-0.0004737116015917156,62.89603919650575,2.0,-12.169974546386438,0.0,0.0
1,253,2016-02-17 00:05:00,1.11354,1.11388,1.113505,1.1135700000000002,0.2694038093696354,-3.5876095076936565e-05,-7.676067499367165e-05,35.91527177141676,2,-4.042157474078829,1.11432,1.11432,1.1118649999999999,1.11303,-11.589984097463804,-0.0009881702201821607,-2.847817427951483e-05,35.984152692238496,1.0,23.32070147405744,1.11761,1.11932,1.112425,1.1143299999999998,-29.43472759415927,0.009973712007123936,-0.0004737116015917156,62.89603919650575,2.0,-12.169974546386438,0.0,0.0
2,254,2016-02-17 00:10:00,1.1135700000000002,1.113685,1.1133899999999999,1.11346,-0.9879115549732772,-8.769320386603496e-05,-0.00010286222702621604,34.174249745546405,2,-4.761435884421854,1.11432,1.11432,1.1118649999999999,1.11303,-11.589984097463804,-0.0009881702201821607,-2.847817427951483e-05,35.984152692238496,1.0,23.32070147405744,1.11761,1.11932,1.112425,1.1143299999999998,-29.43472759415927,0.009973712007123936,-0.0004737116015917156,62.89603919650575,2.0,-12.169974546386438,0.0,0.0
3,255,2016-02-17 00:15:00,1.1134700000000002,1.113505,1.113305,1.11336,-0.988000287418755,-0.00013526850899880927,-0.00012035002572719228,32.62586412408906,2,-11.662301270905775,1.11432,1.11432,1.1118649999999999,1.11303,-11.589984097463804,-0.0009881702201821607,-2.847817427951483e-05,35.984152692238496,1.0,23.32070147405744,1.11761,1.11932,1.112425,1.1143299999999998,-29.43472759415927,0.009973712007123936,-0.0004737116015917156,62.89603919650575,2.0,-12.169974546386438,0.0,0.0
4,256,2016-02-17 00:20:00,1.11336,1.113475,1.1131,1.11313,-2.066245631686797,-0.00018934866533926176,-0.0001395441456541158,29.333849746331488,2,-7.078545456790874,1.11432,1.11432,1.1118649999999999,1.11303,-11.589984097463804,-0.0009881702201821607,-2.847817427951483e-05,35.984152692238496,1.0,23.32070147405744,1.11761,1.11932,1.112425,1.1143299999999998,-29.43472759415927,0.009973712007123936,-0.0004737116015917156,62.89603919650575,2.0,-12.169974546386438,0.0,0.0
5,257,2016-02-17 00:25:00,1.11313,1.113165,1.1129250000000002,1.11294,-1.7071899653163014,-0.000244718033807434,-0.00015593081129783038,26.917576197962195,2,0.7389169547910974,1.11432,1.11432,1.1118649999999999,1.11303,-11.589984097463804,-0.0009881702201821607,-2.847817427951483e-05,35.984152692238496,1.0,23.32070147405744,1.11761,1.11932,1.112425,1.1143299999999998,-29.43472759415927,0.009973712007123936,-0.0004737116015917156,62.89603919650575,2.0,-12.169974546386438,0.0,0.0
6,258,2016-02-17 00:30:00,1.11294,1.112965,1.111885,1.11194,-7.888865673902675,-0.0003650818634184372,-0.00022103571272706689,18.350185428943647,1,7.0100813821644685,1.11432,1.11432,1.1118649999999999,1.11303,-11.589984097463804,-0.0009881702201821607,-2.847817427951483e-05,35.984152692238496,1.0,23.32070147405744,1.11761,1.11932,1.112425,1.1143299999999998,-29.43472759415927,0.009973712007123936,-0.0004737116015917156,62.89603919650575,2.0,-12.169974546386438,0.0,0.0
7,259,2016-02-17 00:35:00,1.11193,1.11222,1.1118649999999999,1.11221,2.517510182428102,-0.00043368507051066985,-0.00023171113585543964,25.26652414877502,1,7.996331003524832,1.11432,1.11432,1.1118649999999999,1.11303,-11.589984097463804,-0.0009881702201821607,-2.847817427951483e-05,35.984152692238496,1.0,23.32070147405744,1.11761,1.11932,1.112425,1.1143299999999998,-29.43472759415927,0.009973712007123936,-0.0004737116015917156,62.89603919650575,2.0,-12.169974546386438,0.0,0.0
8,260,2016-02-17 00:40:00,1.1122,1.112895,1.1120700000000001,1.11288,6.11027244626567,-0.00042904444848312906,-0.00018165641106231904,39.06117853875463,0,1.3469895294706142,1.11432,1.11432,1.1118649999999999,1.11303,-11.589984097463804,-0.0009881702201821607,-2.847817427951483e-05,35.984152692238496,1.0,23.32070147405744,1.11761,1.11932,1.112425,1.1143299999999998,-29.43472759415927,0.009973712007123936,-0.0004737116015917156,62.89603919650575,2.0,-12.169974546386438,0.0,0.0
9,261,2016-02-17 00:45:00,1.11287,1.1130049999999998,1.1125699999999998,1.11269,-1.6177012465293028,-0.0004356759332364568,-0.00015063031665251743,36.976746136046536,1,4.132516284902012,1.11432,1.11432,1.1118649999999999,1.11303,-11.589984097463804,-0.0009881702201821607,-2.847817427951483e-05,35.984152692238496,1.0,23.32070147405744,1.11761,1.11932,1.112425,1.1143299999999998,-29.43472759415927,0.009973712007123936,-0.0004737116015917156,62.89603919650575,2.0,-12.169974546386438,0.0,0.0
10,262,2016-02-17 00:50:00,1.1127,1.1133549999999999,1.112695,1.11309,3.503759803788467,-0.00040399774114030496,-9.516169964509252e-05,43.77871045893432,0,1.5270111722485709,1.11432,1.11432,1.1118649999999999,1.11303,-11.589984097463804,-0.0009881702201821607,-2.847817427951483e-05,35.984152692238496,1.0,23.32070147405744,1.11761,1.11932,1.112425,1.1143299999999998,-29.43472759415927,0.009973712007123936,-0.0004737116015917156,62.89603919650575,2.0,-12.169974546386438,0.0,0.0
11,263,2016-02-17 00:55:00,1.11309,1.11317,1.11266,1.11303,-0.5390690277885499,-0.00037936100669289097,-5.6419972158142774e-05,43.028529605498285,1,6.2860198638802505,1.11432,1.11432,1.1118649999999999,1.11303,-11.589984097463804,-0.0009881702201821607,-2.847817427951483e-05,35.984152692238496,1.0,23.32070147405744,1.11761,1.11932,1.112425,1.1143299999999998,-29.43472759415927,0.009973712007123936,-0.0004737116015917156,62.89603919650575,2.0,-12.169974546386438,0.0,0.0
12,264,2016-02-17 01:00:00,1.11305,1.113385,1.1130049999999998,1.1131799999999998,1.1678255089020957,-0.000343769707548347,-1.666293841087903e-05,45.54098015924296,1,3.9508512279356327,1.11305,1.114745,1.1130049999999998,1.11333,2.5149775897517888,-0.00099605471372044,-2.909013425423529e-05,38.191932400237,1.0,31.01346027398973,1.11761,1.11932,1.112425,1.1143299999999998,-29.43472759415927,0.009973712007123936,-0.0004737116015917156,62.89603919650575,2.0,-12.169974546386438,0.0,0.0
13,265,2016-02-17 01:05:00,1.11317,1.113385,1.11313,1.11327,0.8982546911350255,-0.00030478769588193616,1.7855258604425415e-05,47.049821102731286,1,5.6559449815234535,1.11305,1.114745,1.1130049999999998,1.11333,2.5149775897517888,-0.00099605471372044,-2.909013425423529e-05,38.191932400237,1.0,31.01346027398973,1.11761,1.11932,1.112425,1.1143299999999998,-29.43472759415927,0.009973712007123936,-0.0004737116015917156,62.89603919650575,2.0,-12.169974546386438,0.0,0.0
14,266,2016-02-17 01:10:00,1.11329,1.113915,1.113225,1.11376,4.21993966384313,-0.00023168455060607046,7.276672310423289e-05,54.44938520499956,1,5.204917178983155,1.11305,1.114745,1.1130049999999998,1.11333,2.5149775897517888,-0.00099605471372044,-2.909013425423529e-05,38.191932400237,1.0,31.01346027398973,1.11761,1.11932,1.112425,1.1143299999999998,-29.43472759415927,0.009973712007123936,-0.0004737116015917156,62.89603919650575,2.0,-12.169974546386438,0.0,0.0
15,267,2016-02-17 01:15:00,1.11377,1.11397,1.11358,1.11364,-1.1673431270425223,-0.00018134237638012252,9.848711786414471e-05,52.51393021015181,1,3.5896453660760126,1.11305,1.114745,1.1130049999999998,1.11333,2.5149775897517888,-0.00099605471372044,-2.909013425423529e-05,38.191932400237,1.0,31.01346027398973,1.11761,1.11932,1.112425,1.1143299999999998,-29.43472759415927,0.009973712007123936,-0.0004737116015917156,62.89603919650575,2.0,-12.169974546386438,0.0,0.0
16,268,2016-02-17 01:20:00,1.11366,1.1139649999999999,1.113585,1.11395,2.6033484447228457,-0.00011510457746921608,0.0001317799334200409,56.787265570266655,1,4.665208681308854,1.11305,1.114745,1.1130049999999998,1.11333,2.5149775897517888,-0.00099605471372044,-2.909013425423529e-05,38.191932400237,1.0,31.01346027398973,1.11761,1.11932,1.112425,1.1143299999999998,-29.43472759415927,0.009973712007123936,-0.0004737116015917156,62.89603919650575,2.0,-12.169974546386438,0.0,0.0
17,269,2016-02-17 01:25:00,1.11396,1.114575,1.113955,1.11438,3.768911861302832,-2.759513869321495e-05,0.00017543149775683364,61.90793470321664,0,-2.1553842972683523,1.11305,1.114745,1.1130049999999998,1.11333,2.5149775897517888,-0.00099605471372044,-2.909013425423529e-05,38.191932400237,1.0,31.01346027398973,1.11761,1.11932,1.112425,1.1143299999999998,-29.43472759415927,0.009973712007123936,-0.0004737116015917156,62.89603919650575,2.0,-12.169974546386438,0.0,0.0
18,270,2016-02-17 01:30:00,1.11437,1.1144850000000002,1.11402,1.11406,-2.7826149399496662,1.575379640117447e-05,0.00017502434628097844,56.538535120472915,1,0.9862422836341304,1.11305,1.114745,1.1130049999999998,1.11333,2.5149775897517888,-0.00099605471372044,-2.909013425423529e-05,38.191932400237,1.0,31.01346027398973,1.11761,1.11932,1.112425,1.1143299999999998,-29.43472759415927,0.009973712007123936,-0.0004737116015917156,62.89603919650575,2.0,-12.169974546386438,0.0,0.0
19,271,2016-02-17 01:35:00,1.11405,1.114745,1.114005,1.11446,3.678911759955687,8.144593875258899e-05,0.0001925731909059144,61.08235078552166,2,-3.5005181752376524,1.11305,1.114745,1.1130049999999998,1.11333,2.5149775897517888,-0.00099605471372044,-2.909013425423529e-05,38.191932400237,1.0,31.01346027398973,1.11761,1.11932,1.112425,1.1143299999999998,-29.43472759415927,0.009973712007123936,-0.0004737116015917156,62.89603919650575,2.0,-12.169974546386438,0.0,0.0
20,272,2016-02-17 01:40:00,1.11448,1.11455,1.114125,1.11414,-3.051681117274373,0.00010645891707627976,0.00017406893538368412,56.03513964322404,2,-6.915922288757867,1.11305,1.114745,1.1130049999999998,1.11333,2.5149775897517888,-0.00099605471372044,-2.909013425423529e-05,38.191932400237,1.0,31.01346027398973,1.11761,1.11932,1.112425,1.1143299999999998,-29.43472759415927,0.009973712007123936,-0.0004737116015917156,62.89603919650575,2.0,-12.169974546386438,0.0,0.0
21,273,2016-02-17 01:45:00,1.1141299999999998,1.114265,1.113875,1.11417,0.3590116409528169,0.0001272359352266772,0.00015587676282726525,56.39887821173292,2,-7.364754557916747,1.11305,1.114745,1.1130049999999998,1.11333,2.5149775897517888,-0.00099605471372044,-2.909013425423529e-05,38.191932400237,1.0,31.01346027398973,1.11761,1.11932,1.112425,1.1143299999999998,-29.43472759415927,0.009973712007123936,-0.0004737116015917156,62.89603919650575,2.0,-12.169974546386438,0.0,0.0
22,274,2016-02-17 01:50:00,1.11416,1.114205,1.114005,1.11407,-0.8078486989160962,0.00013408703565520597,0.00013018229060463523,54.7721795585098,2,-0.9014573280715544,1.11305,1.114745,1.1130049999999998,1.11333,2.5149775897517888,-0.00099605471372044,-2.909013425423529e-05,38.191932400237,1.0,31.01346027398973,1.11761,1.11932,1.112425,1.1143299999999998,-29.43472759415927,0.009973712007123936,-0.0004737116015917156,62.89603919650575,2.0,-12.169974546386438,0.0,0.0
23,275,2016-02-17 01:55:00,1.11405,1.114135,1.1132149999999998,1.11333,-6.467085230794589,7.8895310513305e-05,5.99924523701874e-05,44.5354948596504,1,4.30871488110387,1.11305,1.114745,1.1130049999999998,1.11333,2.5149775897517888,-0.00099605471372044,-2.909013425423529e-05,38.191932400237,1.0,31.01346027398973,1.11761,1.11932,1.112425,1.1143299999999998,-29.43472759415927,0.009973712007123936,-0.0004737116015917156,62.89603919650575,2.0,-12.169974546386438,0.0,0.0
24,276,2016-02-17 02:00:00,1.11334,1.113525,1.11322,1.11333,-0.08982062820606211,3.4754838558637153e-05,1.2681584332415636e-05,44.5354948596504,1,6.193803183719988,1.11334,1.114665,1.11322,1.11441,9.60149316678695,-0.0009047271264499557,4.978996241299929e-05,45.48146378554262,1.0,17.29139560184938,1.11761,1.11932,1.112425,1.1143299999999998,-29.43472759415927,0.009973712007123936,-0.0004737116015917156,62.89603919650575,2.0,-12.169974546386438,0.0,0.0
25,277,2016-02-17 02:05:00,1.11334,1.1139700000000001,1.11334,1.11397,5.655448530929098,5.082991222904454e-05,2.300532640225842e-05,53.29161608701825,0,0.807637552428927,1.11334,1.114665,1.11322,1.11441,9.60149316678695,-0.0009047271264499557,4.978996241299929e-05,45.48146378554262,1.0,17.29139560184938,1.11761,1.11932,1.112425,1.1143299999999998,-29.43472759415927,0.009973712007123936,-0.0004737116015917156,62.89603919650575,2.0,-12.169974546386438,0.0,0.0
26,278,2016-02-17 02:10:00,1.11398,1.1141,1.113605,1.11384,-1.2569130216191644,5.247471453762032e-05,1.9720102968667363e-05,51.51268599947788,1,3.679986966240768,1.11334,1.114665,1.11322,1.11441,9.60149316678695,-0.0009047271264499557,4.978996241299929e-05,45.48146378554262,1.0,17.29139560184938,1.11761,1.11932,1.112425,1.1143299999999998,-29.43472759415927,0.009973712007123936,-0.0004737116015917156,62.89603919650575,2.0,-12.169974546386438,0.0,0.0
27,279,2016-02-17 02:15:00,1.11384,1.1141800000000002,1.11378,1.11404,1.7952676744100569,6.911979082491193e-05,2.909214340476717e-05,54.053782071333295,1,4.217562130002542,1.11334,1.114665,1.11322,1.11441,9.60149316678695,-0.0009047271264499557,4.978996241299929e-05,45.48146378554262,1.0,17.29139560184938,1.11761,1.11932,1.112425,1.1143299999999998,-29.43472759415927,0.009973712007123936,-0.0004737116015917156,62.89603919650575,2.0,-12.169974546386438,0.0,0.0
28,280,2016-02-17 02:20:00,1.11404,1.1141649999999998,1.113895,1.11407,0.2692828996380344,8.376627747930243e-05,3.499090404732614e-05,54.43948904107332,1,2.602215121819043,1.11334,1.114665,1.11322,1.11441,9.60149316678695,-0.0009047271264499557,4.978996241299929e-05,45.48146378554262,1.0,17.29139560184938,1.11761,1.11932,1.112425,1.1143299999999998,-29.43472759415927,0.009973712007123936,-0.0004737116015917156,62.89603919650575,2.0,-12.169974546386438,0.0,0.0
29,281,2016-02-17 02:25:00,1.11407,1.114275,1.11405,1.11425,1.6154363921926769,0.00010864581799219228,4.789635564817281e-05,56.78367205513491,0,1.2559794726201878,1.11334,1.114665,1.11322,1.11441,9.60149316678695,-0.0009047271264499557,4.978996241299929e-05,45.48146378554262,1.0,17.29139560184938,1.11761,1.11932,1.112425,1.1143299999999998,-29.43472759415927,0.009973712007123936,-0.0004737116015917156,62.89603919650575,2.0,-12.169974546386438,0.0,0.0
30,282,2016-02-17 02:30:00,1.11426,1.114635,1.114195,1.1145200000000002,2.332842838171832,0.00014843866804636896,7.015136456187957e-05,60.0999597884387,2,-3.5900350780074244,1.11334,1.114665,1.11322,1.11441,9.60149316678695,-0.0009047271264499557,4.978996241299929e-05,45.48146378554262,1.0,17.29139560184938,1.11761,1.11932,1.112425,1.1143299999999998,-29.43472759415927,0.009973712007123936,-0.0004737116015917156,62.89603919650575,2.0,-12.169974546386438,0.0,0.0
31,283,2016-02-17 02:35:00,1.11451,1.114665,1.1143450000000001,1.11436,-1.3460641085454652,0.00016516026090296346,6.949836593477924e-05,57.29416663759576,0,-2.064461926694747,1.11334,1.114665,1.11322,1.11441,9.60149316678695,-0.0009047271264499557,4.978996241299929e-05,45.48146378554262,1.0,17.29139560184938,1.11761,1.11932,1.112425,1.1143299999999998,-29.43472759415927,0.009973712007123936,-0.0004737116015917156,62.89603919650575,2.0,-12.169974546386438,0.0,0.0
32,284,2016-02-17 02:40:00,1.11438,1.1145200000000002,1.11424,1.11441,0.2692007429938218,0.00018036765974072108,6.776461181802953e-05,57.954758209815566,0,-0.18005672573799414,1.11334,1.114665,1.11322,1.11441,9.60149316678695,-0.0009047271264499557,4.978996241299929e-05,45.48146378554262,1.0,17.29139560184938,1.11761,1.11932,1.112425,1.1143299999999998,-29.43472759415927,0.009973712007123936,-0.0004737116015917156,62.89603919650575,2.0,-12.169974546386438,0.0,0.0
33,285,2016-02-17 02:45:00,1.11441,1.114405,1.11405,1.1141299999999998,-2.513171712455781,0.00016789063421773776,4.423006903603693e-05,53.0096742107781,1,3.050938545685717,1.11334,1.114665,1.11322,1.11441,9.60149316678695,-0.0009047271264499557,4.978996241299929e-05,45.48146378554262,1.0,17.29139560184938,1.11761,1.11932,1.112425,1.1143299999999998,-29.43472759415927,0.009973712007123936,-0.0004737116015917156,62.89603919650575,2.0,-12.169974546386438,0.0,0.0
34,286,2016-02-17 02:50:00,1.1141299999999998,1.11428,1.11409,1.11415,0.1795090427672125,0.00015779734488519104,2.730942376279216e-05,53.31608811126442,1,3.3200450752631987,1.11334,1.114665,1.11322,1.11441,9.60149316678695,-0.0009047271264499557,4.978996241299929e-05,45.48146378554262,1.0,17.29139560184938,1.11761,1.11932,1.112425,1.1143299999999998,-29.43472759415927,0.009973712007123936,-0.0004737116015917156,62.89603919650575,2.0,-12.169974546386438,0.0,0.0
35,287,2016-02-17 02:55:00,1.11417,1.11441,1.114095,1.11441,2.1536059439505744,0.00016883197751793588,3.0675245116429595e-05,57.22139082699883,0,0.5383435172144401,1.11334,1.114665,1.11322,1.11441,9.60149316678695,-0.0009047271264499557,4.978996241299929e-05,45.48146378554262,1.0,17.29139560184938,1.11761,1.11932,1.112425,1.1143299999999998,-29.43472759415927,0.009973712007123936,-0.0004737116015917156,62.89603919650575,2.0,-12.169974546386438,0.0,0.0
36,288,2016-02-17 03:00:00,1.1144,1.114595,1.11429,1.11448,0.7178235589679309,0.00018113737940916863,3.4384517606129874e-05,58.23440497582658,0,0.5382984338631971,1.1144,1.1157549999999998,1.11429,1.11565,11.204230717518694,-0.0007239465138997312,0.00018445645997057893,52.419911262478415,1.0,8.057467057035613,1.11761,1.11932,1.112425,1.1143299999999998,-29.43472759415927,0.009973712007123936,-0.0004737116015917156,62.89603919650575,2.0,-12.169974546386438,0.0,0.0
37,289,2016-02-17 03:05:00,1.11449,1.114595,1.1143549999999998,1.11454,0.4486155723446939,0.00019350044494337304,3.7398066512267404e-05,59.12782260730327,1,3.6772555098642377,1.1144,1.1157549999999998,1.11429,1.11565,11.204230717518694,-0.0007239465138997312,0.00018445645997057893,52.419911262478415,1.0,8.057467057035613,1.11761,1.11932,1.112425,1.1143299999999998,-29.43472759415927,0.009973712007123936,-0.0004737116015917156,62.89603919650575,2.0,-12.169974546386438,0.0,0.0
38,290,2016-02-17 03:10:00,1.11455,1.114595,1.114425,1.11448,-0.6280956140981848,0.0001961951493369973,3.207421672471336e-05,57.79638384647256,1,3.049531746669172,1.1144,1.1157549999999998,1.11429,1.11565,11.204230717518694,-0.0007239465138997312,0.00018445645997057893,52.419911262478415,1.0,8.057467057035613,1.11761,1.11932,1.112425,1.1143299999999998,-29.43472759415927,0.009973712007123936,-0.0004737116015917156,62.89603919650575,2.0,-12.169974546386438,0.0,0.0
39,291,2016-02-17 03:15:00,1.11447,1.114675,1.114465,1.11455,0.7177784756166881,0.00020165458839938038,3.002692462967708e-05,58.9575491996985,1,5.559989577949394,1.1144,1.1157549999999998,1.11429,1.11565,11.204230717518694,-0.0007239465138997312,0.00018445645997057893,52.419911262478415,1.0,8.057467057035613,1.11761,1.11932,1.112425,1.1143299999999998,-29.43472759415927,0.009973712007123936,-0.0004737116015917156,62.89603919650575,2.0,-12.169974546386438,0.0,0.0
40,292,2016-02-17 03:20:00,1.11456,1.11497,1.11449,1.11496,3.5875726483457338,0.00023634042141518208,5.177020611638305e-05,65.02698091170839,0,-1.2568618647981695,1.1144,1.1157549999999998,1.11429,1.11565,11.204230717518694,-0.0007239465138997312,0.00018445645997057893,52.419911262478415,1.0,8.057467057035613,1.11761,1.11932,1.112425,1.1143299999999998,-29.43472759415927,0.009973712007123936,-0.0004737116015917156,62.89603919650575,2.0,-12.169974546386438,0.0,0.0
41,293,2016-02-17 03:25:00,1.11495,1.114965,1.114765,1.11481,-1.2558193772932515,0.00024885678151109763,5.142925296983882e-05,61.44679122070736,1,-0.6289916056850723,1.1144,1.1157549999999998,1.11429,1.11565,11.204230717518694,-0.0007239465138997312,0.00018445645997057893,52.419911262478415,1.0,8.057467057035613,1.11761,1.11932,1.112425,1.1143299999999998,-29.43472759415927,0.009973712007123936,-0.0004737116015917156,62.89603919650575,2.0,-12.169974546386438,0.0,0.0
42,294,2016-02-17 03:30:00,1.1148,1.11519,1.11474,1.11516,3.228236306896912,0.00028374729974545154,6.905581696335422e-05,66.13232714002942,2,-1.0771084571263807,1.1144,1.1157549999999998,1.11429,1.11565,11.204230717518694,-0.0007239465138997312,0.00018445645997057893,52.419911262478415,1.0,8.057467057035613,1.11761,1.11932,1.112425,1.1143299999999998,-29.43472759415927,0.009973712007123936,-0.0004737116015917156,62.89603919650575,2.0,-12.169974546386438,0.0,0.0
43,295,2016-02-17 03:35:00,1.11516,1.1152549999999999,1.1148,1.1148,-3.2292787944018286,0.0002791316396755228,5.155212551474038e-05,58.285749655071115,0,1.4346622428865414,1.1144,1.1157549999999998,1.11429,1.11565,11.204230717518694,-0.0007239465138997312,0.00018445645997057893,52.419911262478415,1.0,8.057467057035613,1.11761,1.11932,1.112425,1.1143299999999998,-29.43472759415927,0.009973712007123936,-0.0004737116015917156,62.89603919650575,2.0,-12.169974546386438,0.0,0.0
44,296,2016-02-17 03:40:00,1.11481,1.114875,1.1147049999999998,1.11474,-0.6279491181801541,0.0002675480696530119,3.197484439378359e-05,57.070373777738716,1,8.24734671713786,1.1144,1.1157549999999998,1.11429,1.11565,11.204230717518694,-0.0007239465138997312,0.00018445645997057893,52.419911262478415,1.0,8.057467057035613,1.11761,1.11932,1.112425,1.1143299999999998,-29.43472759415927,0.009973712007123936,-0.0004737116015917156,62.89603919650575,2.0,-12.169974546386438,0.0,0.0
45,297,2016-02-17 03:45:00,1.11475,1.1150950000000002,1.11473,1.11506,2.780119455455603,0.0002809507077305984,3.630198597709606e-05,61.66194866118253,1,4.122550835652061,1.1144,1.1157549999999998,1.11429,1.11565,11.204230717518694,-0.0007239465138997312,0.00018445645997057893,52.419911262478415,1.0,8.057467057035613,1.11761,1.11932,1.112425,1.1143299999999998,-29.43472759415927,0.009973712007123936,-0.0004737116015917156,62.89603919650575,2.0,-12.169974546386438,0.0,0.0
46,298,2016-02-17 03:50:00,1.11505,1.11522,1.114945,1.11497,-0.7175080943889074,0.0002810701454527553,2.9137138959402405e-05,59.727073218682136,1,9.409910454668976,1.1144,1.1157549999999998,1.11429,1.11565,11.204230717518694,-0.0007239465138997312,0.00018445645997057893,52.419911262478415,1.0,8.057467057035613,1.11761,1.11932,1.112425,1.1143299999999998,-29.43472759415927,0.009973712007123936,-0.0004737116015917156,62.89603919650575,2.0,-12.169974546386438,0.0,0.0
47,299,2016-02-17 03:55:00,1.11496,1.1157549999999998,1.114945,1.11565,6.184735356071164,0.0003322056576799959,6.421812094931437e-05,67.91822904292926,1,2.7771303658127358,1.1144,1.1157549999999998,1.11429,1.11565,11.204230717518694,-0.0007239465138997312,0.00018445645997057893,52.419911262478415,1.0,8.057467057035613,1.11761,1.11932,1.112425,1.1143299999999998,-29.43472759415927,0.009973712007123936,-0.0004737116015917156,62.89603919650575,2.0,-12.169974546386438,0.0,0.0
48,300,2016-02-17 04:00:00,1.11566,1.115745,1.115155,1.11551,-1.3446764260301969,0.00035731518255666117,7.146211666078374e-05,64.98756480272792,1,3.49449919604397,1.11566,1.117135,1.115155,1.1168,10.207736389684086,-0.00048232128738412433,0.0003408653491889489,57.785754584077104,2.0,-0.0013299237857276047,1.11761,1.11932,1.112425,1.1143299999999998,-29.43472759415927,0.009973712007123936,-0.0004737116015917156,62.89603919650575,2.0,-12.169974546386438,0.0,0.0
49,301,2016-02-17 04:05:00,1.1155,1.116165,1.115505,1.11601,4.5698515246280085,0.00041280195922577256,0.00010155911466391608,69.97118127043875,1,3.22437445960995,1.11566,1.117135,1.115155,1.1168,10.207736389684086,-0.00048232128738412433,0.0003408653491889489,57.785754584077104,2.0,-0.0013299237857276047,1.11761,1.11932,1.112425,1.1143299999999998,-29.43472759415927,0.009973712007123936,-0.0004737116015917156,62.89603919650575,2.0,-12.169974546386438,0.0,0.0
50,302,2016-02-17 04:10:00,1.11601,1.1160700000000001,1.115875,1.11596,-0.4480447327850771,0.00044758160522895285,0.000109071008533677,68.91480291052328,1,4.209846527740272,1.11566,1.117135,1.115155,1.1168,10.207736389684086,-0.00048232128738412433,0.0003408653491889489,57.785754584077104,2.0,-0.0013299237857276047,1.11761,1.11932,1.112425,1.1143299999999998,-29.43472759415927,0.009973712007123936,-0.0004737116015917156,62.89603919650575,2.0,-12.169974546386438,0.0,0.0
51,303,2016-02-17 04:15:00,1.11595,1.11605,1.115765,1.11588,-0.6273075957989613,0.00046334820417470723,9.987008598354517e-05,67.16751592086166,1,1.073746985609581,1.11566,1.117135,1.115155,1.1168,10.207736389684086,-0.00048232128738412433,0.0003408653491889489,57.785754584077104,2.0,-0.0013299237857276047,1.11761,1.11932,1.112425,1.1143299999999998,-29.43472759415927,0.009973712007123936,-0.0004737116015917156,62.89603919650575,2.0,-12.169974546386438,0.0,0.0
52,304,2016-02-17 04:20:00,1.11587,1.11644,1.1158549999999998,1.11635,4.299726788193989,0.0005079135087144858,0.00011554831241865908,71.70625047141472,2,1.4312648998004227,1.11566,1.117135,1.115155,1.1168,10.207736389684086,-0.00048232128738412433,0.0003408653491889489,57.785754584077104,2.0,-0.0013299237857276047,1.11761,1.11932,1.112425,1.1143299999999998,-29.43472759415927,0.009973712007123936,-0.0004737116015917156,62.89603919650575,2.0,-12.169974546386438,0.0,0.0
53,305,2016-02-17 04:25:00,1.11637,1.116545,1.11632,1.11643,0.5374273353452431,0.0005434229238527877,0.0001208461820455686,72.40549717459422,2,1.0729591521881179,1.11566,1.117135,1.115155,1.1168,10.207736389684086,-0.00048232128738412433,0.0003408653491889489,57.785754584077104,2.0,-0.0013299237857276047,1.11761,1.11932,1.112425,1.1143299999999998,-29.43472759415927,0.009973712007123936,-0.0004737116015917156,62.89603919650575,2.0,-12.169974546386438,0.0,0.0
54,306,2016-02-17 04:30:00,1.11643,1.11644,1.1159949999999998,1.11601,-3.763407137929651,0.000531546563361518,8.71758572434391e-05,63.52874337884565,1,4.209407042468737,1.11566,1.117135,1.115155,1.1168,10.207736389684086,-0.00048232128738412433,0.0003408653491889489,57.785754584077104,2.0,-0.0013299237857276047,1.11761,1.11932,1.112425,1.1143299999999998,-29.43472759415927,0.009973712007123936,-0.0004737116015917156,62.89603919650575,2.0,-12.169974546386438,0.0,0.0
55,307,2016-02-17 04:35:00,1.11602,1.116545,1.116015,1.11654,4.657244702384832,0.0005584634141064804,9.127416639072121e-05,68.73733074424939,0,2.7755137301534405,1.11566,1.117135,1.115155,1.1168,10.207736389684086,-0.00048232128738412433,0.0003408653491889489,57.785754584077104,2.0,-0.0013299237857276047,1.11761,1.11932,1.112425,1.1143299999999998,-29.43472759415927,0.009973712007123936,-0.0004737116015917156,62.89603919650575,2.0,-12.169974546386438,0.0,0.0
56,308,2016-02-17 04:40:00,1.11654,1.116735,1.116395,1.11656,0.1791215877329385,0.000574783300996584,8.607524262465996e-05,68.91772422755763,0,2.3277675005869187,1.11566,1.117135,1.115155,1.1168,10.207736389684086,-0.00048232128738412433,0.0003408653491889489,57.785754584077104,2.0,-0.0013299237857276047,1.11761,1.11932,1.112425,1.1143299999999998,-29.43472759415927,0.009973712007123936,-0.0004737116015917156,62.89603919650575,2.0,-12.169974546386438,0.0,0.0
57,309,2016-02-17 04:45:00,1.11657,1.116945,1.11646,1.1165,-0.6269592476490327,0.0005762329753293827,7.001993356596677e-05,67.65644882726966,1,1.0740174521581851,1.11566,1.117135,1.115155,1.1168,10.207736389684086,-0.00048232128738412433,0.0003408653491889489,57.785754584077104,2.0,-0.0013299237857276047,1.11761,1.11932,1.112425,1.1143299999999998,-29.43472759415927,0.009973712007123936,-0.0004737116015917156,62.89603919650575,2.0,-12.169974546386438,0.0,0.0
58,310,2016-02-17 04:50:00,1.11649,1.116895,1.1162450000000002,1.11685,3.2233513900695345,0.0005987222304297822,7.400735093309309e-05,70.99152235107915,2,-4.299120302891491,1.11566,1.117135,1.115155,1.1168,10.207736389684086,-0.00048232128738412433,0.0003408653491889489,57.785754584077104,2.0,-0.0013299237857276047,1.11761,1.11932,1.112425,1.1143299999999998,-29.43472759415927,0.009973712007123936,-0.0004737116015917156,62.89603919650575,2.0,-12.169974546386438,0.0,0.0
59,311,2016-02-17 04:55:00,1.11683,1.117135,1.11663,1.1168,-0.2686246418335825,0.0006055303678396129,6.465239067433891e-05,69.8829209992695,2,-3.4035139510099484,1.11566,1.117135,1.115155,1.1168,10.207736389684086,-0.00048232128738412433,0.0003408653491889489,57.785754584077104,2.0,-0.0013299237857276047,1.11761,1.11932,1.112425,1.1143299999999998,-29.43472759415927,0.009973712007123936,-0.0004737116015917156,62.89603919650575,2.0,-12.169974546386438,-0.5069706970697292,0.46387638763877836
60,312,2016-02-17 05:00:00,1.11681,1.116935,1.1165950000000002,1.1166,-1.8807092960777672,0.000588009331703887,3.7705083630890366e-05,65.47827681703967,0,0.5368537999653504,1.11681,1.116935,1.1160450000000002,1.11635,-4.120571505353402,-0.0003234146707422614,0.0003998175726646496,55.164139399477406,1.0,-2.9592943263223703,1.11761,1.11932,1.112425,1.1143299999999998,-29.43472759415927,0.009973712007123936,-0.0004737116015917156,62.89603919650575,2.0,-12.169974546386438,-0.585738573857448,0.5358935893589857
61,313,2016-02-17 05:05:00,1.11663,1.116635,1.116325,1.11639,-2.149786364980141,0.0005508289263931321,4.197426561082518e-07,61.12203884548621,1,3.2239086917547337,1.11681,1.116935,1.1160450000000002,1.11635,-4.120571505353402,-0.0003234146707422614,0.0003998175726646496,55.164139399477406,1.0,-2.9592943263223703,1.11761,1.11932,1.112425,1.1143299999999998,-29.43472759415927,0.009973712007123936,-0.0004737116015917156,62.89603919650575,2.0,-12.169974546386438,-0.37675767576764985,0.31858185818589113
62,314,2016-02-17 05:10:00,1.11639,1.11654,1.116325,1.11646,0.6269817100479596,0.0005210057720737017,-2.3522729330657817e-05,62.0288799376972,0,2.5969269817067744,1.11681,1.116935,1.1160450000000002,1.11635,-4.120571505353402,-0.0003234146707422614,0.0003998175726646496,55.164139399477406,1.0,-2.9592943263223703,1.11761,1.11932,1.112425,1.1143299999999998,-29.43472759415927,0.009973712007123936,-0.0004737116015917156,62.89603919650575,2.0,-12.169974546386438,-0.09493949394946177,0.026062606260692876
63,315,2016-02-17 05:15:00,1.11646,1.1167850000000001,1.1164049999999999,1.11669,2.059658454897532,0.0005100502435091414,-2.758260631617441e-05,64.92391176795121,0,0.08951668878700264,1.11681,1.116935,1.1160450000000002,1.11635,-4.120571505353402,-0.0003234146707422614,0.0003998175726646496,55.164139399477406,1.0,-2.9592943263223703,1.11761,1.11932,1.112425,1.1143299999999998,-29.43472759415927,0.009973712007123936,-0.0004737116015917156,62.89603919650575,2.0,-12.169974546386438,-0.06583658365840343,-0.00015001500145992689
64,316,2016-02-17 05:20:00,1.1167,1.1167850000000001,1.1164649999999998,1.11676,0.5372685268092426,0.0005012383593803181,-2.911559235599815e-05,65.77907028730198,2,-3.314185009819009,1.11681,1.116935,1.1160450000000002,1.11635,-4.120571505353402,-0.0003234146707422614,0.0003998175726646496,55.164139399477406,1.0,-2.9592943263223703,1.11761,1.11932,1.112425,1.1143299999999998,-29.43472759415927,0.009973712007123936,-0.0004737116015917156,62.89603919650575,2.0,-12.169974546386438,-0.29871987198718225,0.20937093709369517
65,317,2016-02-17 05:25:00,1.11674,1.11683,1.11668,1.11674,0.0,0.0004870269019077167,-3.466163986287976e-05,65.28929810859967,2,-3.7620812412190734,1.11681,1.116935,1.1160450000000002,1.11635,-4.120571505353402,-0.0003234146707422614,0.0003998175726646496,55.164139399477406,1.0,-2.9592943263223703,1.11761,1.11932,1.112425,1.1143299999999998,-29.43472759415927,0.009973712007123936,-0.0004737116015917156,62.89603919650575,2.0,-12.169974546386438,-0.5717271727172965,0.4871787178718075
66,318,2016-02-17 05:30:00,1.11674,1.1168550000000002,1.116635,1.11669,-0.44775183802224,0.0004663538010167834,-4.4267792603050536e-05,64.00621954424889,2,-4.21021014355258,1.11681,1.116935,1.1160450000000002,1.11635,-4.120571505353402,-0.0003234146707422614,0.0003998175726646496,55.164139399477406,1.0,-2.9592943263223703,1.11761,1.11932,1.112425,1.1143299999999998,-29.43472759415927,0.009973712007123936,-0.0004737116015917156,62.89603919650575,2.0,-12.169974546386438,-0.8516551655165927,0.760656065606601
67,319,2016-02-17 05:35:00,1.11669,1.1166900000000002,1.116345,1.11637,-2.866433171796768,0.000419315288341382,-7.304504422276162e-05,56.370843353050134,0,-1.7021453206616035,1.11681,1.116935,1.1160450000000002,1.11635,-4.120571505353402,-0.0003234146707422614,0.0003998175726646496,55.164139399477406,1.0,-2.9592943263223703,1.11761,1.11932,1.112425,1.1143299999999998,-29.43472759415927,0.009973712007123936,-0.0004737116015917156,62.89603919650575,2.0,-12.169974546386438,-0.8829982998300627,0.787958795879667
68,320,2016-02-17 05:40:00,1.11638,1.116615,1.1162549999999998,1.1163299999999998,-0.4478962314000651,0.0003744923477744244,-9.429438783177535e-05,55.47992314518004,0,0.3581484563097155,1.11681,1.116935,1.1160450000000002,1.11635,-4.120571505353402,-0.0003234146707422614,0.0003998175726646496,55.164139399477406,1.0,-2.9592943263223703,1.11761,1.11932,1.112425,1.1143299999999998,-29.43472759415927,0.009973712007123936,-0.0004737116015917156,62.89603919650575,2.0,-12.169974546386438,-0.6834983498350006,0.5750375037503995
69,321,2016-02-17 05:45:00,1.11632,1.116425,1.11619,1.11622,-0.8958807403557452,0.0003263320114579304,-0.00011396377931861548,52.99923999606145,0,0.2685868674376489,1.11681,1.116935,1.1160450000000002,1.11635,-4.120571505353402,-0.0003234146707422614,0.0003998175726646496,55.164139399477406,1.0,-2.9592943263223703,1.11761,1.11932,1.112425,1.1143299999999998,-29.43472759415927,0.009973712007123936,-0.0004737116015917156,62.89603919650575,2.0,-12.169974546386438,-0.3935193519350652,0.31053105310520246
70,322,2016-02-17 05:50:00,1.11621,1.116375,1.1160450000000002,1.11617,-0.3583683489057935,0.00028089206691994656,-0.00012752297908527946,51.86406196983496,0,1.6122916191494518,1.11681,1.116935,1.1160450000000002,1.11635,-4.120571505353402,-0.0003234146707422614,0.0003998175726646496,55.164139399477406,1.0,-2.9592943263223703,1.11761,1.11932,1.112425,1.1143299999999998,-29.43472759415927,0.009973712007123936,-0.0004737116015917156,62.89603919650575,2.0,-12.169974546386438,-0.004790479047866438,-0.07041704170420318
71,323,2016-02-17 05:55:00,1.11617,1.1164100000000001,1.116155,1.11635,1.6123975455712545,0.00025644889593534614,-0.000121572920055904,55.55474635271136,0,0.6268813994773825,1.11681,1.116935,1.1160450000000002,1.11635,-4.120571505353402,-0.0003234146707422614,0.0003998175726646496,55.164139399477406,1.0,-2.9592943263223703,1.11761,1.11932,1.112425,1.1143299999999998,-29.43472759415927,0.009973712007123936,-0.0004737116015917156,62.89603919650575,2.0,-12.169974546386438,0.280408040804064,-0.34639463946392823
72,324,2016-02-17 06:00:00,1.11636,1.1165599999999998,1.116195,1.11625,-0.9854423292278119,0.00022639856087969257,-0.00012129860408924606,53.11810173481244,1,3.22430252222924,1.11636,1.117255,1.1160800000000002,1.11658,1.9703021727049288,-0.00017688196914833476,0.0004370802194068609,56.256489354579536,2.0,-31.40410129584277,1.11761,1.11932,1.112425,1.1143299999999998,-29.43472759415927,0.009973712007123936,-0.0004737116015917156,62.89603919650575,2.0,-12.169974546386438,0.52244224422447,-0.5719471947195179
73,325,2016-02-17 06:05:00,1.11626,1.1164900000000002,1.11619,1.11637,0.9853364028060096,0.00020984746007113309,-0.00011027976391824444,55.632871741252785,1,6.356808012197358,1.11636,1.117255,1.1160800000000002,1.11658,1.9703021727049288,-0.00017688196914833476,0.0004370802194068609,56.256489354579536,2.0,-31.40410129584277,1.11761,1.11932,1.112425,1.1143299999999998,-29.43472759415927,0.009973712007123936,-0.0004737116015917156,62.89603919650575,2.0,-12.169974546386438,0.7762876287628867,-0.841364136413652
74,326,2016-02-17 06:10:00,1.11638,1.116685,1.1162549999999998,1.11645,0.6269873258991849,0.0002008704157330232,-9.540544660508344e-05,57.2781397862983,1,4.118231569898042,1.11636,1.117255,1.1160800000000002,1.11658,1.9703021727049288,-0.00017688196914833476,0.0004370802194068609,56.256489354579536,2.0,-31.40410129584277,1.11761,1.11932,1.112425,1.1143299999999998,-29.43472759415927,0.009973712007123936,-0.0004737116015917156,62.89603919650575,2.0,-12.169974546386438,0.9174417441744116,-1.0102310231023066
75,327,2016-02-17 06:15:00,1.11646,1.1168,1.11646,1.11664,1.6119787935240453,0.00020670469249672863,-7.165693587310245e-05,60.979150644771785,1,0.08826293193141099,1.11636,1.117255,1.1160800000000002,1.11658,1.9703021727049288,-0.00017688196914833476,0.0004370802194068609,56.256489354579536,2.0,-31.40410129584277,1.11761,1.11932,1.112425,1.1143299999999998,-29.43472759415927,0.009973712007123936,-0.0004737116015917156,62.89603919650575,2.0,-12.169974546386438,0.9352735273527117,-1.0277727772777152
76,328,2016-02-17 06:20:00,1.11663,1.117255,1.116625,1.11709,4.117841892774127,0.00024481753392135985,-2.683527555877697e-05,68.04084729575361,2,-3.76091582858904,1.11636,1.117255,1.1160800000000002,1.11658,1.9703021727049288,-0.00017688196914833476,0.0004370802194068609,56.256489354579536,2.0,-31.40410129584277,1.11761,1.11932,1.112425,1.1143299999999998,-29.43472759415927,0.009973712007123936,-0.0004737116015917156,62.89603919650575,2.0,-12.169974546386438,0.4974097409740777,-0.6125912591258934
77,329,2016-02-17 06:25:00,1.11709,1.1171,1.116695,1.11691,-1.6115891164001297,0.0002575291044515371,-1.1298964022879832e-05,63.120166956809314,2,-6.449823957183185,1.11636,1.117255,1.1160800000000002,1.11658,1.9703021727049288,-0.00017688196914833476,0.0004370802194068609,56.256489354579536,2.0,-31.40410129584277,1.11761,1.11932,1.112425,1.1143299999999998,-29.43472759415927,0.009973712007123936,-0.0004737116015917156,62.89603919650575,2.0,-12.169974546386438,-0.09018901890190846,-0.028922892289221968
78,330,2016-02-17 06:30:00,1.1169,1.116905,1.116525,1.11663,-2.417989844442586,0.00024221732518658887,-2.128859463026246e-05,56.29945316754565,2,-4.300620006856647,1.11636,1.117255,1.1160800000000002,1.11658,1.9703021727049288,-0.00017688196914833476,0.0004370802194068609,56.256489354579536,2.0,-31.40410129584277,1.11761,1.11932,1.112425,1.1143299999999998,-29.43472759415927,0.009973712007123936,-0.0004737116015917156,62.89603919650575,2.0,-12.169974546386438,-0.2905190519052759,0.18865886588665923
79,331,2016-02-17 06:35:00,1.11661,1.1167049999999998,1.116515,1.11664,0.2686631322536761,0.00022825832632999976,-2.8198074789481306e-05,56.48032626251708,2,0.2664367115195292,1.11636,1.117255,1.1160800000000002,1.11658,1.9703021727049288,-0.00017688196914833476,0.0004370802194068609,56.256489354579536,2.0,-31.40410129584277,1.11761,1.11932,1.112425,1.1143299999999998,-29.43472759415927,0.009973712007123936,-0.0004737116015917156,62.89603919650575,2.0,-12.169974546386438,-0.3309930993100974,0.20073007300746035
80,332,2016-02-17 06:40:00,1.11663,1.116745,1.11609,1.11615,-4.300497244994275,0.00017563223518801685,-6.46593327451714e-05,46.355852977569974,1,3.5817828701603456,1.11636,1.117255,1.1160800000000002,1.11658,1.9703021727049288,-0.00017688196914833476,0.0004370802194068609,56.256489354579536,2.0,-31.40410129584277,1.11761,1.11932,1.112425,1.1143299999999998,-29.43472759415927,0.009973712007123936,-0.0004737116015917156,62.89603919650575,2.0,-12.169974546386438,0.027572757275485218,-0.18564856485625442
81,333,2016-02-17 06:45:00,1.11616,1.11646,1.1160800000000002,1.1161299999999998,-0.2687858941160482,0.00013080401865006586,-8.759003942649795e-05,45.993451596893465,1,1.7007053701793988,1.11636,1.117255,1.1160800000000002,1.11658,1.9703021727049288,-0.00017688196914833476,0.0004370802194068609,56.256489354579536,2.0,-31.40410129584277,1.11761,1.11932,1.112425,1.1143299999999998,-29.43472759415927,0.009973712007123936,-0.0004737116015917156,62.89603919650575,2.0,-12.169974546386438,0.7651265126511181,-1.005200520051879
82,334,2016-02-17 06:50:00,1.11615,1.116735,1.11615,1.11669,4.835719850629852,0.00013886391716155802,-6.362411273200468e-05,56.296086491374616,2,3.0420248377483525,1.11636,1.117255,1.1160800000000002,1.11658,1.9703021727049288,-0.00017688196914833476,0.0004370802194068609,56.256489354579536,2.0,-31.40410129584277,1.11761,1.11932,1.112425,1.1143299999999998,-29.43472759415927,0.009973712007123936,-0.0004737116015917156,62.89603919650575,2.0,-12.169974546386438,1.216911691169071,-1.436793679367916
83,335,2016-02-17 06:55:00,1.11669,1.116765,1.11641,1.11658,-0.9851510863534588,0.00013482122890495774,-5.413344079088396e-05,54.11241093380322,1,6.622625831917709,1.11636,1.117255,1.1160800000000002,1.11658,1.9703021727049288,-0.00017688196914833476,0.0004370802194068609,56.256489354579536,2.0,-31.40410129584277,1.11761,1.11932,1.112425,1.1143299999999998,-29.43472759415927,0.009973712007123936,-0.0004737116015917156,62.89603919650575,2.0,-12.169974546386438,1.3738973897389777,-1.5956795679568345
84,336,2016-02-17 07:00:00,1.11659,1.116755,1.116035,1.11635,-2.1498633940969945,0.00011176987794736526,-6.174783339878117e-05,49.765708288320205,1,13.692428397674318,1.11659,1.11793,1.116035,1.11683,2.1489394088627454,-4.011837708306487e-05,0.0004590750491777047,57.469415865478545,2.0,-31.936124164548968,1.11761,1.11932,1.112425,1.1143299999999998,-29.43472759415927,0.009973712007123936,-0.0004737116015917156,62.89603919650575,2.0,-12.169974546386438,1.8683068306831487,-2.0960296029603516
85,337,2016-02-17 07:05:00,1.11635,1.117575,1.116325,1.11704,6.177039318198806,0.00014747870693532228,-2.083120352865933e-05,60.11628578280016,1,6.17339541368477,1.11659,1.11793,1.116035,1.11683,2.1489394088627454,-4.011837708306487e-05,0.0004590750491777047,57.469415865478545,2.0,-31.936124164548968,1.11761,1.11932,1.112425,1.1143299999999998,-29.43472759415927,0.009973712007123936,-0.0004737116015917156,62.89603919650575,2.0,-12.169974546386438,2.1805980598060306,-2.4555155515551634
86,338,2016-02-17 07:10:00,1.11705,1.117485,1.116885,1.11734,2.595449907815897,0.00019770666461038644,2.3517403317123865e-05,63.6255611471852,1,-0.4496209489781826,1.11659,1.11793,1.116035,1.11683,2.1489394088627454,-4.011837708306487e-05,0.0004590750491777047,57.469415865478545,2.0,-31.936124164548968,1.11761,1.11932,1.112425,1.1143299999999998,-29.43472759415927,0.009973712007123936,-0.0004737116015917156,62.89603919650575,2.0,-12.169974546386438,1.908130813081275,-2.164086408640826
87,339,2016-02-17 07:15:00,1.11735,1.11793,1.117135,1.1179,4.9199391716596175,0.00027947835037167584,8.423127126273055e-05,69.09242479676908,2,-3.3114866563636944,1.11659,1.11793,1.116035,1.11683,2.1489394088627454,-4.011837708306487e-05,0.0004590750491777047,57.469415865478545,2.0,-31.936124164548968,1.11761,1.11932,1.112425,1.1143299999999998,-29.43472759415927,0.009973712007123936,-0.0004737116015917156,62.89603919650575,2.0,-12.169974546386438,1.0950795079507933,-1.3203320332033366
88,340,2016-02-17 07:20:00,1.11789,1.117905,1.117445,1.11774,-1.341993665790743,0.00032759601471044064,0.00010587914848119633,66.03851720044183,2,-4.9232267786037385,1.11659,1.11793,1.116035,1.11683,2.1489394088627454,-4.011837708306487e-05,0.0004590750491777047,57.469415865478545,2.0,-31.936124164548968,1.11761,1.11932,1.112425,1.1143299999999998,-29.43472759415927,0.009973712007123936,-0.0004737116015917156,62.89603919650575,2.0,-12.169974546386438,0.1347434743475144,-0.25094509450953706
89,341,2016-02-17 07:25:00,1.11775,1.117775,1.117235,1.1173,-4.027566454847055,0.00032646203646069516,8.379613618516065e-05,58.39460702321482,2,-4.477226005193929,1.11659,1.11793,1.116035,1.11683,2.1489394088627454,-4.011837708306487e-05,0.0004590750491777047,57.469415865478545,2.0,-31.936124164548968,1.11761,1.11932,1.112425,1.1143299999999998,-29.43472759415927,0.009973712007123936,-0.0004737116015917156,62.89603919650575,2.0,-12.169974546386438,-0.37070707070696735,0.33992399239912774
90,342,2016-02-17 07:30:00,1.11732,1.117775,1.1172149999999998,1.11755,2.058073464274104,0.0003417962468181823,7.930427723411824e-05,61.14643422654539,2,-5.9085703686450985,1.11659,1.11793,1.116035,1.11683,2.1489394088627454,-4.011837708306487e-05,0.0004590750491777047,57.469415865478545,2.0,-31.936124164548968,1.11761,1.11932,1.112425,1.1143299999999998,-29.43472759415927,0.009973712007123936,-0.0004737116015917156,62.89603919650575,2.0,-12.169974546386438,-0.7990199019901333,0.7299029902989578
91,343,2016-02-17 07:35:00,1.11756,1.117565,1.116945,1.11723,-2.953733788030786,0.00032438804984114,4.9516864205660686e-05,56.03734233272296,2,-2.7757727264447283,1.11659,1.11793,1.116035,1.11683,2.1489394088627454,-4.011837708306487e-05,0.0004590750491777047,57.469415865478545,2.0,-31.936124164548968,1.11761,1.11932,1.112425,1.1143299999999998,-29.43472759415927,0.009973712007123936,-0.0004737116015917156,62.89603919650575,2.0,-12.169974546386438,-1.207020702070161,1.1650465046504042
92,344,2016-02-17 07:40:00,1.11723,1.117435,1.1168049999999998,1.11683,-3.581565681437246,0.0002751435872541119,2.179212949060885e-07,50.371644554285524,0,-0.08959846536679372,1.11659,1.11793,1.116035,1.11683,2.1489394088627454,-4.011837708306487e-05,0.0004590750491777047,57.469415865478545,2.0,-31.936124164548968,1.11761,1.11932,1.112425,1.1143299999999998,-29.43472759415927,0.009973712007123936,-0.0004737116015917156,62.89603919650575,2.0,-12.169974546386438,-1.1412141214120661,1.068506850684967
93,345,2016-02-17 07:45:00,1.11684,1.117135,1.1168,1.11691,0.6267291008229355,0.00023980797027256529,-2.8094156549312456e-05,51.429349353414224,0,2.6849720883102526,1.11659,1.11793,1.116035,1.11683,2.1489394088627454,-4.011837708306487e-05,0.0004590750491777047,57.469415865478545,2.0,-31.936124164548968,1.11761,1.11932,1.112425,1.1143299999999998,-29.43472759415927,0.009973712007123936,-0.0004737116015917156,62.89603919650575,2.0,-12.169974546386438,-0.85086508650863,0.7690669066906483
94,346,2016-02-17 07:50:00,1.1169,1.117275,1.11685,1.11692,0.17906385416958226,0.00021018823650909008,-4.617111225023007e-05,51.568299498689406,0,0.7154620549530137,1.11659,1.11793,1.116035,1.11683,2.1489394088627454,-4.011837708306487e-05,0.0004590750491777047,57.469415865478545,2.0,-31.936124164548968,1.11761,1.11932,1.112425,1.1143299999999998,-29.43472759415927,0.009973712007123936,-0.0004737116015917156,62.89603919650575,2.0,-12.169974546386438,-0.7154315431542935,0.6344934493449124
95,347,2016-02-17 07:55:00,1.11693,1.117055,1.1167950000000002,1.11683,-0.8953914203593115,0.00017740709767455345,-6.316180086781342e-05,50.177011408472396,1,3.6694611404927886,1.11659,1.11793,1.116035,1.11683,2.1489394088627454,-4.011837708306487e-05,0.0004590750491777047,57.469415865478545,2.0,-31.936124164548968,1.11761,1.11932,1.112425,1.1143299999999998,-29.43472759415927,0.009973712007123936,-0.0004737116015917156,62.89603919650575,2.0,-12.169974546386438,-0.6092509250924218,0.512941294129319
96,348,2016-02-17 08:00:00,1.11684,1.117385,1.11658,1.11722,3.4012996544999816,0.00018081324704710688,-4.780452119620797e-05,55.74847480761214,0,-1.7908516200727989,1.11684,1.117385,1.1157,1.11605,-7.0785359078900445,5.267552621424088e-06,0.00040356878310575487,52.57150846556634,2.0,-12.655682606101715,1.11761,1.11932,1.112425,1.1143299999999998,-29.43472759415927,0.009973712007123936,-0.0004737116015917156,62.89603919650575,2.0,-12.169974546386438,-0.7810281028102687,0.705180518051788
97,349,2016-02-17 08:05:00,1.11724,1.117305,1.116955,1.11704,-1.7904461791876565,0.00016706235841246198,-4.924432786468234e-05,52.81303477697508,2,-6.360531926780786,1.11684,1.117385,1.1157,1.11605,-7.0785359078900445,5.267552621424088e-06,0.00040356878310575487,52.57150846556634,2.0,-12.655682606101715,1.11761,1.11932,1.112425,1.1143299999999998,-29.43472759415927,0.009973712007123936,-0.0004737116015917156,62.89603919650575,2.0,-12.169974546386438,-1.1277227722773553,1.1307830783079196
98,350,2016-02-17 08:10:00,1.11703,1.11734,1.117,1.11726,2.0586076651804635,0.0001719348831754619,-3.5497442481345945e-05,55.87143875120532,2,-5.9115271971908925,1.11684,1.117385,1.1157,1.11605,-7.0785359078900445,5.267552621424088e-06,0.00040356878310575487,52.57150846556634,2.0,-12.655682606101715,1.11761,1.11932,1.112425,1.1143299999999998,-29.43472759415927,0.009973712007123936,-0.0004737116015917156,62.89603919650575,2.0,-12.169974546386438,-1.6249224922493304,1.6135013501350723
99,351,2016-02-17 08:15:00,1.11727,1.117305,1.11695,1.11704,-2.059013106065606,0.00015624315889373186,-4.095133341046079e-05,52.22604359184693,2,-2.957010415082796,1.11684,1.117385,1.1157,1.11605,-7.0785359078900445,5.267552621424088e-06,0.00040356878310575487,52.57150846556634,2.0,-12.655682606101715,1.11761,1.11932,1.112425,1.1143299999999998,-29.43472759415927,0.009973712007123936,-0.0004737116015917156,62.89603919650575,2.0,-12.169974546386438,-2.2383638363837,2.259825982598317
100,352,2016-02-17 08:20:00,1.11704,1.11704,1.11625,1.1163299999999998,-6.360126485895642,8.553034746050514e-05,-8.933131587495002e-05,42.5721828902005,1,0.3574489801434741,1.11684,1.117385,1.1157,1.11605,-7.0785359078900445,5.267552621424088e-06,0.00040356878310575487,52.57150846556634,2.0,-12.655682606101715,1.11761,1.11932,1.112425,1.1143299999999998,-29.43472759415927,0.009973712007123936,-0.0004737116015917156,62.89603919650575,2.0,-12.169974546386438,-2.2858585858585396,2.3473247324732003
101,353,2016-02-17 08:25:00,1.11632,1.11668,1.11605,1.1166,2.5076123947703564,5.0692328845247665e-05,-9.9335467592166e-05,46.61360830666339,2,-4.031681530958848,1.11684,1.117385,1.1157,1.11605,-7.0785359078900445,5.267552621424088e-06,0.00040356878310575487,52.57150846556634,2.0,-12.655682606101715,1.11761,1.11932,1.112425,1.1143299999999998,-29.43472759415927,0.009973712007123936,-0.0004737116015917156,62.89603919650575,2.0,-12.169974546386438,-2.144154415441396,2.25847584758461
102,354,2016-02-17 08:30:00,1.11659,1.116765,1.116305,1.11669,0.8955036760424916,2.999938173831041e-05,-9.602273175928259e-05,47.92904877918727,2,-3.58341225087916,1.11684,1.117385,1.1157,1.11605,-7.0785359078900445,5.267552621424088e-06,0.00040356878310575487,52.57150846556634,2.0,-12.655682606101715,1.11761,1.11932,1.112425,1.1143299999999998,-29.43472759415927,0.009973712007123936,-0.0004737116015917156,62.89603919650575,2.0,-12.169974546386438,-2.4902190219020564,2.6644464446443163
103,355,2016-02-17 08:35:00,1.11668,1.116735,1.1161,1.11634,-3.0456670906693737,-1.4475142425141033e-05,-0.00011239780473818724,43.445745639802304,2,-3.226037646431992,1.11684,1.117385,1.1157,1.11605,-7.0785359078900445,5.267552621424088e-06,0.00040356878310575487,52.57150846556634,2.0,-12.655682606101715,1.11761,1.11932,1.112425,1.1143299999999998,-29.43472759415927,0.009973712007123936,-0.0004737116015917156,62.89603919650575,2.0,-12.169974546386438,-2.7454045404539533,2.947854785478463
104,356,2016-02-17 08:40:00,1.1163299999999998,1.116395,1.11588,1.11612,-1.8815181163319668,-6.670475375081253e-05,-0.00013170193285108698,40.85859317083288,0,-0.3589006062161977,1.11684,1.117385,1.1157,1.11605,-7.0785359078900445,5.267552621424088e-06,0.00040356878310575487,52.57150846556634,2.0,-12.655682606101715,1.11761,1.11932,1.112425,1.1143299999999998,-29.43472759415927,0.009973712007123936,-0.0004737116015917156,62.89603919650575,2.0,-12.169974546386438,-2.7931293129312684,3.057645764576466
105,357,2016-02-17 08:45:00,1.11611,1.11626,1.115735,1.11626,1.3437729561221805,-9.569713010271208e-05,-0.00012855544736238924,43.177509462769095,2,-4.481098643450756,1.11684,1.117385,1.1157,1.11605,-7.0785359078900445,5.267552621424088e-06,0.00040356878310575487,52.57150846556634,2.0,-12.655682606101715,1.11761,1.11932,1.112425,1.1143299999999998,-29.43472759415927,0.009973712007123936,-0.0004737116015917156,62.89603919650575,2.0,-12.169974546386438,-3.0671367136713688,3.3269726972697606
106,358,2016-02-17 08:50:00,1.11625,1.1162549999999998,1.11591,1.11595,-2.6882924862222053,-0.0001420507340239574,-0.00013992724102690764,39.485604185008704,2,-8.250147346994149,1.11684,1.117385,1.1157,1.11605,-7.0785359078900445,5.267552621424088e-06,0.00040356878310575487,52.57150846556634,2.0,-12.655682606101715,1.11761,1.11932,1.112425,1.1143299999999998,-29.43472759415927,0.009973712007123936,-0.0004737116015917156,62.89603919650575,2.0,-12.169974546386438,-3.4257825782578157,3.6750575057506327
107,359,2016-02-17 08:55:00,1.11594,1.116095,1.1157,1.11605,0.9856189238838268,-0.00016877164041217974,-0.00013331851793210394,41.231274488295945,2,-12.016783584953805,1.11684,1.117385,1.1157,1.11605,-7.0785359078900445,5.267552621424088e-06,0.00040356878310575487,52.57150846556634,2.0,-12.655682606101715,1.11761,1.11932,1.112425,1.1143299999999998,-29.43472759415927,0.009973712007123936,-0.0004737116015917156,62.89603919650575,2.0,-12.169974546386438,-3.9667966796678993,4.1265426542654735
108,360,2016-02-17 09:00:00,1.11605,1.11627,1.115715,1.11574,-2.7784250811123776,-0.00021251284467171952,-0.000141647777753315,37.609301804686325,2,-11.930390090345075,1.11605,1.11627,1.112955,1.11303,-26.47450479681548,-0.000200145380545802,0.00015852467995082302,38.787802821177394,1.0,14.267405564418548,1.11761,1.11932,1.112425,1.1143299999999998,-29.43472759415927,0.009973712007123936,-0.0004737116015917156,62.89603919650575,2.0,-12.169974546386438,-4.718391839183822,4.742684268426823
109,361,2016-02-17 09:05:00,1.11573,1.11575,1.114935,1.11501,-6.4573411897655975,-0.00030259483838324114,-0.00018538381717186924,30.757364502468505,2,-4.037504829377049,1.11605,1.11627,1.112955,1.11303,-26.47450479681548,-0.000200145380545802,0.00015852467995082302,38.787802821177394,1.0,14.267405564418548,1.11761,1.11932,1.112425,1.1143299999999998,-29.43472759415927,0.009973712007123936,-0.0004737116015917156,62.89603919650575,2.0,-12.169974546386438,-4.9406440644063325,4.9285428542854355
110,362,2016-02-17 09:10:00,1.11501,1.115015,1.114525,1.1147,-2.7810173140758274,-0.0003944528694861393,-0.00022179347861981402,28.39180121244441,2,-3.410306056089322,1.11605,1.11627,1.112955,1.11303,-26.47450479681548,-0.000200145380545802,0.00015852467995082302,38.787802821177394,1.0,14.267405564418548,1.11761,1.11932,1.112425,1.1143299999999998,-29.43472759415927,0.009973712007123936,-0.0004737116015917156,62.89603919650575,2.0,-12.169974546386438,-4.688658865886518,4.769656965696627
111,363,2016-02-17 09:15:00,1.1147,1.114715,1.11414,1.1144,-2.6920315865036515,-0.00048585784690846623,-0.0002505587648337127,26.28493659124597,2,-7.543416136178343,1.11605,1.11627,1.112955,1.11303,-26.47450479681548,-0.000200145380545802,0.00015852467995082302,38.787802821177394,1.0,14.267405564418548,1.11761,1.11932,1.112425,1.1143299999999998,-29.43472759415927,0.009973712007123936,-0.0004737116015917156,62.89603919650575,2.0,-12.169974546386438,-4.297869786978689,4.351775177517853
112,364,2016-02-17 09:20:00,1.1144,1.114645,1.114255,1.11456,1.4355440712024294,-0.0005391710588844578,-0.00024309758144776342,29.29833621761695,2,-10.595687950429463,1.11605,1.11627,1.112955,1.11303,-26.47450479681548,-0.000200145380545802,0.00015852467995082302,38.787802821177394,1.0,14.267405564418548,1.11761,1.11932,1.112425,1.1143299999999998,-29.43472759415927,0.009973712007123936,-0.0004737116015917156,62.89603919650575,2.0,-12.169974546386438,-4.16869686968702,4.19426942694284
113,365,2016-02-17 09:25:00,1.11454,1.114575,1.114235,1.1143,-2.1538185407881,-0.0005955370106163205,-0.00023957082654370082,27.342313922964024,2,-5.389037459061265,1.11605,1.11627,1.112955,1.11303,-26.47450479681548,-0.000200145380545802,0.00015852467995082302,38.787802821177394,1.0,14.267405564418548,1.11761,1.11932,1.112425,1.1143299999999998,-29.43472759415927,0.009973712007123936,-0.0004737116015917156,62.89603919650575,2.0,-12.169974546386438,-4.341844184418559,4.325622562256409
114,366,2016-02-17 09:30:00,1.11429,1.114295,1.113495,1.11353,-6.825141666592674,-0.0006943361236755319,-0.00025782615519595776,22.542403597697767,2,-3.414906868943746,1.11605,1.11627,1.112955,1.11303,-26.47450479681548,-0.000200145380545802,0.00015852467995082302,38.787802821177394,1.0,14.267405564418548,1.11761,1.11932,1.112425,1.1143299999999998,-29.43472759415927,0.009973712007123936,-0.0004737116015917156,62.89603919650575,2.0,-12.169974546386438,-4.026402640264136,3.9840684068408336
115,367,2016-02-17 09:35:00,1.11354,1.1135450000000002,1.113085,1.11336,-1.6167277430486906,-0.0007773914273696557,-0.00025782615519595776,21.639207426246966,1,1.524527532988528,1.11605,1.11627,1.112955,1.11303,-26.47450479681548,-0.000200145380545802,0.00015852467995082302,38.787802821177394,1.0,14.267405564418548,1.11761,1.11932,1.112425,1.1143299999999998,-29.43472759415927,0.009973712007123936,-0.0004737116015917156,62.89603919650575,2.0,-12.169974546386438,-3.2636663666366283,3.186798679868009
116,368,2016-02-17 09:40:00,1.11338,1.11378,1.112955,1.11372,3.0528319505801003,-0.0008048861362197622,-0.0002483965705210156,28.19983758850764,2,-6.110391153798237,1.11605,1.11627,1.112955,1.11303,-26.47450479681548,-0.000200145380545802,0.00015852467995082302,38.787802821177394,1.0,14.267405564418548,1.11761,1.11932,1.112425,1.1143299999999998,-29.43472759415927,0.009973712007123936,-0.0004737116015917156,62.89603919650575,2.0,-12.169974546386438,-2.853555355535504,2.778737873787346
117,369,2016-02-17 09:45:00,1.11371,1.113795,1.11304,1.11317,-4.8510110764751575,-0.000861129727071086,-0.00024371212909787135,24.78561861717442,1,-3.5059652678342563,1.11605,1.11627,1.112955,1.11303,-26.47450479681548,-0.000200145380545802,0.00015852467995082302,38.787802821177394,1.0,14.267405564418548,1.11761,1.11932,1.112425,1.1143299999999998,-29.43472759415927,0.009973712007123936,-0.0004737116015917156,62.89603919650575,2.0,-12.169974546386438,-2.5429942994299055,2.482728272827274
118,370,2016-02-17 09:50:00,1.1131799999999998,1.113565,1.11296,1.11355,3.3227066588835834,-0.0008650683839823702,-0.00019812062880732444,31.00133306733119,2,-5.660594582027527,1.11605,1.11627,1.112955,1.11303,-26.47450479681548,-0.000200145380545802,0.00015852467995082302,38.787802821177394,1.0,14.267405564418548,1.11761,1.11932,1.112425,1.1143299999999998,-29.43472759415927,0.009973712007123936,-0.0004737116015917156,62.89603919650575,2.0,-12.169974546386438,-2.326812681268096,2.2574257425742745
119,371,2016-02-17 09:55:00,1.11354,1.113645,1.1130149999999999,1.11303,-4.582086736206665,-0.0008859589295702984,-0.00018626369874878072,27.63571173844168,0,1.8857326349245216,1.11605,1.11627,1.112955,1.11303,-26.47450479681548,-0.000200145380545802,0.00015852467995082302,38.787802821177394,1.0,14.267405564418548,1.11761,1.11932,1.112425,1.1143299999999998,-29.43472759415927,0.009973712007123936,-0.0004737116015917156,62.89603919650575,2.0,-12.169974546386438,-2.184548454845484,2.089548954895514
120,372,2016-02-17 10:00:00,1.11305,1.11338,1.112545,1.1128,-2.2465851905111744,-0.0008859589295702984,-0.0001772408484769732,26.276873533766352,1,3.3238305052105286,1.11305,1.113475,1.11239,1.11323,1.6169165401565442,-0.0003428461643031344,1.2659116954792464e-05,39.91141202014703,1.0,-2.0847263434882137,1.11761,1.11932,1.112425,1.1143299999999998,-29.43472759415927,0.009973712007123936,-0.0004737116015917156,62.89603919650575,2.0,-12.169974546386438,-1.5816781678167888,1.46334633463346
121,373,2016-02-17 10:05:00,1.11281,1.1129799999999999,1.11266,1.11294,1.1680773446903112,-0.0008859589295702984,-0.00014645083387274246,28.57889075810667,0,-1.2590870159735243,1.11305,1.113475,1.11239,1.11323,1.6169165401565442,-0.0003428461643031344,1.2659116954792464e-05,39.91141202014703,1.0,-2.0847263434882137,1.11761,1.11932,1.112425,1.1143299999999998,-29.43472759415927,0.009973712007123936,-0.0004737116015917156,62.89603919650575,2.0,-12.169974546386438,-0.9937593759376445,0.9293129312931702
122,374,2016-02-17 10:10:00,1.11294,1.1133099999999998,1.112835,1.11327,2.9642404807453846,-0.0008859589295702984,-9.117249860899452e-05,33.82423932994607,2,-5.931054512062698,1.11305,1.113475,1.11239,1.11323,1.6169165401565442,-0.0003428461643031344,1.2659116954792464e-05,39.91141202014703,1.0,-2.0847263434882137,1.11761,1.11932,1.112425,1.1143299999999998,-29.43472759415927,0.009973712007123936,-0.0004737116015917156,62.89603919650575,2.0,-12.169974546386438,-0.9348734873488165,0.8395539553956104
123,375,2016-02-17 10:15:00,1.1132799999999998,1.113325,1.11304,1.11319,-0.8084873202251684,-0.0008789804521636134,-4.940058164935564e-05,33.18790071891325,2,-3.5948480764767314,1.11305,1.113475,1.11239,1.11323,1.6169165401565442,-0.0003428461643031344,1.2659116954792464e-05,39.91141202014703,1.0,-2.0847263434882137,1.11761,1.11932,1.112425,1.1143299999999998,-29.43472759415927,0.009973712007123936,-0.0004737116015917156,62.89603919650575,2.0,-12.169974546386438,-1.1574657465746576,1.0214321432143139
124,376,2016-02-17 10:20:00,1.11317,1.113245,1.112665,1.11279,-3.4148401764937413,-0.0008778211673083902,-3.859303743530579e-05,30.13516952986309,0,-0.3597444062639633,1.11305,1.113475,1.11239,1.11323,1.6169165401565442,-0.0003428461643031344,1.2659116954792464e-05,39.91141202014703,1.0,-2.0847263434882137,1.11761,1.11932,1.112425,1.1143299999999998,-29.43472759415927,0.009973712007123936,-0.0004737116015917156,62.89603919650575,2.0,-12.169974546386438,-1.0394439443943275,0.9021902190217901
125,377,2016-02-17 10:25:00,1.11278,1.112775,1.11244,1.11259,-1.707727015343788,-0.0008828636516262645,-3.4908417402544005e-05,28.713029108548174,0,2.875523268618,1.11305,1.113475,1.11239,1.11323,1.6169165401565442,-0.0003428461643031344,1.2659116954792464e-05,39.91141202014703,1.0,-2.0847263434882137,1.11761,1.11932,1.112425,1.1143299999999998,-29.43472759415927,0.009973712007123936,-0.0004737116015917156,62.89603919650575,2.0,-12.169974546386438,-0.5304630463044506,0.39784978497831996
126,378,2016-02-17 10:30:00,1.1126,1.112865,1.11239,1.11277,1.5277191153607976,-0.0008623942173837662,-1.155118652803656e-05,31.83107484095573,0,-0.35972334692374663,1.11305,1.113475,1.11239,1.11323,1.6169165401565442,-0.0003428461643031344,1.2659116954792464e-05,39.91141202014703,1.0,-2.0847263434882137,1.11761,1.11932,1.112425,1.1143299999999998,-29.43472759415927,0.009973712007123936,-0.0004737116015917156,62.89603919650575,2.0,-12.169974546386438,-0.018921892189026533,-0.05638563856403753
127,379,2016-02-17 10:35:00,1.11276,1.112785,1.1125950000000002,1.11274,-0.1797365062809729,-0.0008389222194176147,9.536649150491807e-06,31.58312668943934,1,3.5033536796966454,1.11305,1.113475,1.11239,1.11323,1.6169165401565442,-0.0003428461643031344,1.2659116954792464e-05,39.91141202014703,1.0,-2.0847263434882137,1.11761,1.11932,1.112425,1.1143299999999998,-29.43472759415927,0.009973712007123936,-0.0004737116015917156,62.89603919650575,2.0,-12.169974546386438,0.33553355335547513,-0.44514451445156805
128,380,2016-02-17 10:40:00,1.11273,1.113145,1.112675,1.1129,1.5275406595381749,-0.0007982085774849157,4.020023286655287e-05,34.512995069777844,0,2.8740999869127712,1.11305,1.113475,1.11239,1.11323,1.6169165401565442,-0.0003428461643031344,1.2659116954792464e-05,39.91141202014703,1.0,-2.0847263434882137,1.11761,1.11932,1.112425,1.1143299999999998,-29.43472759415927,0.009973712007123936,-0.0004737116015917156,62.89603919650575,2.0,-12.169974546386438,0.6593659365937683,-0.7495849584959573
129,381,2016-02-17 10:45:00,1.11291,1.1130950000000002,1.112685,1.1127200000000002,-1.707527500180949,-0.0007715730052870742,5.346864405151577e-05,32.81068975836557,1,2.3353854500209907,1.11305,1.113475,1.11239,1.11323,1.6169165401565442,-0.0003428461643031344,1.2659116954792464e-05,39.91141202014703,1.0,-2.0847263434882137,1.11761,1.11932,1.112425,1.1143299999999998,-29.43472759415927,0.009973712007123936,-0.0004737116015917156,62.89603919650575,2.0,-12.169974546386438,1.0413341334133708,-1.108750875087526
130,382,2016-02-17 10:50:00,1.11271,1.113475,1.1126900000000002,1.11312,3.6833405203394185,-0.0007100029928210906,9.203092521399947e-05,39.90434456036643,0,-1.5276592771930932,1.11305,1.113475,1.11239,1.11323,1.6169165401565442,-0.0003428461643031344,1.2659116954792464e-05,39.91141202014703,1.0,-2.0847263434882137,1.11761,1.11932,1.112425,1.1143299999999998,-29.43472759415927,0.009973712007123936,-0.0004737116015917156,62.89603919650575,2.0,-12.169974546386438,1.3254525452543755,-1.3884488448843377
131,383,2016-02-17 10:55:00,1.11313,1.113345,1.113035,1.11323,0.8982869667543004,-0.0006448982480935506,0.00012570853595323165,41.72638985621102,0,1.1668788842711575,1.11305,1.113475,1.11239,1.11323,1.6169165401565442,-0.0003428461643031344,1.2659116954792464e-05,39.91141202014703,1.0,-2.0847263434882137,1.11761,1.11932,1.112425,1.1143299999999998,-29.43472759415927,0.009973712007123936,-0.0004737116015917156,62.89603919650575,2.0,-12.169974546386438,1.3354135413539776,-1.3680068006799002
132,384,2016-02-17 11:00:00,1.11322,1.11341,1.11297,1.11297,-2.2462420370727285,-0.0006072817301663314,0.0001306600431043608,38.73684109556707,1,5.927443580779403,1.11322,1.11498,1.11274,1.11458,12.201905650557213,-0.000343049386172245,9.964716068545498e-06,46.985356099975185,2.0,-21.299822186368708,1.11761,1.11932,1.112425,1.1143299999999998,-29.43472759415927,0.009973712007123936,-0.0004737116015917156,62.89603919650575,2.0,-12.169974546386438,1.5461646164615412,-1.5652065206519514
133,385,2016-02-17 11:05:00,1.11296,1.113145,1.11274,1.11294,-0.17970420687466512,-0.0005732826721871478,0.00013172728086683578,38.39501730358315,1,7.274386101802462,1.11322,1.11498,1.11274,1.11458,12.201905650557213,-0.000343049386172245,9.964716068545498e-06,46.985356099975185,2.0,-21.299822186368708,1.11761,1.11932,1.112425,1.1143299999999998,-29.43472759415927,0.009973712007123936,-0.0004737116015917156,62.89603919650575,2.0,-12.169974546386438,2.153565356535532,-2.134613461345979
134,386,2016-02-17 11:10:00,1.11293,1.113425,1.112865,1.11333,3.592825128218552,-0.0005090009866230981,0.00015680717314470812,45.168836255273064,1,6.464225868918105,1.11322,1.11498,1.11274,1.11458,12.201905650557213,-0.000343049386172245,9.964716068545498e-06,46.985356099975185,2.0,-21.299822186368708,1.11761,1.11932,1.112425,1.1143299999999998,-29.43472759415927,0.009973712007123936,-0.0004737116015917156,62.89603919650575,2.0,-12.169974546386438,2.62904290429036,-2.5991199119910577
135,387,2016-02-17 11:15:00,1.11334,1.11362,1.11329,1.11362,2.5143226594355164,-0.0004297033584843568,0.00018888384102675967,49.60608634285452,1,4.66795227018538,1.11322,1.11498,1.11274,1.11458,12.201905650557213,-0.000343049386172245,9.964716068545498e-06,46.985356099975185,2.0,-21.299822186368708,1.11761,1.11932,1.112425,1.1143299999999998,-29.43472759415927,0.009973712007123936,-0.0004737116015917156,62.89603919650575,2.0,-12.169974546386438,2.7994399439943014,-2.7126012601258593
136,388,2016-02-17 11:20:00,1.11361,1.11382,1.11358,1.11374,1.1672383141483962,-0.00035310603320781736,0.00021238493304263936,51.36015487758807,1,8.255484426222253,1.11322,1.11498,1.11274,1.11458,12.201905650557213,-0.000343049386172245,9.964716068545498e-06,46.985356099975185,2.0,-21.299822186368708,1.11761,1.11932,1.112425,1.1143299999999998,-29.43472759415927,0.009973712007123936,-0.0004737116015917156,62.89603919650575,2.0,-12.169974546386438,2.859755975597415,-2.7353535353533536
137,389,2016-02-17 11:25:00,1.11373,1.11407,1.11358,1.11404,2.782664895334193,-0.0002651382594647256,0.00024028216542858487,55.527721431020886,1,4.306429508009199,1.11322,1.11498,1.11274,1.11458,12.201905650557213,-0.000343049386172245,9.964716068545498e-06,46.985356099975185,2.0,-21.299822186368708,1.11761,1.11932,1.112425,1.1143299999999998,-29.43472759415927,0.009973712007123936,-0.0004737116015917156,62.89603919650575,2.0,-12.169974546386438,2.7919091909190157,-2.660056005600442
138,390,2016-02-17 11:30:00,1.11405,1.11422,1.1139800000000002,1.1141299999999998,0.7180490607027905,-0.00018601663320483297,0.000255523033350782,56.72563907492222,1,-0.0018004080537847855,1.11322,1.11498,1.11274,1.11458,12.201905650557213,-0.000343049386172245,9.964716068545498e-06,46.985356099975185,2.0,-21.299822186368708,1.11761,1.11932,1.112425,1.1143299999999998,-29.43472759415927,0.009973712007123936,-0.0004737116015917156,62.89603919650575,2.0,-12.169974546386438,2.610241024102483,-2.474087408740906
139,391,2016-02-17 11:35:00,1.11414,1.11476,1.11414,1.11467,4.75477047018527,-7.882998433217382e-05,0.0002580353326251374,63.14094926712781,2,-1.9749796285864627,1.11322,1.11498,1.11274,1.11458,12.201905650557213,-0.000343049386172245,9.964716068545498e-06,46.985356099975185,2.0,-21.299822186368708,1.11761,1.11932,1.112425,1.1143299999999998,-29.43472759415927,0.009973712007123936,-0.0004737116015917156,62.89603919650575,2.0,-12.169974546386438,2.1177917791780145,-1.9421842184219373
140,392,2016-02-17 11:40:00,1.11468,1.11498,1.11453,1.11455,-1.1663900228788613,-3.5261428013022567e-06,0.0002580353326251374,60.97758627478128,2,0.26804912816433224,1.11322,1.11498,1.11274,1.11458,12.201905650557213,-0.000343049386172245,9.964716068545498e-06,46.985356099975185,2.0,-21.299822186368708,1.11761,1.11932,1.112425,1.1143299999999998,-29.43472759415927,0.009973712007123936,-0.0004737116015917156,62.89603919650575,2.0,-12.169974546386438,1.377747774777518,-1.3085708570857868
141,393,2016-02-17 11:45:00,1.11455,1.1145649999999998,1.11412,1.11415,-3.590180855360193,2.360394549549838e-05,0.0002556058865156002,54.29915050871167,1,6.818136701615309,1.11322,1.11498,1.11274,1.11458,12.201905650557213,-0.000343049386172245,9.964716068545498e-06,46.985356099975185,2.0,-21.299822186368708,1.11761,1.11932,1.112425,1.1143299999999998,-29.43472759415927,0.009973712007123936,-0.0004737116015917156,62.89603919650575,2.0,-12.169974546386438,1.234493449345012,-1.1964396439645149
142,394,2016-02-17 11:50:00,1.11416,1.1145649999999998,1.114155,1.11447,2.781591249652592,7.011778737475717e-05,0.00024169578271588722,58.2395840736746,1,1.0757623696983334,1.11322,1.11498,1.11274,1.11458,12.201905650557213,-0.000343049386172245,9.964716068545498e-06,46.985356099975185,2.0,-21.299822186368708,1.11761,1.11932,1.112425,1.1143299999999998,-29.43472759415927,0.009973712007123936,-0.0004737116015917156,62.89603919650575,2.0,-12.169974546386438,1.2504250425042607,-1.2208820882088747
143,395,2016-02-17 11:55:00,1.11446,1.114625,1.1143100000000001,1.11458,1.0766387338719337,0.0001145361217544938,0.00022889129367649908,59.531298173692655,0,-0.09059867362643358,1.11322,1.11498,1.11274,1.11458,12.201905650557213,-0.000343049386172245,9.964716068545498e-06,46.985356099975185,2.0,-21.299822186368708,1.11761,1.11932,1.112425,1.1143299999999998,-29.43472759415927,0.009973712007123936,-0.0004737116015917156,62.89603919650575,2.0,-12.169974546386438,0.9992399239924105,-0.971117111711212
144,396,2016-02-17 12:00:00,1.11457,1.11495,1.114525,1.1149,2.9599067180907834,0.00017355862166179567,0.00023033103486704083,63.10644638101556,2,-2.9607838872664427,1.11457,1.11498,1.11381,1.1146200000000002,0.4485833737047915,-0.00033610832768027343,1.3524619648413636e-05,47.18375900122565,2.0,-13.39351120905926,1.11761,1.11932,1.112425,1.1143299999999998,-29.43472759415927,0.009973712007123936,-0.0004737116015917156,62.89603919650575,2.0,-12.169974546386438,0.4622762276228386,-0.4562356235624397
145,397,2016-02-17 12:05:00,1.1149,1.114935,1.114555,1.11457,-2.960783082264384,0.00019149865866441296,0.00019861685749572645,57.46811763550455,0,-0.717824363971982,1.11457,1.11498,1.11381,1.1146200000000002,0.4485833737047915,-0.00033610832768027343,1.3524619648413636e-05,47.18375900122565,2.0,-13.39351120905926,1.11761,1.11932,1.112425,1.1143299999999998,-29.43472759415927,0.009973712007123936,-0.0004737116015917156,62.89603919650575,2.0,-12.169974546386438,0.004140414041413975,-0.0034403440344162846
146,398,2016-02-17 12:10:00,1.11456,1.1146699999999998,1.11429,1.11455,-0.08972230945283309,0.0002017764807185074,0.00016711574363985669,57.13493745099004,2,-3.0513871315705714,1.11457,1.11498,1.11381,1.1146200000000002,0.4485833737047915,-0.00033610832768027343,1.3524619648413636e-05,47.18375900122565,2.0,-13.39351120905926,1.11761,1.11932,1.112425,1.1143299999999998,-29.43472759415927,0.009973712007123936,-0.0004737116015917156,62.89603919650575,2.0,-12.169974546386438,-0.2117511751175094,0.1906690669066813
147,399,2016-02-17 12:15:00,1.11455,1.114595,1.1143299999999998,1.11456,0.08972150445077441,0.0002083271791288865,0.00013893315364018867,57.2683377083703,2,-3.2308615462580548,1.11457,1.11498,1.11381,1.1146200000000002,0.4485833737047915,-0.00033610832768027343,1.3524619648413636e-05,47.18375900122565,2.0,-13.39351120905926,1.11761,1.11932,1.112425,1.1143299999999998,-29.43472759415927,0.009973712007123936,-0.0004737116015917156,62.89603919650575,2.0,-12.169974546386438,-0.4401140114010942,0.3802580258025311
148,400,2016-02-17 12:20:00,1.11456,1.1145900000000002,1.11442,1.11448,-0.7178235589699233,0.00020470362740909745,0.00010824768153631964,55.772957760416794,0,0.5376573918056944,1.11457,1.11498,1.11381,1.1146200000000002,0.4485833737047915,-0.00033610832768027343,1.3524619648413636e-05,47.18375900122565,2.0,-13.39351120905926,1.11761,1.11932,1.112425,1.1143299999999998,-29.43472759415927,0.009973712007123936,-0.0004737116015917156,62.89603919650575,2.0,-12.169974546386438,-0.6354035403539203,0.6031903190317882
149,401,2016-02-17 12:25:00,1.11446,1.1145900000000002,1.1141900000000002,1.11419,-2.4232850770514225,0.0001763979543816241,6.395360680707703e-05,50.61358647573969,0,1.4353620752573442,1.11457,1.11498,1.11381,1.1146200000000002,0.4485833737047915,-0.00033610832768027343,1.3524619648413636e-05,47.18375900122565,2.0,-13.39351120905926,1.11761,1.11932,1.112425,1.1143299999999998,-29.43472759415927,0.009973712007123936,-0.0004737116015917156,62.89603919650575,2.0,-12.169974546386438,-0.5741474147413087,0.5231223122310505
150,402,2016-02-17 12:30:00,1.11418,1.11444,1.11381,1.11417,-0.08975291023670952,0.00015061547033590195,3.05368982090839e-05,50.26821753983142,1,4.216566934104969,1.11457,1.11498,1.11381,1.1146200000000002,0.4485833737047915,-0.00033610832768027343,1.3524619648413636e-05,47.18375900122565,2.0,-13.39351120905926,1.11761,1.11932,1.112425,1.1143299999999998,-29.43472759415927,0.009973712007123936,-0.0004737116015917156,62.89603919650575,2.0,-12.169974546386438,-0.301670167016624,0.21412141214113745
151,403,2016-02-17 12:35:00,1.11416,1.114595,1.11415,1.1145,3.0506953790938263,0.00015502388915678011,2.795625362396964e-05,55.64615847390828,0,1.97325643538492,1.11457,1.11498,1.11381,1.1146200000000002,0.4485833737047915,-0.00033610832768027343,1.3524619648413636e-05,47.18375900122565,2.0,-13.39351120905926,1.11761,1.11932,1.112425,1.1143299999999998,-29.43472759415927,0.009973712007123936,-0.0004737116015917156,62.89603919650575,2.0,-12.169974546386438,-0.27447744774480254,0.21578157815785334
152,404,2016-02-17 12:40:00,1.1145,1.11463,1.11429,1.1143299999999998,-1.5255803935997727,0.0001431498709774104,1.2865788355679926e-05,52.4967151522888,1,2.6016700815731184,1.11457,1.11498,1.11381,1.1146200000000002,0.4485833737047915,-0.00033610832768027343,1.3524619648413636e-05,47.18375900122565,2.0,-13.39351120905926,1.11761,1.11932,1.112425,1.1143299999999998,-29.43472759415927,0.009973712007123936,-0.0004737116015917156,62.89603919650575,2.0,-12.169974546386438,-0.4126612661265129,0.36169616961687173
153,405,2016-02-17 12:45:00,1.11434,1.1146950000000002,1.1143,1.11464,2.6914519486109145,0.00015694487244966027,2.1328631862343846e-05,57.248407966625436,0,1.2557871741105529,1.11457,1.11498,1.11381,1.1146200000000002,0.4485833737047915,-0.00033610832768027343,1.3524619648413636e-05,47.18375900122565,2.0,-13.39351120905926,1.11761,1.11932,1.112425,1.1143299999999998,-29.43472759415927,0.009973712007123936,-0.0004737116015917156,62.89603919650575,2.0,-12.169974546386438,-0.7042204220419905,0.6600660066004558
154,406,2016-02-17 12:50:00,1.1146200000000002,1.11498,1.114575,1.11471,0.8073848803737791,0.00017154842206523746,2.874574518233681e-05,58.263628592792024,0,-0.4487242100714294,1.11457,1.11498,1.11381,1.1146200000000002,0.4485833737047915,-0.00033610832768027343,1.3524619648413636e-05,47.18375900122565,2.0,-13.39351120905926,1.11761,1.11932,1.112425,1.1143299999999998,-29.43472759415927,0.009973712007123936,-0.0004737116015917156,62.89603919650575,2.0,-12.169974546386438,-1.3708370837082773,1.3492049204919463
155,407,2016-02-17 12:55:00,1.1147200000000002,1.114835,1.1144599999999998,1.1146200000000002,-0.8971667474115752,0.00017385549458959204,2.4842254165353115e-05,56.40888115770627,2,-7.4404231365625275,1.11457,1.11498,1.11381,1.1146200000000002,0.4485833737047915,-0.00033610832768027343,1.3524619648413636e-05,47.18375900122565,2.0,-13.39351120905926,1.11761,1.11932,1.112425,1.1143299999999998,-29.43472759415927,0.009973712007123936,-0.0004737116015917156,62.89603919650575,2.0,-12.169974546386438,-2.186878687868843,2.104500450045062
156,408,2016-02-17 13:00:00,1.1146200000000002,1.115,1.114455,1.11477,1.345569041148349,0.00018564758281125468,2.9307473909612622e-05,58.76494606468376,2,-16.244990155694328,1.1146200000000002,1.115,1.111465,1.11298,-14.735215367750218,-0.00045766609293362853,-8.642651648395313e-05,40.49266580127422,2.0,9.151398952229098,1.11761,1.11932,1.112425,1.1143299999999998,-29.43472759415927,0.009973712007123936,-0.0004737116015917156,62.89603919650575,2.0,-12.169974546386438,-3.1537253725373917,3.0672967296731626
157,409,2016-02-17 13:05:00,1.11477,1.114865,1.1145,1.11467,-0.8971265038082031,0.0001847935484229346,2.276275161703403e-05,56.569781127204934,2,-11.574821142275065,1.1146200000000002,1.115,1.111465,1.11298,-14.735215367750218,-0.00045766609293362853,-8.642651648395313e-05,40.49266580127422,2.0,9.151398952229098,1.11761,1.11932,1.112425,1.1143299999999998,-29.43472759415927,0.009973712007123936,-0.0004737116015917156,62.89603919650575,2.0,-12.169974546386438,-4.430493049305148,4.311051105110719
158,410,2016-02-17 13:10:00,1.11467,1.1146950000000002,1.1135450000000002,1.1136,-7.888865673902675,9.666239842176516e-05,-5.229471870730833e-05,39.54699163850611,2,-5.482981390471117,1.1146200000000002,1.115,1.111465,1.11298,-14.735215367750218,-0.00045766609293362853,-8.642651648395313e-05,40.49266580127422,2.0,9.151398952229098,1.11761,1.11932,1.112425,1.1143299999999998,-29.43472759415927,0.009973712007123936,-0.0004737116015917156,62.89603919650575,2.0,-12.169974546386438,-5.086108610861289,4.955385538554031
159,411,2016-02-17 13:15:00,1.11358,1.113715,1.112725,1.11275,-7.458997977983451,-4.129405697428368e-05,-0.00015220093928268574,31.45054827331248,1,-5.912849086390343,1.1146200000000002,1.115,1.111465,1.11298,-14.735215367750218,-0.00045766609293362853,-8.642651648395313e-05,40.49266580127422,2.0,9.151398952229098,1.11761,1.11932,1.112425,1.1143299999999998,-29.43472759415927,0.009973712007123936,-0.0004737116015917156,62.89603919650575,2.0,-12.169974546386438,-4.566536653665395,4.409010901090156
160,412,2016-02-17 13:20:00,1.11274,1.1132300000000002,1.112645,1.11316,3.7730425096110616,-0.00011620245870092029,-0.00018168747280745788,38.03989814436834,2,-14.454179780542429,1.1146200000000002,1.115,1.111465,1.11298,-14.735215367750218,-0.00045766609293362853,-8.642651648395313e-05,40.49266580127422,2.0,9.151398952229098,1.11761,1.11932,1.112425,1.1143299999999998,-29.43472759415927,0.009973712007123936,-0.0004737116015917156,62.89603919650575,2.0,-12.169974546386438,-4.030453045304395,3.8027902790277723
161,413,2016-02-17 13:25:00,1.11315,1.113165,1.11261,1.11295,-1.7970259220987281,-0.0001903192696410816,-0.00020464342699809537,36.12449377674781,2,-6.633003308628035,1.1146200000000002,1.115,1.111465,1.11298,-14.735215367750218,-0.00045766609293362853,-8.642651648395313e-05,40.49266580127422,2.0,9.151398952229098,1.11761,1.11932,1.112425,1.1143299999999998,-29.43472759415927,0.009973712007123936,-0.0004737116015917156,62.89603919650575,2.0,-12.169974546386438,-4.043524352435116,3.812191219121774
162,414,2016-02-17 13:30:00,1.11295,1.112985,1.111815,1.11203,-7.888865673902675,-0.00031960942898590083,-0.00025782615519595776,29.190081590150285,2,6.827343570512418,1.1146200000000002,1.115,1.111465,1.11298,-14.735215367750218,-0.00045766609293362853,-8.642651648395313e-05,40.49266580127422,2.0,9.151398952229098,1.11761,1.11932,1.112425,1.1143299999999998,-29.43472759415927,0.009973712007123936,-0.0004737116015917156,62.89603919650575,2.0,-12.169974546386438,-3.375557555755536,3.1834583458345476
163,415,2016-02-17 13:35:00,1.11204,1.112035,1.111465,1.11151,-4.768288184541023,-0.0004587443466606,-0.00025782615519595776,26.13621049241128,1,10.337408366477847,1.1146200000000002,1.115,1.111465,1.11298,-14.735215367750218,-0.00045766609293362853,-8.642651648395313e-05,40.49266580127422,2.0,9.151398952229098,1.11761,1.11932,1.112425,1.1143299999999998,-29.43472759415927,0.009973712007123936,-0.0004737116015917156,62.89603919650575,2.0,-12.169974546386438,-1.7996799679968138,1.6606860686068743
164,416,2016-02-17 13:40:00,1.11152,1.1123399999999999,1.111505,1.11219,6.024150549815666,-0.0005082803152474114,-0.00025782615519595776,35.6214221048849,1,7.098572916664272,1.1146200000000002,1.115,1.111465,1.11298,-14.735215367750218,-0.00045766609293362853,-8.642651648395313e-05,40.49266580127422,2.0,9.151398952229098,1.11761,1.11932,1.112425,1.1143299999999998,-29.43472759415927,0.009973712007123936,-0.0004737116015917156,62.89603919650575,2.0,-12.169974546386438,-0.5212821282128313,0.33370337033703235
165,417,2016-02-17 13:45:00,1.11219,1.11304,1.11218,1.11281,5.5714812052377765,-0.0004918394893225209,-0.00022656663397115063,42.830022051027505,0,-2.3379378605433243,1.1146200000000002,1.115,1.111465,1.11298,-14.735215367750218,-0.00045766609293362853,-8.642651648395313e-05,40.49266580127422,2.0,9.151398952229098,1.11761,1.11932,1.112425,1.1143299999999998,-29.43472759415927,0.009973712007123936,-0.0004737116015917156,62.89603919650575,2.0,-12.169974546386438,-0.34537453745379293,0.19098909890993188
166,418,2016-02-17 13:50:00,1.11282,1.112845,1.112425,1.11268,-1.2582233885755922,-0.0004837238622950047,-0.00017476080555490754,41.77381270365572,0,0.9872181999467192,1.1146200000000002,1.115,1.111465,1.11298,-14.735215367750218,-0.00045766609293362853,-8.642651648395313e-05,40.49266580127422,2.0,9.151398952229098,1.11761,1.11932,1.112425,1.1143299999999998,-29.43472759415927,0.009973712007123936,-0.0004737116015917156,62.89603919650575,2.0,-12.169974546386438,-0.607040704070405,0.4536553655365305
167,419,2016-02-17 13:55:00,1.11267,1.112975,1.1125599999999998,1.11298,2.7853151000020886,-0.0004479213184724884,-0.00011116660938591304,45.136217821011286,2,-7.732868366392473,1.1146200000000002,1.115,1.111465,1.11298,-14.735215367750218,-0.00045766609293362853,-8.642651648395313e-05,40.49266580127422,2.0,9.151398952229098,1.11761,1.11932,1.112425,1.1143299999999998,-29.43472759415927,0.009973712007123936,-0.0004737116015917156,62.89603919650575,2.0,-12.169974546386438,-1.0882688268826253,0.9188218821881509
168,420,2016-02-17 14:00:00,1.11297,1.112975,1.11244,1.11254,-3.8650295719698207,-0.00044986609105057696,-9.048910557120122e-05,41.36341444897353,2,-9.536007975778249,1.11297,1.113605,1.1106200000000002,1.11219,-7.013190192323282,-0.0006107080333124237,-0.00019157476549019867,37.71793784806634,1.0,21.189083554803386,1.11761,1.11932,1.112425,1.1143299999999998,-29.43472759415927,0.009973712007123936,-0.0004737116015917156,62.89603919650575,2.0,-12.169974546386438,-1.5039203920392494,1.3772677267726996
169,421,2016-02-17 14:05:00,1.11253,1.11295,1.112525,1.11276,2.0669326719144507,-0.0004287132366196378,-5.546900091220959e-05,43.88888658448136,2,-11.153102139716113,1.11297,1.113605,1.1106200000000002,1.11219,-7.013190192323282,-0.0006107080333124237,-0.00019157476549019867,37.71793784806634,1.0,21.189083554803386,1.11761,1.11932,1.112425,1.1143299999999998,-29.43472759415927,0.009973712007123936,-0.0004737116015917156,62.89603919650575,2.0,-12.169974546386438,-1.8527252725273078,1.7043504350435508
170,422,2016-02-17 14:10:00,1.11275,1.1127950000000002,1.11176,1.11209,-5.934771466337103,-0.00046070215993898605,-6.996633938524623e-05,38.45661178311558,2,-2.969664132638916,1.11297,1.113605,1.1106200000000002,1.11219,-7.013190192323282,-0.0006107080333124237,-0.00019157476549019867,37.71793784806634,1.0,21.189083554803386,1.11761,1.11932,1.112425,1.1143299999999998,-29.43472759415927,0.009973712007123936,-0.0004737116015917156,62.89603919650575,2.0,-12.169974546386438,-2.008970897089737,1.8019701970197337
171,423,2016-02-17 14:15:00,1.1121,1.11211,1.1106200000000002,1.1114700000000002,-5.668169181355598,-0.0005299732290928727,-0.0001113899268313063,34.23395473890946,1,5.935536690702223,1.11297,1.113605,1.1106200000000002,1.11219,-7.013190192323282,-0.0006107080333124237,-0.00019157476549019867,37.71793784806634,1.0,21.189083554803386,1.11761,1.11932,1.112425,1.1143299999999998,-29.43472759415927,0.009973712007123936,-0.0004737116015917156,62.89603919650575,2.0,-12.169974546386438,-1.219621962196404,1.0140114011402663
172,424,2016-02-17 14:20:00,1.11146,1.111735,1.111065,1.11151,0.449838507976586,-0.0005750149701211349,-0.00012514533428765475,34.731885371748064,1,5.5756149198256715,1.11297,1.113605,1.1106200000000002,1.11219,-7.013190192323282,-0.0006107080333124237,-0.00019157476549019867,37.71793784806634,1.0,21.189083554803386,1.11761,1.11932,1.112425,1.1143299999999998,-29.43472759415927,0.009973712007123936,-0.0004737116015917156,62.89603919650575,2.0,-12.169974546386438,-0.09057905790609078,-0.1272927292726416
173,425,2016-02-17 14:25:00,1.11152,1.11222,1.1114700000000002,1.11177,2.248666540740094,-0.0005830104655690782,-0.0001065126637884784,38.01690821256377,1,11.076588977700226,1.11297,1.113605,1.1106200000000002,1.11219,-7.013190192323282,-0.0006107080333124237,-0.00019157476549019867,37.71793784806634,1.0,21.189083554803386,1.11761,1.11932,1.112425,1.1143299999999998,-29.43472759415927,0.009973712007123936,-0.0004737116015917156,62.89603919650575,2.0,-12.169974546386438,0.862306230622805,-1.0109110911088732
174,426,2016-02-17 14:30:00,1.11177,1.1123850000000002,1.11166,1.1121299999999998,3.237031641985541,-0.0005539128000020543,-6.193199857716353e-05,42.34399595467389,1,6.132704771841255,1.11297,1.113605,1.1106200000000002,1.11219,-7.013190192323282,-0.0006107080333124237,-0.00019157476549019867,37.71793784806634,1.0,21.189083554803386,1.11761,1.11932,1.112425,1.1143299999999998,-29.43472759415927,0.009973712007123936,-0.0004737116015917156,62.89603919650575,2.0,-12.169974546386438,1.4424342434242652,-1.5388938893888904
175,427,2016-02-17 14:35:00,1.1121299999999998,1.112285,1.11178,1.11214,0.08991673710003659,-0.000524005366295599,-2.561965189656662e-05,42.464151321102335,1,1.2792569100073343,1.11297,1.113605,1.1106200000000002,1.11219,-7.013190192323282,-0.0006107080333124237,-0.00019157476549019867,37.71793784806634,1.0,21.189083554803386,1.11761,1.11932,1.112425,1.1143299999999998,-29.43472759415927,0.009973712007123936,-0.0004737116015917156,62.89603919650575,2.0,-12.169974546386438,1.755745574557566,-1.863766376637766
176,428,2016-02-17 14:40:00,1.11212,1.11358,1.11195,1.11334,7.749640598614647,-0.0003988755493884444,7.960813200847045e-05,54.671822437158355,2,-10.246716869089848,1.11297,1.113605,1.1106200000000002,1.11219,-7.013190192323282,-0.0006107080333124237,-0.00019157476549019867,37.71793784806634,1.0,21.189083554803386,1.11761,1.11932,1.112425,1.1143299999999998,-29.43472759415927,0.009973712007123936,-0.0004737116015917156,62.89603919650575,2.0,-12.169974546386438,1.249024902490412,-1.3166716671668792
177,429,2016-02-17 14:45:00,1.11335,1.113605,1.11314,1.11316,-1.7068525638734282,-0.00031065275210351295,0.00013426474343472154,52.86007355279082,2,-8.360042149329411,1.11297,1.113605,1.1106200000000002,1.11219,-7.013190192323282,-0.0006107080333124237,-0.00019157476549019867,37.71793784806634,1.0,21.189083554803386,1.11761,1.11932,1.112425,1.1143299999999998,-29.43472759415927,0.009973712007123936,-0.0004737116015917156,62.89603919650575,2.0,-12.169974546386438,-0.03854385438522724,-0.030553055305737233
178,430,2016-02-17 14:50:00,1.11315,1.1133099999999998,1.112415,1.1126200000000002,-4.763531124733885,-0.0002810690476540145,0.000131078758307376,47.74801615048377,2,-2.877280601147893,1.11297,1.113605,1.1106200000000002,1.11219,-7.013190192323282,-0.0006107080333124237,-0.00019157476549019867,37.71793784806634,1.0,21.189083554803386,1.11761,1.11932,1.112425,1.1143299999999998,-29.43472759415927,0.009973712007123936,-0.0004737116015917156,62.89603919650575,2.0,-12.169974546386438,-0.6989598959894581,0.6322832283226959
179,431,2016-02-17 14:55:00,1.11261,1.112765,1.112155,1.11219,-3.7763331804825335,-0.00028898985986391956,9.852635687797675e-05,44.09138558876584,0,-1.2590849479794506,1.11297,1.113605,1.1106200000000002,1.11219,-7.013190192323282,-0.0006107080333124237,-0.00019157476549019867,37.71793784806634,1.0,21.189083554803386,1.11761,1.11932,1.112425,1.1143299999999998,-29.43472759415927,0.009973712007123936,-0.0004737116015917156,62.89603919650575,2.0,-12.169974546386438,-0.6470747074707482,0.5813381338133865
180,432,2016-02-17 15:00:00,1.11219,1.1124,1.11195,1.11221,0.1798221558870086,-0.00029030685108422105,7.776749252614022e-05,44.30502824263751,1,3.7739200459755833,1.11219,1.11342,1.111565,1.11312,8.354894351014241,-0.0006494650175601357,-0.00018426539979032853,42.696097073541324,1.0,9.333731451620544,1.11761,1.11932,1.112425,1.1143299999999998,-29.43472759415927,0.009973712007123936,-0.0004737116015917156,62.89603919650575,2.0,-12.169974546386438,-0.28341834183411996,0.22047204720467403
181,433,2016-02-17 15:05:00,1.11222,1.1123599999999998,1.11172,1.1123,0.7192304234476311,-0.00028085085444962127,6.977879132859195e-05,45.31766453205294,1,2.155829377318976,1.11219,1.11342,1.111565,1.11312,8.354894351014241,-0.0006494650175601357,-0.00018426539979032853,42.696097073541324,1.0,9.333731451620544,1.11761,1.11932,1.112425,1.1143299999999998,-29.43472759415927,0.009973712007123936,-0.0004737116015917156,62.89603919650575,2.0,-12.169974546386438,-0.03707370737065502,-0.046914691469213815
182,434,2016-02-17 15:10:00,1.11231,1.11251,1.11191,1.11207,-2.15813752731409,-0.0002885893088875324,4.963226951254469e-05,43.15808276384408,1,-3.4222810151265968,1.11219,1.11342,1.111565,1.11312,8.354894351014241,-0.0006494650175601357,-0.00018426539979032853,42.696097073541324,1.0,9.333731451620544,1.11761,1.11932,1.112425,1.1143299999999998,-29.43472759415927,0.009973712007123936,-0.0004737116015917156,62.89603919650575,2.0,-12.169974546386438,0.39522952295243496,-0.4008300830084152
183,435,2016-02-17 15:15:00,1.11206,1.11319,1.112005,1.11264,5.212827149842042,-0.00024589334801805585,7.386258430561708e-05,49.571767149846345,2,-0.8854675663539906,1.11219,1.11342,1.111565,1.11312,8.354894351014241,-0.0006494650175601357,-0.00018426539979032853,42.696097073541324,1.0,9.333731451620544,1.11761,1.11932,1.112425,1.1143299999999998,-29.43472759415927,0.009973712007123936,-0.0004737116015917156,62.89603919650575,2.0,-12.169974546386438,0.5068806880690053,-0.5424442444246184
184,436,2016-02-17 15:20:00,1.1126200000000002,1.11268,1.112275,1.1125200000000002,-0.8988602452089759,-0.00021921254280132807,8.043471161787591e-05,48.33526730775482,2,-0.4359445487352689,1.11219,1.11342,1.111565,1.11312,8.354894351014241,-0.0006494650175601357,-0.00018426539979032853,42.696097073541324,1.0,9.333731451620544,1.11761,1.11932,1.112425,1.1143299999999998,-29.43472759415927,0.009973712007123936,-0.0004737116015917156,62.89603919650575,2.0,-12.169974546386438,0.3104110411041419,-0.3603460346034686
185,437,2016-02-17 15:25:00,1.11251,1.1129,1.1116099999999998,1.11165,-7.736247919759662,-0.0002652123387958394,2.754793249869171e-05,40.4563118930387,1,5.053092160136353,1.11219,1.11342,1.111565,1.11312,8.354894351014241,-0.0006494650175601357,-0.00018426539979032853,42.696097073541324,1.0,9.333731451620544,1.11761,1.11932,1.112425,1.1143299999999998,-29.43472759415927,0.009973712007123936,-0.0004737116015917156,62.89603919650575,2.0,-12.169974546386438,0.9096809680966866,-1.017961796179507
186,438,2016-02-17 15:30:00,1.11163,1.11297,1.111565,1.1128,7.749640598614647,-0.00020649181042942108,6.901476869208801e-05,51.67075684288106,2,-5.483816915371232,1.11219,1.11342,1.111565,1.11312,8.354894351014241,-0.0006494650175601357,-0.00018426539979032853,42.696097073541324,1.0,9.333731451620544,1.11761,1.11932,1.112425,1.1143299999999998,-29.43472759415927,0.009973712007123936,-0.0004737116015917156,62.89603919650575,2.0,-12.169974546386438,1.4072407240722908,-1.5278927892788223
187,439,2016-02-17 15:35:00,1.1128,1.11326,1.11255,1.11275,-0.4493372275902541,-0.00016212111942515148,9.070836775708608e-05,51.219077064103324,2,-1.619025657095396,1.11219,1.11342,1.111565,1.11312,8.354894351014241,-0.0006494650175601357,-0.00018426539979032853,42.696097073541324,1.0,9.333731451620544,1.11761,1.11932,1.112425,1.1143299999999998,-29.43472759415927,0.009973712007123936,-0.0004737116015917156,62.89603919650575,2.0,-12.169974546386438,1.1479347934793176,-1.2209320932093108
188,440,2016-02-17 15:40:00,1.11274,1.11342,1.1124649999999998,1.11249,-2.2472112108880395,-0.00014625096414344618,8.526281843103313e-05,48.82879129352441,1,5.2997393844674665,1.11219,1.11342,1.111565,1.11312,8.354894351014241,-0.0006494650175601357,-0.00018426539979032853,42.696097073541324,1.0,9.333731451620544,1.11761,1.11932,1.112425,1.1143299999999998,-29.43472759415927,0.009973712007123936,-0.0004737116015917156,62.89603919650575,2.0,-12.169974546386438,1.1645564556456567,-1.307100710071118
189,441,2016-02-17 15:45:00,1.11251,1.112685,1.11212,1.1122,-2.7872684768929368,-0.00015528430728006803,6.0983580235529026e-05,46.236903748101476,1,10.601804746605351,1.11219,1.11342,1.111565,1.11312,8.354894351014241,-0.0006494650175601357,-0.00018426539979032853,42.696097073541324,1.0,9.333731451620544,1.11761,1.11932,1.112425,1.1143299999999998,-29.43472759415927,0.009973712007123936,-0.0004737116015917156,62.89603919650575,2.0,-12.169974546386438,1.8198119811982068,-1.9672167216722611
190,442,2016-02-17 15:50:00,1.11221,1.112765,1.11212,1.11259,3.4154540306855803,-0.00012948098002474318,6.942952599268314e-05,50.07494817674414,1,6.916900932377995,1.11219,1.11342,1.111565,1.11312,8.354894351014241,-0.0006494650175601357,-0.00018426539979032853,42.696097073541324,1.0,9.333731451620544,1.11761,1.11932,1.112425,1.1143299999999998,-29.43472759415927,0.009973712007123936,-0.0004737116015917156,62.89603919650575,2.0,-12.169974546386438,2.567816781678257,-2.690089008900946
191,443,2016-02-17 15:55:00,1.1126,1.1134149999999998,1.112345,1.11312,4.671553830674823,-6.550992898413101e-05,0.00010672046162663628,54.79757279900385,1,3.05364563329548,1.11219,1.11342,1.111565,1.11312,8.354894351014241,-0.0006494650175601357,-0.00018426539979032853,42.696097073541324,1.0,9.333731451620544,1.11761,1.11932,1.112425,1.1143299999999998,-29.43472759415927,0.009973712007123936,-0.0004737116015917156,62.89603919650575,2.0,-12.169974546386438,2.741804180418126,-2.8716571657166146
192,444,2016-02-17 16:00:00,1.11313,1.11391,1.11313,1.11341,2.5147968852449503,8.490295380969569e-06,0.00014457654879338947,57.184154149291714,1,4.847916642801869,1.11313,1.11441,1.113,1.114,7.809694793538138,-0.0006022294352179267,-0.0001096238539584958,47.01196385335907,1.0,0.0877322692733733,1.11761,1.11932,1.112425,1.1143299999999998,-29.43472759415927,0.009973712007123936,-0.0004737116015917156,62.89603919650575,2.0,-12.169974546386438,2.467776777677797,-2.567786778677852
193,445,2016-02-17 16:05:00,1.11341,1.113585,1.1131350000000002,1.11338,-0.2694497835417781,6.397776124655863e-05,0.00016005121172718283,56.849765823114346,1,2.6929498577012985,1.11313,1.11441,1.113,1.114,7.809694793538138,-0.0006022294352179267,-0.0001096238539584958,47.01196385335907,1.0,0.0877322692733733,1.11761,1.11932,1.112425,1.1143299999999998,-29.43472759415927,0.009973712007123936,-0.0004737116015917156,62.89603919650575,2.0,-12.169974546386438,2.1638163816381883,-2.3135813581358096
194,446,2016-02-17 16:10:00,1.11336,1.113765,1.113305,1.11345,0.8082985315923078,0.00011230580132615132,0.00016670340144542042,57.474629075423394,1,-2.4272423138482138,1.11313,1.11441,1.113,1.114,7.809694793538138,-0.0006022294352179267,-0.0001096238539584958,47.01196385335907,1.0,0.0877322692733733,1.11761,1.11932,1.112425,1.1143299999999998,-29.43472759415927,0.009973712007123936,-0.0004737116015917156,62.89603919650575,2.0,-12.169974546386438,2.0132513251325213,-2.1384438443844207
195,447,2016-02-17 16:15:00,1.11345,1.114225,1.11337,1.11393,4.3090678947513394,0.00018718041049048395,0.00019326240848780243,61.58285907313897,2,0.6244854754611193,1.11313,1.11441,1.113,1.114,7.809694793538138,-0.0006022294352179267,-0.0001096238539584958,47.01196385335907,1.0,0.0877322692733733,1.11761,1.11932,1.112425,1.1143299999999998,-29.43472759415927,0.009973712007123936,-0.0004737116015917156,62.89603919650575,2.0,-12.169974546386438,1.6217721772176577,-1.7120912091208393
196,448,2016-02-17 16:20:00,1.11394,1.11441,1.113645,1.1136700000000002,-2.424416568642349,0.00022296900273621742,0.00018324080058682875,58.29756787794381,2,2.68982594690121,1.11313,1.11441,1.113,1.114,7.809694793538138,-0.0006022294352179267,-0.0001096238539584958,47.01196385335907,1.0,0.0877322692733733,1.11761,1.11932,1.112425,1.1143299999999998,-29.43472759415927,0.009973712007123936,-0.0004737116015917156,62.89603919650575,2.0,-12.169974546386438,1.164496449644757,-1.247674767476539
197,449,2016-02-17 16:25:00,1.11368,1.11369,1.113,1.1132,-4.311893639957204,0.00021097466329655923,0.0001369971689177364,52.81275244940653,1,6.193733089211237,1.11313,1.11441,1.113,1.114,7.809694793538138,-0.0006022294352179267,-0.0001096238539584958,47.01196385335907,1.0,0.0877322692733733,1.11761,1.11932,1.112425,1.1143299999999998,-29.43472759415927,0.009973712007123936,-0.0004737116015917156,62.89603919650575,2.0,-12.169974546386438,1.4484048404837744,-1.5030603060303185
198,450,2016-02-17 16:30:00,1.11319,1.11402,1.11314,1.11401,7.3607956840606725,0.0002637885037548582,0.00015184880750082833,59.82750327885213,0,-0.3591486287106922,1.11313,1.11441,1.113,1.114,7.809694793538138,-0.0006022294352179267,-0.0001096238539584958,47.01196385335907,1.0,0.0877322692733733,1.11761,1.11932,1.112425,1.1143299999999998,-29.43472759415927,0.009973712007123936,-0.0004737116015917156,62.89603919650575,2.0,-12.169974546386438,1.535813581357948,-1.6071507150713125
199,451,2016-02-17 16:35:00,1.11401,1.1143100000000001,1.113715,1.11397,-0.35907609720225864,0.0002989698488005121,0.00014962412203718578,59.35822745262624,0,-1.1672060515828022,1.11313,1.11441,1.113,1.114,7.809694793538138,-0.0006022294352179267,-0.0001096238539584958,47.01196385335907,1.0,0.0877322692733733,1.11761,1.11932,1.112425,1.1143299999999998,-29.43472759415927,0.009973712007123936,-0.0004737116015917156,62.89603919650575,2.0,-12.169974546386438,1.1238423842383503,-1.1894889488948293
200,452,2016-02-17 16:40:00,1.11397,1.114295,1.113765,1.11388,-0.8079864976471746,0.00031594702969028887,0.00013328104234157,58.251097457383395,0,1.0770461552220023,1.11313,1.11441,1.113,1.114,7.809694793538138,-0.0006022294352179267,-0.0001096238539584958,47.01196385335907,1.0,0.0877322692733733,1.11761,1.11932,1.112425,1.1143299999999998,-29.43472759415927,0.009973712007123936,-0.0004737116015917156,62.89603919650575,2.0,-12.169974546386438,0.9302030203020394,-0.9917291729173089
201,453,2016-02-17 16:45:00,1.11389,1.114,1.11368,1.11398,0.8079139661387411,0.00033362491181576637,0.00012076713957363797,59.162518021707925,0,2.8717329949931707,1.11313,1.11441,1.113,1.114,7.809694793538138,-0.0006022294352179267,-0.0001096238539584958,47.01196385335907,1.0,0.0877322692733733,1.11761,1.11932,1.112425,1.1143299999999998,-29.43472759415927,0.009973712007123936,-0.0004737116015917156,62.89603919650575,2.0,-12.169974546386438,0.7722872287229229,-0.8639863986399091
202,454,2016-02-17 16:50:00,1.11397,1.11401,1.11363,1.11384,-1.1671335200743689,0.0003325050198987878,9.571779812532748e-05,57.277268759936895,1,-0.0013198721983451733,1.11313,1.11441,1.113,1.114,7.809694793538138,-0.0006022294352179267,-0.0001096238539584958,47.01196385335907,1.0,0.0877322692733733,1.11761,1.11932,1.112425,1.1143299999999998,-29.43472759415927,0.009973712007123936,-0.0004737116015917156,62.89603919650575,2.0,-12.169974546386438,0.7097509750976257,-0.8270527052706484
203,455,2016-02-17 16:55:00,1.11384,1.1141900000000002,1.1135099999999998,1.114,1.43626570915763,0.00034060191346929614,8.305175335666866e-05,58.889586401962575,0,-0.8989907752056805,1.11313,1.11441,1.113,1.114,7.809694793538138,-0.0006022294352179267,-0.0001096238539584958,47.01196385335907,1.0,0.0877322692733733,1.11761,1.11932,1.112425,1.1143299999999998,-29.43472759415927,0.009973712007123936,-0.0004737116015917156,62.89603919650575,2.0,-12.169974546386438,0.7132413241324979,-0.8385538553856269
204,456,2016-02-17 17:00:00,1.11398,1.114425,1.1139299999999999,1.11427,2.6026008059099093,0.0003646025917543039,8.564194531334108e-05,61.5281247905621,2,-1.7963322021877983,1.11398,1.1145900000000002,1.113715,1.11454,5.024494410251009,-0.0005152815637505803,-1.8140785992919336e-05,49.52421294964821,2.0,-13.651789723591945,1.11761,1.11932,1.112425,1.1143299999999998,-29.43472759415927,0.009973712007123936,-0.0004737116015917156,62.89603919650575,2.0,-12.169974546386438,0.4298929892988548,-0.5379437943793673
205,457,2016-02-17 17:05:00,1.11426,1.114585,1.1137450000000002,1.11381,-4.0401863872658845,0.0003425563699916978,5.087657884058798e-05,55.046017356505395,0,1.7053173895519895,1.11398,1.1145900000000002,1.113715,1.11454,5.024494410251009,-0.0005152815637505803,-1.8140785992919336e-05,49.52421294964821,2.0,-13.651789723591945,1.11761,1.11932,1.112425,1.1143299999999998,-29.43472759415927,0.009973712007123936,-0.0004737116015917156,62.89603919650575,2.0,-12.169974546386438,0.3695469546953473,-0.43720372037192057
206,458,2016-02-17 17:10:00,1.11395,1.11417,1.11395,1.11401,0.5385948061502948,0.00033733432878180203,3.6523630104553775e-05,57.15929241878804,0,1.5257342243545118,1.11398,1.1145900000000002,1.113715,1.11454,5.024494410251009,-0.0005152815637505803,-1.8140785992919336e-05,49.52421294964821,2.0,-13.651789723591945,1.11761,1.11932,1.112425,1.1143299999999998,-29.43472759415927,0.009973712007123936,-0.0004737116015917156,62.89603919650575,2.0,-12.169974546386438,0.5418441844183906,-0.5845784578457388
207,459,2016-02-17 17:15:00,1.11401,1.11421,1.1139,1.1142,1.7052593789277912,0.00034455541525524325,3.4995773262395975e-05,59.12515113807249,0,-2.154479147123295,1.11398,1.1145900000000002,1.113715,1.11454,5.024494410251009,-0.0005152815637505803,-1.8140785992919336e-05,49.52421294964821,2.0,-13.651789723591945,1.11761,1.11932,1.112425,1.1143299999999998,-29.43472759415927,0.009973712007123936,-0.0004737116015917156,62.89603919650575,2.0,-12.169974546386438,0.4158515851584424,-0.46814681468139685
208,460,2016-02-17 17:20:00,1.11419,1.114255,1.1139649999999999,1.1141299999999998,-0.5385367955260965,0.00034070235861483056,2.491417329758658e-05,58.06794124380362,0,-2.603508002268784,1.11398,1.1145900000000002,1.113715,1.11454,5.024494410251009,-0.0005152815637505803,-1.8140785992919336e-05,49.52421294964821,2.0,-13.651789723591945,1.11761,1.11932,1.112425,1.1143299999999998,-29.43472759415927,0.009973712007123936,-0.0004737116015917156,62.89603919650575,2.0,-12.169974546386438,0.2413341334133163,-0.27452745274524937
209,461,2016-02-17 17:25:00,1.1141299999999998,1.11417,1.11401,1.11417,0.3590116409528169,0.0003369918172739794,1.6962905565388333e-05,58.524323829657966,0,-2.6034209808657525,1.11398,1.1145900000000002,1.113715,1.11454,5.024494410251009,-0.0005152815637505803,-1.8140785992919336e-05,49.52421294964821,2.0,-13.651789723591945,1.11761,1.11932,1.112425,1.1143299999999998,-29.43472759415927,0.009973712007123936,-0.0004737116015917156,62.89603919650575,2.0,-12.169974546386438,0.11618161816183017,-0.13697369736973272
210,462,2016-02-17 17:30:00,1.11417,1.1141900000000002,1.11394,1.11395,-1.9749539925500157,0.0003126944778502061,-5.86754708670797e-06,54.979987788334505,0,1.5256801937906417,1.11398,1.1145900000000002,1.113715,1.11454,5.024494410251009,-0.0005152815637505803,-1.8140785992919336e-05,49.52421294964821,2.0,-13.651789723591945,1.11761,1.11932,1.112425,1.1143299999999998,-29.43472759415927,0.009973712007123936,-0.0004737116015917156,62.89603919650575,2.0,-12.169974546386438,0.1449944994498617,-0.19069906990689764
211,463,2016-02-17 17:35:00,1.11396,1.11401,1.113715,1.11385,-0.9875656506715847,0.0002821174229983292,-2.9155681550867878e-05,53.39700077171622,0,1.9746752109240957,1.11398,1.1145900000000002,1.113715,1.11454,5.024494410251009,-0.0005152815637505803,-1.8140785992919336e-05,49.52421294964821,2.0,-13.651789723591945,1.11761,1.11932,1.112425,1.1143299999999998,-29.43472759415927,0.009973712007123936,-0.0004737116015917156,62.89603919650575,2.0,-12.169974546386438,0.46739673967385553,-0.48664866486637404
212,464,2016-02-17 17:40:00,1.11386,1.1139549999999998,1.11378,1.1139,0.3590986623558485,0.00025893463161286157,-4.1870778349068416e-05,54.10847615835449,1,5.832562928601197,1.11398,1.1145900000000002,1.113715,1.11454,5.024494410251009,-0.0005152815637505803,-1.8140785992919336e-05,49.52421294964821,2.0,-13.651789723591945,1.11761,1.11932,1.112425,1.1143299999999998,-29.43472759415927,0.009973712007123936,-0.0004737116015917156,62.89603919650575,2.0,-12.169974546386438,0.852665266526596,-0.8437243724371883
213,465,2016-02-17 17:45:00,1.11389,1.114195,1.11388,1.1141299999999998,2.1541471821063785,0.00025616823230412145,-3.5709742126246835e-05,57.335175437673385,1,4.575574444896882,1.11398,1.1145900000000002,1.113715,1.11454,5.024494410251009,-0.0005152815637505803,-1.8140785992919336e-05,49.52421294964821,2.0,-13.651789723591945,1.11761,1.11932,1.112425,1.1143299999999998,-29.43472759415927,0.009973712007123936,-0.0004737116015917156,62.89603919650575,2.0,-12.169974546386438,1.0712171217122883,-1.0770477047706142
214,466,2016-02-17 17:50:00,1.11412,1.114205,1.114015,1.11406,-0.5385706335381306,0.0002454974837593493,-3.710439253681516e-05,56.04363735966348,1,5.383268543309685,1.11398,1.1145900000000002,1.113715,1.11454,5.024494410251009,-0.0005152815637505803,-1.8140785992919336e-05,49.52421294964821,2.0,-13.651789723591945,1.11761,1.11932,1.112425,1.1143299999999998,-29.43472759415927,0.009973712007123936,-0.0004737116015917156,62.89603919650575,2.0,-12.169974546386438,1.2359435943596286,-1.2811781178119652
215,467,2016-02-17 17:55:00,1.11407,1.1145900000000002,1.11405,1.11454,4.21698638003295,0.0002726301168511913,-7.977407555978544e-06,62.31277877958488,0,0.4485745214839013,1.11398,1.1145900000000002,1.113715,1.11454,5.024494410251009,-0.0005152815637505803,-1.8140785992919336e-05,49.52421294964821,2.0,-13.651789723591945,1.11761,1.11932,1.112425,1.1143299999999998,-29.43472759415927,0.009973712007123936,-0.0004737116015917156,62.89603919650575,2.0,-12.169974546386438,1.18122812281236,-1.2429942994300256
216,468,2016-02-17 18:00:00,1.11453,1.114725,1.114455,1.11463,0.8971586984020615,0.0002979604690813709,1.3882355739360763e-05,63.36773880045071,0,-2.512438020172521,1.11453,1.11516,1.11371,1.11414,-3.500457752168601,-0.00047319668936740555,1.9155270712204364e-05,47.719405743456925,2.0,-12.128309173280686,1.11761,1.11932,1.112425,1.1143299999999998,-29.43472759415927,0.009973712007123936,-0.0004737116015917156,62.89603919650575,2.0,-12.169974546386438,0.7501550155015418,-0.8116011601160008
217,469,2016-02-17 18:05:00,1.1147,1.114865,1.114355,1.11473,0.2691234648746736,0.0003223878337166308,3.064777629969658e-05,64.55498086087528,2,-3.140511913993316,1.11453,1.11516,1.11371,1.11414,-3.500457752168601,-0.00047319668936740555,1.9155270712204364e-05,47.719405743456925,2.0,-12.128309173280686,1.11761,1.11932,1.112425,1.1143299999999998,-29.43472759415927,0.009973712007123936,-0.0004737116015917156,62.89603919650575,2.0,-12.169974546386438,0.2212321232123154,-0.3261026102610162
218,470,2016-02-17 18:10:00,1.11474,1.11516,1.114655,1.11466,-0.7177076417928338,0.0003322681013515627,3.242243514770275e-05,63.01539147359527,2,-3.7690375115975,1.11453,1.11516,1.11371,1.11414,-3.500457752168601,-0.00047319668936740555,1.9155270712204364e-05,47.719405743456925,2.0,-12.128309173280686,1.11761,1.11932,1.112425,1.1143299999999998,-29.43472759415927,0.009973712007123936,-0.0004737116015917156,62.89603919650575,2.0,-12.169974546386438,-0.34223422342233223,0.22712271227122074
219,471,2016-02-17 18:15:00,1.11465,1.1147,1.114395,1.11442,-2.063853843254361,0.00031707722156304463,1.378524428734772e-05,57.915425392187494,0,-0.7180522721798994,1.11453,1.11516,1.11371,1.11414,-3.500457752168601,-0.00047319668936740555,1.9155270712204364e-05,47.719405743456925,2.0,-12.128309173280686,1.11761,1.11932,1.112425,1.1143299999999998,-29.43472759415927,0.009973712007123936,-0.0004737116015917156,62.89603919650575,2.0,-12.169974546386438,-0.6619261926192179,0.5566856685667972
220,472,2016-02-17 18:20:00,1.1144,1.114475,1.11412,1.11436,-0.3589504289461216,0.0002967757947021088,-5.212946058870501e-06,56.68039342955544,0,0.17930930546595014,1.11453,1.11516,1.11371,1.11414,-3.500457752168601,-0.00047319668936740555,1.9155270712204364e-05,47.719405743456925,2.0,-12.128309173280686,1.11761,1.11932,1.112425,1.1143299999999998,-29.43472759415927,0.009973712007123936,-0.0004737116015917156,62.89603919650575,2.0,-12.169974546386438,-0.7691669166916031,0.6792679267925992
221,473,2016-02-17 18:25:00,1.11437,1.1145450000000001,1.114185,1.11422,-1.3462332393970178,0.00026631996688020193,-2.853501910462196e-05,53.79763280347112,0,-0.6285273008499477,1.11453,1.11516,1.11371,1.11414,-3.500457752168601,-0.00047319668936740555,1.9155270712204364e-05,47.719405743456925,2.0,-12.128309173280686,1.11761,1.11932,1.112425,1.1143299999999998,-29.43472759415927,0.009973712007123936,-0.0004737116015917156,62.89603919650575,2.0,-12.169974546386438,-0.7478847884787754,0.6664966496648822
222,474,2016-02-17 18:30:00,1.1142299999999998,1.11453,1.114195,1.11434,0.98713139616324,0.00024899622751095585,-3.668700677909441e-05,55.869456952982596,2,-3.3212701587234177,1.11453,1.11516,1.11371,1.11414,-3.500457752168601,-0.00047319668936740555,1.9155270712204364e-05,47.719405743456925,2.0,-12.128309173280686,1.11761,1.11932,1.112425,1.1143299999999998,-29.43472759415927,0.009973712007123936,-0.0004737116015917156,62.89603919650575,2.0,-12.169974546386438,-0.7744674467446707,0.7279927992799181
223,475,2016-02-17 18:35:00,1.1143299999999998,1.1144950000000002,1.11427,1.11439,0.538411148699728,0.00023657453737824238,-3.9286957529446286e-05,56.73991820095853,2,-4.667696821322318,1.11453,1.11516,1.11371,1.11414,-3.500457752168601,-0.00047319668936740555,1.9155270712204364e-05,47.719405743456925,2.0,-12.128309173280686,1.11761,1.11932,1.112425,1.1143299999999998,-29.43472759415927,0.009973712007123936,-0.0004737116015917156,62.89603919650575,2.0,-12.169974546386438,-1.0323932393239934,0.968836883688419
224,476,2016-02-17 18:40:00,1.11441,1.1145049999999999,1.11417,1.11417,-2.1540698457129155,0.00020659658029553718,-5.541193168972125e-05,51.89003281773668,0,0.2687881607272371,1.11453,1.11516,1.11371,1.11414,-3.500457752168601,-0.00047319668936740555,1.9155270712204364e-05,47.719405743456925,2.0,-12.128309173280686,1.11761,1.11932,1.112425,1.1143299999999998,-29.43472759415927,0.009973712007123936,-0.0004737116015917156,62.89603919650575,2.0,-12.169974546386438,-1.2272627262727607,1.1617861786179764
225,477,2016-02-17 18:45:00,1.11416,1.114325,1.113745,1.11397,-1.7056114617102305,0.00016480078394565112,-7.776618243168586e-05,47.88305771695207,1,5.832424313794867,1.11453,1.11516,1.11371,1.11414,-3.500457752168601,-0.00047319668936740555,1.9155270712204364e-05,47.719405743456925,2.0,-12.128309173280686,1.11761,1.11932,1.112425,1.1143299999999998,-29.43472759415927,0.009973712007123936,-0.0004737116015917156,62.89603919650575,2.0,-12.169974546386438,-1.1333933393340707,1.0921692169218216
226,478,2016-02-17 18:50:00,1.11393,1.11403,1.113725,1.11384,-0.8080155138991734,0.00011980634767194688,-9.82084949643121e-05,45.427503063265114,1,10.497011246016813,1.11453,1.11516,1.11371,1.11414,-3.500457752168601,-0.00047319668936740555,1.9155270712204364e-05,47.719405743456925,2.0,-12.128309173280686,1.11761,1.11932,1.112425,1.1143299999999998,-29.43472759415927,0.009973712007123936,-0.0004737116015917156,62.89603919650575,2.0,-12.169974546386438,-0.8910491049105146,0.8404940494049525
227,479,2016-02-17 18:55:00,1.11383,1.11441,1.11371,1.11414,2.7824151363366405,0.00010712060588846659,-8.871538939823388e-05,51.596405839237654,1,0.5344277347305777,1.11453,1.11516,1.11371,1.11414,-3.500457752168601,-0.00047319668936740555,1.9155270712204364e-05,47.719405743456925,2.0,-12.128309173280686,1.11761,1.11932,1.112425,1.1143299999999998,-29.43472759415927,0.009973712007123936,-0.0004737116015917156,62.89603919650575,2.0,-12.169974546386438,-0.8698769876986898,0.8173317331732165
228,480,2016-02-17 19:00:00,1.1141299999999998,1.1152350000000002,1.1139649999999999,1.11456,3.8580246913574014,0.0001294651602647967,-5.309666801752306e-05,58.64461644513423,1,-11.212462630529497,1.1141299999999998,1.115715,1.111885,1.11397,-1.4363043888090343,-0.0004483929081342541,3.5167241556284636e-05,46.93652115325064,2.0,-9.703569477561995,1.11761,1.11932,1.112425,1.1143299999999998,-29.43472759415927,0.009973712007123936,-0.0004737116015917156,62.89603919650575,2.0,-12.169974546386438,-1.4647364736472075,1.489138913891214
229,481,2016-02-17 19:05:00,1.11455,1.115715,1.1145200000000002,1.11498,3.856571418322772,0.00017900046457364205,-2.8490909669421764e-06,64.25063216840744,2,-22.957899722754945,1.1141299999999998,1.115715,1.111885,1.11397,-1.4363043888090343,-0.0004483929081342541,3.5167241556284636e-05,46.93652115325064,2.0,-9.703569477561995,1.11761,1.11932,1.112425,1.1143299999999998,-29.43472759415927,0.009973712007123936,-0.0004737116015917156,62.89603919650575,2.0,-12.169974546386438,-2.8881688168815844,2.9247824782477725
230,482,2016-02-17 19:10:00,1.11498,1.11502,1.11417,1.11418,-7.180168374949595,0.00015195262077472016,-2.3917547812691268e-05,50.27177020095049,2,-11.642899887130053,1.1141299999999998,1.115715,1.111885,1.11397,-1.4363043888090343,-0.0004483929081342541,3.5167241556284636e-05,46.93652115325064,2.0,-9.703569477561995,1.11761,1.11932,1.112425,1.1143299999999998,-29.43472759415927,0.009973712007123936,-0.0004737116015917156,62.89603919650575,2.0,-12.169974546386438,-4.173677367736649,4.266206620661986
231,483,2016-02-17 19:15:00,1.11418,1.1145450000000001,1.112755,1.11312,-7.888865673902675,4.447123180684187e-05,-0.00010511914942445567,38.36214999572329,2,-7.7106908383790875,1.1141299999999998,1.115715,1.111885,1.11397,-1.4363043888090343,-0.0004483929081342541,3.5167241556284636e-05,46.93652115325064,2.0,-9.703569477561995,1.11761,1.11932,1.112425,1.1143299999999998,-29.43472759415927,0.009973712007123936,-0.0004737116015917156,62.89603919650575,2.0,-12.169974546386438,-4.29701970197011,4.442674267426667
232,484,2016-02-17 19:20:00,1.11313,1.11314,1.112,1.11203,-7.888865673902675,-0.00012719619524004244,-0.00022142926117707203,30.389501366723408,1,7.927815434138234,1.1141299999999998,1.115715,1.111885,1.11397,-1.4363043888090343,-0.0004483929081342541,3.5167241556284636e-05,46.93652115325064,2.0,-9.703569477561995,1.11761,1.11932,1.112425,1.1143299999999998,-29.43472759415927,0.009973712007123936,-0.0004737116015917156,62.89603919650575,2.0,-12.169974546386438,-3.0677367736773973,3.11363136313637
233,485,2016-02-17 19:25:00,1.11204,1.11267,1.11202,1.1125,4.134831460675299,-0.0002227510603596272,-0.0002535873010373254,36.5160986841119,2,0.018178106337318308,1.1141299999999998,1.115715,1.111885,1.11397,-1.4363043888090343,-0.0004483929081342541,3.5167241556284636e-05,46.93652115325064,2.0,-9.703569477561995,1.11761,1.11932,1.112425,1.1143299999999998,-29.43472759415927,0.009973712007123936,-0.0004737116015917156,62.89603919650575,2.0,-12.169974546386438,-1.6097509750976071,1.6357035703571194
234,486,2016-02-17 19:30:00,1.11249,1.112495,1.111885,1.11205,-3.956656625151712,-0.0003309749454492028,-0.00025782615519595776,33.47798999912004,1,6.6704704971840725,1.1141299999999998,1.115715,1.111885,1.11397,-1.4363043888090343,-0.0004483929081342541,3.5167241556284636e-05,46.93652115325064,2.0,-9.703569477561995,1.11761,1.11932,1.112425,1.1143299999999998,-29.43472759415927,0.009973712007123936,-0.0004737116015917156,62.89603919650575,2.0,-12.169974546386438,-0.1986198619862965,0.2176517651766006
235,487,2016-02-17 19:35:00,1.11205,1.11306,1.112035,1.11306,7.749640598614647,-0.0003314241437903931,-0.0002319185177941689,44.61576924042204,2,3.3217244477480863,1.1141299999999998,1.115715,1.111885,1.11397,-1.4363043888090343,-0.0004483929081342541,3.5167241556284636e-05,46.93652115325064,2.0,-9.703569477561995,1.11761,1.11932,1.112425,1.1143299999999998,-29.43472759415927,0.009973712007123936,-0.0004737116015917156,62.89603919650575,2.0,-12.169974546386438,0.7197919791979083,-0.7371937193719343
236,488,2016-02-17 19:40:00,1.11306,1.113065,1.11258,1.11264,-3.7748058671256186,-0.00036150343999752366,-0.00020959825120103954,41.50381060948283,1,12.123595675699349,1.1141299999999998,1.115715,1.111885,1.11397,-1.4363043888090343,-0.0004483929081342541,3.5167241556284636e-05,46.93652115325064,2.0,-9.703569477561995,1.11761,1.11932,1.112425,1.1143299999999998,-29.43472759415927,0.009973712007123936,-0.0004737116015917156,62.89603919650575,2.0,-12.169974546386438,1.2407840784078286,-1.2827882788278926
237,489,2016-02-17 19:45:00,1.11261,1.11297,1.1126,1.11291,2.6956357656950423,-0.00035941168129949297,-0.00016600519400240707,44.19839196871511,1,7.8118853550975516,1.1141299999999998,1.115715,1.111885,1.11397,-1.4363043888090343,-0.0004483929081342541,3.5167241556284636e-05,46.93652115325064,2.0,-9.703569477561995,1.11761,1.11932,1.112425,1.1143299999999998,-29.43472759415927,0.009973712007123936,-0.0004737116015917156,62.89603919650575,2.0,-12.169974546386438,2.0276127612760177,-2.0099109910990167
238,490,2016-02-17 19:50:00,1.11292,1.1137,1.112915,1.11341,4.400894549178663,-0.00031379093951278136,-9.630756177255635e-05,48.893353451601584,1,3.5905498090064865,1.1141299999999998,1.115715,1.111885,1.11397,-1.4363043888090343,-0.0004483929081342541,3.5167241556284636e-05,46.93652115325064,2.0,-9.703569477561995,1.11761,1.11932,1.112425,1.1143299999999998,-29.43472759415927,0.009973712007123936,-0.0004737116015917156,62.89603919650575,2.0,-12.169974546386438,2.3188618861884467,-2.238923892389082
239,491,2016-02-17 19:55:00,1.11341,1.114025,1.11338,1.11397,5.027065360825642,-0.0002297998633034037,-9.853188450542974e-06,53.6019133271826,0,-2.334383116353287,1.1141299999999998,1.115715,1.111885,1.11397,-1.4363043888090343,-0.0004483929081342541,3.5167241556284636e-05,46.93652115325064,2.0,-9.703569477561995,1.11761,1.11932,1.112425,1.1143299999999998,-29.43472759415927,0.009973712007123936,-0.0004737116015917156,62.89603919650575,2.0,-12.169974546386438,1.9188418841883024,-1.827932793279253
240,492,2016-02-17 20:00:00,1.11399,1.114,1.11361,1.11381,-1.6160745549067526,-0.00017413961996814995,3.664564390776865e-05,52.12427754243362,0,-2.5143662148970125,1.11399,1.11469,1.11267,1.11302,-8.715027582614306,-0.0004996333312918821,-1.2858545281074665e-05,42.71877113060049,2.0,-8.362377368492194,1.11761,1.11932,1.112425,1.1143299999999998,-29.43472759415927,0.009973712007123936,-0.0004737116015917156,62.89603919650575,2.0,-12.169974546386438,1.3231523152315063,-1.299809980998118
241,493,2016-02-17 20:05:00,1.11382,1.113885,1.113605,1.11384,0.17955900308759767,-0.00012615350772571254,6.770540492016488e-05,52.38929693735928,0,0.8969002230132439,1.11399,1.11469,1.11267,1.11302,-8.715027582614306,-0.0004996333312918821,-1.2858545281074665e-05,42.71877113060049,2.0,-8.362377368492194,1.11761,1.11932,1.112425,1.1143299999999998,-29.43472759415927,0.009973712007123936,-0.0004737116015917156,62.89603919650575,2.0,-12.169974546386438,0.9539953995400043,-0.9086308630863843
242,494,2016-02-17 20:10:00,1.11385,1.11399,1.113715,1.11375,-0.8978675645341323,-9.429939120852993e-05,7.964761714987801e-05,51.46882092584276,1,3.7693318127868727,1.11399,1.11469,1.11267,1.11302,-8.715027582614306,-0.0004996333312918821,-1.2858545281074665e-05,42.71877113060049,2.0,-8.362377368492194,1.11761,1.11932,1.112425,1.1143299999999998,-29.43472759415927,0.009973712007123936,-0.0004737116015917156,62.89603919650575,2.0,-12.169974546386438,0.7028902890289886,-0.7112411241125091
243,495,2016-02-17 20:15:00,1.11375,1.113765,1.11345,1.11355,-1.796057653450478,-8.422224133064482e-05,7.177981362221049e-05,49.39200167376611,1,8.07781700962211,1.11399,1.11469,1.11267,1.11302,-8.715027582614306,-0.0004996333312918821,-1.2858545281074665e-05,42.71877113060049,2.0,-8.362377368492194,1.11761,1.11932,1.112425,1.1143299999999998,-29.43472759415927,0.009973712007123936,-0.0004737116015917156,62.89603919650575,2.0,-12.169974546386438,0.7422442244224916,-0.7786878687869361
244,496,2016-02-17 20:20:00,1.11355,1.114025,1.113495,1.11395,3.590825440997853,-4.3458408903962464e-05,9.003491683911427e-05,53.43864366325318,1,-1.2590512932639824,1.11399,1.11469,1.11267,1.11302,-8.715027582614306,-0.0004996333312918821,-1.2858545281074665e-05,42.71877113060049,2.0,-8.362377368492194,1.11761,1.11932,1.112425,1.1143299999999998,-29.43472759415927,0.009973712007123936,-0.0004737116015917156,62.89603919650575,2.0,-12.169974546386438,0.7352035203520594,-0.7377837783778687
245,497,2016-02-17 20:25:00,1.11395,1.1144599999999998,1.113915,1.11417,1.9745640252394965,6.524176716649066e-06,0.00011201400196778064,55.54412853079649,2,-7.095659507475567,1.11399,1.11469,1.11267,1.11302,-8.715027582614306,-0.0004996333312918821,-1.2858545281074665e-05,42.71877113060049,2.0,-8.362377368492194,1.11761,1.11932,1.112425,1.1143299999999998,-29.43472759415927,0.009973712007123936,-0.0004737116015917156,62.89603919650575,2.0,-12.169974546386438,0.2890089008900474,-0.29320932093205115
246,498,2016-02-17 20:30:00,1.11418,1.11469,1.114185,1.11446,2.51242754338476,6.874387568789331e-05,0.00013938696075121992,58.22573659418696,2,-9.518272876386725,1.11399,1.11469,1.11267,1.11302,-8.715027582614306,-0.0004996333312918821,-1.2858545281074665e-05,42.71877113060049,2.0,-8.362377368492194,1.11761,1.11932,1.112425,1.1143299999999998,-29.43472759415927,0.009973712007123936,-0.0004737116015917156,62.89603919650575,2.0,-12.169974546386438,-0.49244924492461795,0.4877787778779131
247,499,2016-02-17 20:35:00,1.11445,1.11446,1.113705,1.11381,-5.746042861888237,6.485624524432687e-05,0.0001083994642461228,50.82546621071793,2,-4.670460500441081,1.11399,1.11469,1.11267,1.11302,-8.715027582614306,-0.0004996333312918821,-1.2858545281074665e-05,42.71877113060049,2.0,-8.362377368492194,1.11761,1.11932,1.112425,1.1143299999999998,-29.43472759415927,0.009973712007123936,-0.0004737116015917156,62.89603919650575,2.0,-12.169974546386438,-1.1204020402041412,1.1052905290530157
248,500,2016-02-17 20:40:00,1.11383,1.113875,1.11329,1.1134,-3.86204418897209,2.8364725720209087e-05,5.7526355777604003e-05,46.78617366176289,2,-3.2342487313715305,1.11399,1.11469,1.11267,1.11302,-8.715027582614306,-0.0004996333312918821,-1.2858545281074665e-05,42.71877113060049,2.0,-8.362377368492194,1.11761,1.11932,1.112425,1.1143299999999998,-29.43472759415927,0.009973712007123936,-0.0004737116015917156,62.89603919650575,2.0,-12.169974546386438,-1.0936193619362775,1.0457145714572147
249,501,2016-02-17 20:45:00,1.1134,1.113765,1.113245,1.11341,0.08981417447360372,2.4897993089467723e-07,2.3528487990631674e-05,46.897025681606166,2,-4.13273183678412,1.11399,1.11469,1.11267,1.11302,-8.715027582614306,-0.0004996333312918821,-1.2858545281074665e-05,42.71877113060049,2.0,-8.362377368492194,1.11761,1.11932,1.112425,1.1143299999999998,-29.43472759415927,0.009973712007123936,-0.0004737116015917156,62.89603919650575,2.0,-12.169974546386438,-0.8108210821082703,0.787738773877449
250,502,2016-02-17 20:50:00,1.1134,1.113515,1.1132049999999998,1.1133,-0.8982304859425941,-3.055679218233465e-05,-5.8218272980781215e-06,45.767607685624675,2,-0.18046283402628616,1.11399,1.11469,1.11267,1.11302,-8.715027582614306,-0.0004996333312918821,-1.2858545281074665e-05,42.71877113060049,2.0,-8.362377368492194,1.11761,1.11932,1.112425,1.1143299999999998,-29.43472759415927,0.009973712007123936,-0.0004737116015917156,62.89603919650575,2.0,-12.169974546386438,-0.6005100510051816,0.6031803180318844
251,503,2016-02-17 20:55:00,1.11329,1.113435,1.11267,1.11302,-2.42583241990254,-7.668032540841807e-05,-4.1556288419329245e-05,42.9332589202393,0,2.3351942481361116,1.11399,1.11469,1.11267,1.11302,-8.715027582614306,-0.0004996333312918821,-1.2858545281074665e-05,42.71877113060049,2.0,-8.362377368492194,1.11761,1.11932,1.112425,1.1143299999999998,-29.43472759415927,0.009973712007123936,-0.0004737116015917156,62.89603919650575,2.0,-12.169974546386438,-0.35770577057710884,0.35398539853990924
0,504,2016-02-18 00:00:00,1.11205,1.112335,1.112035,1.11227,1.97793701169778,-0.00018219946417485922,-2.0668554372656504e-06,44.89777939870428,0,2.3371764354421747,1.11205,1.113985,1.11195,1.1133,11.22788107428342,-0.0006187267379273997,-5.900579507206613e-05,46.18361922379818,1.0,4.129027134561966,1.11761,1.11932,1.112425,1.1143299999999998,-29.43472759415927,0.009973712007123936,-0.0004737116015917156,62.89603919650575,2.0,-12.169974546386438,0.0,0.0
1,505,2016-02-18 00:05:00,1.11227,1.112415,1.112205,1.11235,0.7191980941237737,-0.00016252687112672248,1.408459008869688e-05,47.08538826296089,0,2.4268725828894846,1.11205,1.113985,1.11195,1.1133,11.22788107428342,-0.0006187267379273997,-5.900579507206613e-05,46.18361922379818,1.0,4.129027134561966,1.11761,1.11932,1.112425,1.1143299999999998,-29.43472759415927,0.009973712007123936,-0.0004737116015917156,62.89603919650575,2.0,-12.169974546386438,0.0,0.0
2,506,2016-02-18 00:10:00,1.11235,1.11246,1.112325,1.11242,0.6292587332124062,-0.00013967766721578734,2.9547035199705638e-05,48.99356365807826,0,2.067233147228706,1.11205,1.113985,1.11195,1.1133,11.22788107428342,-0.0006187267379273997,-5.900579507206613e-05,46.18361922379818,1.0,4.129027134561966,1.11761,1.11932,1.112425,1.1143299999999998,-29.43472759415927,0.009973712007123936,-0.0004737116015917156,62.89603919650575,2.0,-12.169974546386438,0.0,0.0
3,507,2016-02-18 00:15:00,1.11244,1.112635,1.11239,1.11255,0.9887196081059948,-0.00010981373062235457,4.752877743451073e-05,52.42481962428681,2,-5.036649367018656,1.11205,1.113985,1.11195,1.1133,11.22788107428342,-0.0006187267379273997,-5.900579507206613e-05,46.18361922379818,1.0,4.129027134561966,1.11761,1.11932,1.112425,1.1143299999999998,-29.43472759415927,0.009973712007123936,-0.0004737116015917156,62.89603919650575,2.0,-12.169974546386438,0.0,0.0
4,508,2016-02-18 00:20:00,1.11254,1.1127850000000001,1.1124900000000002,1.11263,0.8088942415710836,-7.878285459428369e-05,6.284772277006528e-05,54.45529329738717,2,0.8945753769776736,1.11205,1.113985,1.11195,1.1133,11.22788107428342,-0.0006187267379273997,-5.900579507206613e-05,46.18361922379818,1.0,4.129027134561966,1.11761,1.11932,1.112425,1.1143299999999998,-29.43472759415927,0.009973712007123936,-0.0004737116015917156,62.89603919650575,2.0,-12.169974546386438,0.0,0.0
5,509,2016-02-18 00:25:00,1.11265,1.11273,1.112535,1.11268,0.2696192975516276,-4.958450038916594e-05,7.363686158014642e-05,55.72709567591226,2,2.511850251619008,1.11205,1.113985,1.11195,1.1133,11.22788107428342,-0.0006187267379273997,-5.900579507206613e-05,46.18361922379818,1.0,4.129027134561966,1.11761,1.11932,1.112425,1.1143299999999998,-29.43472759415927,0.009973712007123936,-0.0004737116015917156,62.89603919650575,2.0,-12.169974546386438,0.0,0.0
6,510,2016-02-18 00:30:00,1.11267,1.112665,1.11195,1.11199,-6.115162906141367,-8.118596646311538e-05,3.36283164049576e-05,39.383175733793415,1,12.668687309007359,1.11205,1.113985,1.11195,1.1133,11.22788107428342,-0.0006187267379273997,-5.900579507206613e-05,46.18361922379818,1.0,4.129027134561966,1.11761,1.11932,1.112425,1.1143299999999998,-29.43472759415927,0.009973712007123936,-0.0004737116015917156,62.89603919650575,2.0,-12.169974546386438,0.0,0.0
7,511,2016-02-18 00:35:00,1.11199,1.112865,1.111965,1.11274,6.740118985567412,-4.519069382635799e-05,5.569887123337201e-05,54.87503520724464,1,10.955678812147944,1.11205,1.113985,1.11195,1.1133,11.22788107428342,-0.0006187267379273997,-5.900579507206613e-05,46.18361922379818,1.0,4.129027134561966,1.11761,1.11932,1.112425,1.1143299999999998,-29.43472759415927,0.009973712007123936,-0.0004737116015917156,62.89603919650575,2.0,-12.169974546386438,0.0,0.0
8,512,2016-02-18 00:40:00,1.11273,1.113075,1.11273,1.11294,1.8868941721929613,-5.198597798905524e-07,8.029576422387157e-05,57.96050484211553,1,4.397986113052297,1.11205,1.113985,1.11195,1.1133,11.22788107428342,-0.0006187267379273997,-5.900579507206613e-05,46.18361922379818,1.0,4.129027134561966,1.11761,1.11932,1.112425,1.1143299999999998,-29.43472759415927,0.009973712007123936,-0.0004737116015917156,62.89603919650575,2.0,-12.169974546386438,0.0,0.0
9,513,2016-02-18 00:45:00,1.11295,1.1134149999999998,1.112735,1.1134,4.041674151246986,7.11797379464585e-05,0.00012159628956017649,64.04921496566064,1,5.2044050451923765,1.11205,1.113985,1.11195,1.1133,11.22788107428342,-0.0006187267379273997,-5.900579507206613e-05,46.18361922379818,1.0,4.129027134561966,1.11761,1.11932,1.112425,1.1143299999999998,-29.43472759415927,0.009973712007123936,-0.0004737116015917156,62.89603919650575,2.0,-12.169974546386438,0.0,0.0
10,514,2016-02-18 00:50:00,1.1134,1.113985,1.1133350000000002,1.11396,5.027110488707996,0.00017121583601786838,0.00017730591010526909,69.78624793847986,2,-1.7982091969737302,1.11205,1.113985,1.11195,1.1133,11.22788107428342,-0.0006187267379273997,-5.900579507206613e-05,46.18361922379818,1.0,4.129027134561966,1.11761,1.11932,1.112425,1.1143299999999998,-29.43472759415927,0.009973712007123936,-0.0004737116015917156,62.89603919650575,2.0,-12.169974546386438,0.0,0.0
11,515,2016-02-18 00:55:00,1.11382,1.11382,1.1133,1.1133,-4.6707985269026855,0.00019499094606190148,0.00016086481611944176,58.03217441155244,1,2.962384955086686,1.11205,1.113985,1.11195,1.1133,11.22788107428342,-0.0006187267379273997,-5.900579507206613e-05,46.18361922379818,1.0,4.129027134561966,1.11761,1.11932,1.112425,1.1143299999999998,-29.43472759415927,0.009973712007123936,-0.0004737116015917156,62.89603919650575,2.0,-12.169974546386438,0.0,0.0
12,516,2016-02-18 01:00:00,1.1133,1.11386,1.1129350000000002,1.11384,4.848093083387066,0.0002544729730644679,0.00017627747449760656,63.455602301839825,2,-6.557303927456383,1.1133,1.1139700000000001,1.1129350000000002,1.11338,0.7185327561127378,-0.0005711901080873716,-9.175332185630287e-06,46.63832833462269,1.0,3.4104943784492288,1.11761,1.11932,1.112425,1.1143299999999998,-29.43472759415927,0.009973712007123936,-0.0004737116015917156,62.89603919650575,2.0,-12.169974546386438,0.0,0.0
13,517,2016-02-18 01:05:00,1.11386,1.1139700000000001,1.11361,1.11364,-1.9755037534581104,0.0002822213079174406,0.00016322064748046348,60.34516943700107,2,-2.785339202113085,1.1133,1.1139700000000001,1.1129350000000002,1.11338,0.7185327561127378,-0.0005711901080873716,-9.175332185630287e-06,46.63832833462269,1.0,3.4104943784492288,1.11761,1.11932,1.112425,1.1143299999999998,-29.43472759415927,0.009973712007123936,-0.0004737116015917156,62.89603919650575,2.0,-12.169974546386438,0.0,0.0
14,518,2016-02-18 01:10:00,1.11363,1.113815,1.11361,1.11364,0.08979562515773061,0.0003007452590653158,0.00014539567890267094,60.34516943700107,2,-2.8751348272708155,1.1133,1.1139700000000001,1.1129350000000002,1.11338,0.7185327561127378,-0.0005711901080873716,-9.175332185630287e-06,46.63832833462269,1.0,3.4104943784492288,1.11761,1.11932,1.112425,1.1143299999999998,-29.43472759415927,0.009973712007123936,-0.0004737116015917156,62.89603919650575,2.0,-12.169974546386438,0.0,0.0
15,519,2016-02-18 01:15:00,1.11363,1.11366,1.11309,1.11311,-4.671595799156004,0.000269551827525083,9.136179788995041e-05,52.444465850767706,1,6.913800673465112,1.1133,1.1139700000000001,1.1129350000000002,1.11338,0.7185327561127378,-0.0005711901080873716,-9.175332185630287e-06,46.63832833462269,1.0,3.4104943784492288,1.11761,1.11932,1.112425,1.1143299999999998,-29.43472759415927,0.009973712007123936,-0.0004737116015917156,62.89603919650575,2.0,-12.169974546386438,0.0,0.0
16,520,2016-02-18 01:20:00,1.1131,1.1133950000000001,1.113075,1.1133,1.7964609718851885,0.0002571974087683948,6.320590330660977e-05,54.732548546770964,1,5.207115979096941,1.1133,1.1139700000000001,1.1129350000000002,1.11338,0.7185327561127378,-0.0005711901080873716,-9.175332185630287e-06,46.63832833462269,1.0,3.4104943784492288,1.11761,1.11932,1.112425,1.1143299999999998,-29.43472759415927,0.009973712007123936,-0.0004737116015917156,62.89603919650575,2.0,-12.169974546386438,0.0,0.0
17,521,2016-02-18 01:25:00,1.1133,1.113665,1.113285,1.1133,0.0,0.0002445869962521829,4.0476392632318324e-05,54.732548546770964,1,3.68070000380689,1.1133,1.1139700000000001,1.1129350000000002,1.11338,0.7185327561127378,-0.0005711901080873716,-9.175332185630287e-06,46.63832833462269,1.0,3.4104943784492288,1.11761,1.11932,1.112425,1.1143299999999998,-29.43472759415927,0.009973712007123936,-0.0004737116015917156,62.89603919650575,2.0,-12.169974546386438,0.0,0.0
18,522,2016-02-18 01:30:00,1.11329,1.113885,1.113225,1.11386,5.117339701579923,0.00027659209190189493,5.798519062562424e-05,61.12597855752552,0,-1.4366396977730331,1.1133,1.1139700000000001,1.1129350000000002,1.11338,0.7185327561127378,-0.0005711901080873716,-9.175332185630287e-06,46.63832833462269,1.0,3.4104943784492288,1.11761,1.11932,1.112425,1.1143299999999998,-29.43472759415927,0.009973712007123936,-0.0004737116015917156,62.89603919650575,2.0,-12.169974546386438,0.0,0.0
19,523,2016-02-18 01:35:00,1.11387,1.113915,1.113715,1.11388,0.08977627751701721,0.0003001107042552853,6.520304238321165e-05,61.33600849809742,2,-3.681840010064386,1.1133,1.1139700000000001,1.1129350000000002,1.11338,0.7185327561127378,-0.0005711901080873716,-9.175332185630287e-06,46.63832833462269,1.0,3.4104943784492288,1.11761,1.11932,1.112425,1.1143299999999998,-29.43472759415927,0.009973712007123936,-0.0004737116015917156,62.89603919650575,2.0,-12.169974546386438,0.0,0.0
20,524,2016-02-18 01:40:00,1.11389,1.1139,1.113685,1.11372,-1.52641597529005,0.0003023533697259495,5.3956566283100676e-05,58.60795442920214,0,-2.96377338539967,1.1133,1.1139700000000001,1.1129350000000002,1.11338,0.7185327561127378,-0.0005711901080873716,-9.175332185630287e-06,46.63832833462269,1.0,3.4104943784492288,1.11761,1.11932,1.112425,1.1143299999999998,-29.43472759415927,0.009973712007123936,-0.0004737116015917156,62.89603919650575,2.0,-12.169974546386438,0.0,0.0
21,525,2016-02-18 01:45:00,1.11372,1.113775,1.113475,1.11372,0.0,0.00030066482136548167,4.1814414338106295e-05,58.60795442920214,0,1.2557874211646238,1.1133,1.1139700000000001,1.1129350000000002,1.11338,0.7185327561127378,-0.0005711901080873716,-9.175332185630287e-06,46.63832833462269,1.0,3.4104943784492288,1.11761,1.11932,1.112425,1.1143299999999998,-29.43472759415927,0.009973712007123936,-0.0004737116015917156,62.89603919650575,2.0,-12.169974546386438,0.0,0.0
22,526,2016-02-18 01:50:00,1.11371,1.11371,1.113475,1.1134700000000002,-2.155424034774336,0.00027597248494215515,1.369766233182384e-05,54.23656933614604,1,7.718655257258438,1.1133,1.1139700000000001,1.1129350000000002,1.11338,0.7185327561127378,-0.0005711901080873716,-9.175332185630287e-06,46.63832833462269,1.0,3.4104943784492288,1.11761,1.11932,1.112425,1.1143299999999998,-29.43472759415927,0.009973712007123936,-0.0004737116015917156,62.89603919650575,2.0,-12.169974546386438,0.0,0.0
23,527,2016-02-18 01:55:00,1.1134700000000002,1.113475,1.11327,1.11338,-0.8083493506253343,0.00024630216455423515,-1.2778126444876995e-05,52.71230020228592,1,6.731914180203675,1.1133,1.1139700000000001,1.1129350000000002,1.11338,0.7185327561127378,-0.0005711901080873716,-9.175332185630287e-06,46.63832833462269,1.0,3.4104943784492288,1.11761,1.11932,1.112425,1.1143299999999998,-29.43472759415927,0.009973712007123936,-0.0004737116015917156,62.89603919650575,2.0,-12.169974546386438,0.0,0.0
24,528,2016-02-18 02:00:00,1.11339,1.11405,1.113385,1.11386,4.219560806564294,0.0002585399230587981,-4.3229435225120363e-07,59.28452437097185,1,3.679036493531199,1.11339,1.114615,1.113385,1.11403,5.744908126351839,-0.0004755851689468572,6.914368556390744e-05,50.31182986308237,0.0,1.165981168447936,1.11761,1.11932,1.112425,1.1143299999999998,-29.43472759415927,0.009973712007123936,-0.0004737116015917156,62.89603919650575,2.0,-12.169974546386438,0.0,0.0
25,529,2016-02-18 02:05:00,1.11387,1.114385,1.113795,1.11435,4.307443801319479,0.00030426990566989614,3.62381506070774e-05,64.68102030272317,0,0.26896071181013914,1.11339,1.114615,1.113385,1.11403,5.744908126351839,-0.0004755851689468572,6.914368556390744e-05,50.31182986308237,0.0,1.165981168447936,1.11761,1.11932,1.112425,1.1143299999999998,-29.43472759415927,0.009973712007123936,-0.0004737116015917156,62.89603919650575,2.0,-12.169974546386438,0.0,0.0
26,530,2016-02-18 02:10:00,1.11435,1.114385,1.114125,1.11415,-1.7950904276800967,0.00032067636035759683,4.211568423582248e-05,61.12015622746318,0,0.8973261365737513,1.11339,1.114615,1.113385,1.11403,5.744908126351839,-0.0004755851689468572,6.914368556390744e-05,50.31182986308237,0.0,1.165981168447936,1.11761,1.11932,1.112425,1.1143299999999998,-29.43472759415927,0.009973712007123936,-0.0004737116015917156,62.89603919650575,2.0,-12.169974546386438,0.0,0.0
27,531,2016-02-18 02:15:00,1.11414,1.114325,1.114115,1.11427,1.1666831198918173,0.00033944863841361966,4.871036983347628e-05,62.455701047564105,2,-3.4115549058770043,1.11339,1.114615,1.113385,1.11403,5.744908126351839,-0.0004755851689468572,6.914368556390744e-05,50.31182986308237,0.0,1.165981168447936,1.11761,1.11932,1.112425,1.1143299999999998,-29.43472759415927,0.009973712007123936,-0.0004737116015917156,62.89603919650575,2.0,-12.169974546386438,0.0,0.0
28,532,2016-02-18 02:20:00,1.11427,1.114615,1.114195,1.11437,0.8973680195984186,0.00035826511109671166,5.402147401325456e-05,63.57848300241898,2,-5.3863736769984,1.11339,1.114615,1.113385,1.11403,5.744908126351839,-0.0004755851689468572,6.914368556390744e-05,50.31182986308237,0.0,1.165981168447936,1.11761,1.11932,1.112425,1.1143299999999998,-29.43472759415927,0.009973712007123936,-0.0004737116015917156,62.89603919650575,2.0,-12.169974546386438,0.0,0.0
29,533,2016-02-18 02:25:00,1.11436,1.114375,1.1141800000000002,1.1142299999999998,-1.1667250029164846,0.00035775647731717264,4.28102721869724e-05,60.83551142676017,2,-3.2320741570971374,1.11339,1.114615,1.113385,1.11403,5.744908126351839,-0.0004755851689468572,6.914368556390744e-05,50.31182986308237,0.0,1.165981168447936,1.11761,1.11932,1.112425,1.1143299999999998,-29.43472759415927,0.009973712007123936,-0.0004737116015917156,62.89603919650575,2.0,-12.169974546386438,0.0,0.0
30,534,2016-02-18 02:30:00,1.11422,1.11422,1.11378,1.11387,-3.1421979225589385,0.00032456302945793597,7.693459462188643e-06,54.342984220735,0,-0.3592171572999716,1.11339,1.114615,1.113385,1.11403,5.744908126351839,-0.0004755851689468572,6.914368556390744e-05,50.31182986308237,0.0,1.165981168447936,1.11761,1.11932,1.112425,1.1143299999999998,-29.43472759415927,0.009973712007123936,-0.0004737116015917156,62.89603919650575,2.0,-12.169974546386438,0.0,0.0
31,535,2016-02-18 02:35:00,1.11386,1.11393,1.113685,1.11374,-1.0774507515229768,0.00028448767253741464,-2.5905517966666252e-05,52.17745024313265,0,1.2568815877587711,1.11339,1.114615,1.113385,1.11403,5.744908126351839,-0.0004755851689468572,6.914368556390744e-05,50.31182986308237,0.0,1.165981168447936,1.11761,1.11932,1.112425,1.1143299999999998,-29.43472759415927,0.009973712007123936,-0.0004737116015917156,62.89603919650575,2.0,-12.169974546386438,0.0,0.0
32,536,2016-02-18 02:40:00,1.11373,1.113915,1.11368,1.11384,0.9875745169847776,0.0002578247840947512,-4.205472512746375e-05,53.70568649616679,0,1.3464773444660847,1.11339,1.114615,1.113385,1.11403,5.744908126351839,-0.0004755851689468572,6.914368556390744e-05,50.31182986308237,0.0,1.165981168447936,1.11761,1.11932,1.112425,1.1143299999999998,-29.43472759415927,0.009973712007123936,-0.0004737116015917156,62.89603919650575,2.0,-12.169974546386438,0.0,0.0
33,537,2016-02-18 02:45:00,1.11386,1.114025,1.11382,1.11383,-0.26934092276177235,0.00023319916170727598,-5.334427801195122e-05,53.521494529214976,0,2.6928725238351183,1.11339,1.114615,1.113385,1.11403,5.744908126351839,-0.0004755851689468572,6.914368556390744e-05,50.31182986308237,0.0,1.165981168447936,1.11761,1.11932,1.112425,1.1143299999999998,-29.43472759415927,0.009973712007123936,-0.0004737116015917156,62.89603919650575,2.0,-12.169974546386438,0.0,0.0
34,538,2016-02-18 02:50:00,1.11384,1.1139700000000001,1.11383,1.1139,0.5386479935357661,0.0002168320881930086,-5.576908122097488e-05,54.69287936989216,0,2.4234784277492887,1.11339,1.114615,1.113385,1.11403,5.744908126351839,-0.0004755851689468572,6.914368556390744e-05,50.31182986308237,0.0,1.165981168447936,1.11761,1.11932,1.112425,1.1143299999999998,-29.43472759415927,0.009973712007123936,-0.0004737116015917156,62.89603919650575,2.0,-12.169974546386438,0.0,0.0
35,539,2016-02-18 02:55:00,1.11391,1.114085,1.113815,1.11403,1.077170273692091,0.00021190823187078325,-4.855435003456017e-05,56.86701653102433,0,-0.2694907687421464,1.11339,1.114615,1.113385,1.11403,5.744908126351839,-0.0004755851689468572,6.914368556390744e-05,50.31182986308237,0.0,1.165981168447936,1.11761,1.11932,1.112425,1.1143299999999998,-29.43472759415927,0.009973712007123936,-0.0004737116015917156,62.89603919650575,2.0,-12.169974546386438,0.0,0.0
36,540,2016-02-18 03:00:00,1.11403,1.114255,1.114035,1.11415,1.077054256607261,0.00021520825062815163,-3.6203465021753416e-05,58.830894441565675,0,-2.2442916812450093,1.11403,1.11429,1.11353,1.11377,-2.33441374790261,-0.00041600198108526776,0.00010298149874039743,48.862811382921215,1.0,6.102552014854767,1.11761,1.11932,1.112425,1.1143299999999998,-29.43472759415927,0.009973712007123936,-0.0004737116015917156,62.89603919650575,2.0,-12.169974546386438,0.0,0.0
37,541,2016-02-18 03:05:00,1.11416,1.11429,1.11409,1.11419,0.26925389744993666,0.00021853210292399616,-2.6303690180727113e-05,59.492956892039565,2,-3.321582856147325,1.11403,1.11429,1.11353,1.11377,-2.33441374790261,-0.00041600198108526776,0.00010298149874039743,48.862811382921215,1.0,6.102552014854767,1.11761,1.11932,1.112425,1.1143299999999998,-29.43472759415927,0.009973712007123936,-0.0004737116015917156,62.89603919650575,2.0,-12.169974546386438,0.0,0.0
38,542,2016-02-18 03:10:00,1.11418,1.1141900000000002,1.113985,1.114,-1.6157989227993441,0.00020348917121348897,-3.3077297512987454e-05,54.9708745616036,0,-1.705783933347981,1.11403,1.11429,1.11353,1.11377,-2.33441374790261,-0.00041600198108526776,0.00010298149874039743,48.862811382921215,1.0,6.102552014854767,1.11761,1.11932,1.112425,1.1143299999999998,-29.43472759415927,0.009973712007123936,-0.0004737116015917156,62.89603919650575,2.0,-12.169974546386438,0.0,0.0
39,543,2016-02-18 03:15:00,1.114,1.11401,1.11388,1.1139,-0.8977466558956014,0.00018140722561432726,-4.41273944897193e-05,52.70039366500806,0,-0.8080372774523794,1.11403,1.11429,1.11353,1.11377,-2.33441374790261,-0.00041600198108526776,0.00010298149874039743,48.862811382921215,1.0,6.102552014854767,1.11761,1.11932,1.112425,1.1143299999999998,-29.43472759415927,0.009973712007123936,-0.0004737116015917156,62.89603919650575,2.0,-12.169974546386438,0.0,0.0
40,544,2016-02-18 03:20:00,1.1139,1.1139450000000002,1.11378,1.11381,-0.8080372774523794,0.00015485974999562838,-5.653989608673464e-05,50.671873360330345,0,-1.8857419945766367,1.11403,1.11429,1.11353,1.11377,-2.33441374790261,-0.00041600198108526776,0.00010298149874039743,48.862811382921215,1.0,6.102552014854767,1.11761,1.11932,1.112425,1.1143299999999998,-29.43472759415927,0.009973712007123936,-0.0004737116015917156,62.89603919650575,2.0,-12.169974546386438,0.0,0.0
41,545,2016-02-18 03:25:00,1.11381,1.113875,1.11378,1.11381,0.0,0.00013229566226025113,-6.328318705768947e-05,50.671873360330345,0,-2.155143384687581,1.11403,1.11429,1.11353,1.11377,-2.33441374790261,-0.00041600198108526776,0.00010298149874039743,48.862811382921215,1.0,6.102552014854767,1.11761,1.11932,1.112425,1.1143299999999998,-29.43472759415927,0.009973712007123936,-0.0004737116015917156,62.89603919650575,2.0,-12.169974546386438,0.0,0.0
42,546,2016-02-18 03:30:00,1.11383,1.11395,1.113775,1.11383,0.0,0.000114705044664154,-6.469904372302933e-05,51.15641365309068,0,1.8842814012234568,1.11403,1.11429,1.11353,1.11377,-2.33441374790261,-0.00041600198108526776,0.00010298149874039743,48.862811382921215,1.0,6.102552014854767,1.11761,1.11932,1.112425,1.1143299999999998,-29.43472759415927,0.009973712007123936,-0.0004737116015917156,62.89603919650575,2.0,-12.169974546386438,0.0,0.0
43,547,2016-02-18 03:35:00,1.11383,1.113825,1.11358,1.11362,-1.8857419945766367,8.286390501277552e-05,-7.723214669952625e-05,46.042343533703686,1,2.4233792330528097,1.11403,1.11429,1.11353,1.11377,-2.33441374790261,-0.00041600198108526776,0.00010298149874039743,48.862811382921215,1.0,6.102552014854767,1.11761,1.11932,1.112425,1.1143299999999998,-29.43472759415927,0.009973712007123936,-0.0004737116015917156,62.89603919650575,2.0,-12.169974546386438,0.0,0.0
44,548,2016-02-18 03:40:00,1.11361,1.11375,1.11353,1.11358,-0.2694013901109439,5.3781941981023706e-05,-8.505128778502245e-05,45.11714783506086,1,1.6153588933620886,1.11403,1.11429,1.11353,1.11377,-2.33441374790261,-0.00041600198108526776,0.00010298149874039743,48.862811382921215,1.0,6.102552014854767,1.11761,1.11932,1.112425,1.1143299999999998,-29.43472759415927,0.009973712007123936,-0.0004737116015917156,62.89603919650575,2.0,-12.169974546386438,0.0,0.0
45,549,2016-02-18 03:45:00,1.1135700000000002,1.114085,1.113575,1.11402,4.039424785911038,6.548374368553489e-05,-5.867958886440902e-05,55.66963553340846,0,-2.8730157987193663,1.11403,1.11429,1.11353,1.11377,-2.33441374790261,-0.00041600198108526776,0.00010298149874039743,48.862811382921215,1.0,6.102552014854767,1.11761,1.11932,1.112425,1.1143299999999998,-29.43472759415927,0.009973712007123936,-0.0004737116015917156,62.89603919650575,2.0,-12.169974546386438,0.0,0.0
46,550,2016-02-18 03:50:00,1.11403,1.1140599999999998,1.11388,1.11388,-1.3466441627472845,6.273747728657851e-05,-4.914068421069232e-05,52.22861894353571,0,-2.4243601417191094,1.11403,1.11429,1.11353,1.11377,-2.33441374790261,-0.00041600198108526776,0.00010298149874039743,48.862811382921215,1.0,6.102552014854767,1.11761,1.11932,1.112425,1.1143299999999998,-29.43472759415927,0.009973712007123936,-0.0004737116015917156,62.89603919650575,2.0,-12.169974546386438,0.0,0.0
47,551,2016-02-18 03:55:00,1.11389,1.1139700000000001,1.1136750000000002,1.11377,-1.0774217298016648,5.109595828711733e-05,-4.862576256812283e-05,49.63273127002528,0,-1.1673455489386366,1.11403,1.11429,1.11353,1.11377,-2.33441374790261,-0.00041600198108526776,0.00010298149874039743,48.862811382921215,1.0,6.102552014854767,1.11761,1.11932,1.112425,1.1143299999999998,-29.43472759415927,0.009973712007123936,-0.0004737116015917156,62.89603919650575,2.0,-12.169974546386438,0.0,0.0
48,552,2016-02-18 04:00:00,1.11376,1.1138,1.11355,1.11371,-0.4489499061704171,3.660649515890846e-05,-5.049218055706537e-05,48.2247698134758,0,-1.6164405988986248,1.11376,1.113985,1.1135199999999998,1.11376,0.0,-0.00036537695377392165,0.0001228852208413949,48.80459089734267,1.0,-9.264643067643707,1.11761,1.11932,1.112425,1.1143299999999998,-29.43472759415927,0.009973712007123936,-0.0004737116015917156,62.89603919650575,2.0,-12.169974546386438,0.0,0.0
49,553,2016-02-18 04:05:00,1.1137,1.11379,1.11353,1.1136,-0.8979885057470276,1.6062254871496148e-05,-5.682913667558214e-05,45.667057253319776,0,1.7056597392075346,1.11376,1.113985,1.1135199999999998,1.11376,0.0,-0.00036537695377392165,0.0001228852208413949,48.80459089734267,1.0,-9.264643067643707,1.11761,1.11932,1.112425,1.1143299999999998,-29.43472759415927,0.009973712007123936,-0.0004737116015917156,62.89603919650575,2.0,-12.169974546386438,0.0,0.0
50,554,2016-02-18 04:10:00,1.11361,1.113665,1.11361,1.11363,0.1795928629788079,2.176456870062183e-06,-5.657194774161289e-05,46.50044100309393,0,2.064729377238261,1.11376,1.113985,1.1135199999999998,1.11376,0.0,-0.00036537695377392165,0.0001228852208413949,48.80459089734267,1.0,-9.264643067643707,1.11761,1.11932,1.112425,1.1143299999999998,-29.43472759415927,0.009973712007123936,-0.0004737116015917156,62.89603919650575,2.0,-12.169974546386438,0.0,0.0
51,555,2016-02-18 04:15:00,1.11363,1.1136400000000002,1.1135199999999998,1.11353,-0.898044956130405,-1.670474050285975e-05,-6.036251609162786e-05,44.073693052230475,0,2.2444996292073416,1.11376,1.113985,1.1135199999999998,1.11376,0.0,-0.00036537695377392165,0.0001228852208413949,48.80459089734267,1.0,-9.264643067643707,1.11761,1.11932,1.112425,1.1143299999999998,-29.43472759415927,0.009973712007123936,-0.0004737116015917156,62.89603919650575,2.0,-12.169974546386438,0.0,0.0
52,556,2016-02-18 04:20:00,1.11354,1.1138400000000002,1.11354,1.11381,2.4241118323591317,-8.97115165843232e-06,-4.210314179776035e-05,51.67793308211688,0,-4.836371859279209e-05,1.11376,1.113985,1.1135199999999998,1.11376,0.0,-0.00036537695377392165,0.0001228852208413949,48.80459089734267,1.0,-9.264643067643707,1.11761,1.11932,1.112425,1.1143299999999998,-29.43472759415927,0.009973712007123936,-0.0004737116015917156,62.89603919650575,2.0,-12.169974546386438,0.0,0.0
53,557,2016-02-18 04:25:00,1.11381,1.1139700000000001,1.11381,1.11387,0.5386625010095342,1.976488053445636e-06,-2.492440166870592e-05,53.14802825048171,0,0.08972871978366083,1.11376,1.113985,1.1135199999999998,1.11376,0.0,-0.00036537695377392165,0.0001228852208413949,48.80459089734267,1.0,-9.264643067643707,1.11761,1.11932,1.112425,1.1143299999999998,-29.43472759415927,0.009973712007123936,-0.0004737116015917156,62.89603919650575,2.0,-12.169974546386438,0.0,0.0
54,558,2016-02-18 04:30:00,1.11386,1.1139549999999998,1.11375,1.11378,-0.7182747041613246,3.3516873942929237e-06,-1.8839361862286904e-05,50.6584390364926,0,0.8080034239449854,1.11376,1.113985,1.1135199999999998,1.11376,0.0,-0.00036537695377392165,0.0001228852208413949,48.80459089734267,1.0,-9.264643067643707,1.11761,1.11932,1.112425,1.1143299999999998,-29.43472759415927,0.009973712007123936,-0.0004737116015917156,62.89603919650575,2.0,-12.169974546386438,0.0,0.0
55,559,2016-02-18 04:35:00,1.11379,1.11388,1.11378,1.11381,0.1795638394331976,6.7840893005488576e-06,-1.2325567964824775e-05,51.4744101573086,0,0.8079905276042926,1.11376,1.113985,1.1135199999999998,1.11376,0.0,-0.00036537695377392165,0.0001228852208413949,48.80459089734267,1.0,-9.264643067643707,1.11761,1.11932,1.112425,1.1143299999999998,-29.43472759415927,0.009973712007123936,-0.0004737116015917156,62.89603919650575,2.0,-12.169974546386438,0.0,0.0
56,560,2016-02-18 04:40:00,1.1138,1.113985,1.113795,1.11387,0.6284395845117877,1.4182306300458691e-05,-3.9418807719319575e-06,53.143376478303395,0,-0.8978804604405539,1.11376,1.113985,1.1135199999999998,1.11376,0.0,-0.00036537695377392165,0.0001228852208413949,48.80459089734267,1.0,-9.264643067643707,1.11761,1.11932,1.112425,1.1143299999999998,-29.43472759415927,0.009973712007123936,-0.0004737116015917156,62.89603919650575,2.0,-12.169974546386438,0.0,0.0
57,561,2016-02-18 04:45:00,1.11387,1.1139,1.1138,1.11387,0.0,1.9817008436673333e-05,1.3542570914261484e-06,53.143376478303395,0,1.2564987641626182,1.11376,1.113985,1.1135199999999998,1.11376,0.0,-0.00036537695377392165,0.0001228852208413949,48.80459089734267,1.0,-9.264643067643707,1.11761,1.11932,1.112425,1.1143299999999998,-29.43472759415927,0.009973712007123936,-0.0004737116015917156,62.89603919650575,2.0,-12.169974546386438,0.0,0.0
58,562,2016-02-18 04:50:00,1.11387,1.1139,1.1137450000000002,1.11389,0.17955094309250486,2.5601267849006962e-05,5.7108132030078174e-06,53.75821273984926,0,-1.4371039324815054,1.11376,1.113985,1.1135199999999998,1.11376,0.0,-0.00036537695377392165,0.0001228852208413949,48.80459089734267,1.0,-9.264643067643707,1.11761,1.11932,1.112425,1.1143299999999998,-29.43472759415927,0.009973712007123936,-0.0004737116015917156,62.89603919650575,2.0,-12.169974546386438,0.0,0.0
59,563,2016-02-18 04:55:00,1.11388,1.113885,1.1137199999999998,1.11376,-1.0774314035330588,1.947097231336237e-05,-3.355858661094197e-07,49.23582550247393,0,0.8971840726911138,1.11376,1.113985,1.1135199999999998,1.11376,0.0,-0.00036537695377392165,0.0001228852208413949,48.80459089734267,1.0,-9.264643067643707,1.11761,1.11932,1.112425,1.1143299999999998,-29.43472759415927,0.009973712007123936,-0.0004737116015917156,62.89603919650575,2.0,-12.169974546386438,0.012341234123251086,-0.07481748174799902
60,564,2016-02-18 05:00:00,1.11377,1.114055,1.1137,1.11401,2.154379224603172,3.438916273634796e-05,1.1666083645500936e-05,56.76784077292656,2,-3.9512090530234913,1.11377,1.1143299999999998,1.113135,1.11416,3.5003949163505466,-0.0002896407989998462,0.0001588971004923762,51.30398898904017,2.0,-6.8373024687743005,1.11761,1.11932,1.112425,1.1143299999999998,-29.43472759415927,0.009973712007123936,-0.0004737116015917156,62.89603919650575,2.0,-12.169974546386438,-0.28743874387447754,0.21112111211133092
61,565,2016-02-18 05:05:00,1.11402,1.11417,1.11368,1.11374,-2.5140517535516187,2.4146842837025065e-05,1.1390109969424318e-06,48.41322771453421,2,-4.581133441185003,1.11377,1.1143299999999998,1.113135,1.11416,3.5003949163505466,-0.0002896407989998462,0.0001588971004923762,51.30398898904017,2.0,-6.8373024687743005,1.11761,1.11932,1.112425,1.1143299999999998,-29.43472759415927,0.009973712007123936,-0.0004737116015917156,62.89603919650575,2.0,-12.169974546386438,-0.42212221222119606,0.37769776977697617
62,566,2016-02-18 05:10:00,1.11375,1.113915,1.1137299999999999,1.11389,1.2568566016395604,2.7812867498866467e-05,3.844028527027067e-06,52.58792602725213,2,-4.4009374377162,1.11377,1.1143299999999998,1.113135,1.11416,3.5003949163505466,-0.0002896407989998462,0.0001588971004923762,51.30398898904017,2.0,-6.8373024687743005,1.11761,1.11932,1.112425,1.1143299999999998,-29.43472759415927,0.009973712007123936,-0.0004737116015917156,62.89603919650575,2.0,-12.169974546386438,-0.5079607960795733,0.4562156215621272
63,567,2016-02-18 05:15:00,1.11388,1.113915,1.11358,1.11358,-2.694013901111433,5.638808558749986e-06,-1.4664024330471537e-05,44.56182177785075,2,-0.1802745311716616,1.11377,1.1143299999999998,1.113135,1.11416,3.5003949163505466,-0.0002896407989998462,0.0001588971004923762,51.30398898904017,2.0,-6.8373024687743005,1.11761,1.11932,1.112425,1.1143299999999998,-29.43472759415927,0.009973712007123936,-0.0004737116015917156,62.89603919650575,2.0,-12.169974546386438,-0.5045804580457878,0.45737573757375066
64,568,2016-02-18 05:20:00,1.11359,1.113645,1.113135,1.11324,-3.14397614171313,-3.8920796691099824e-05,-4.737890366425708e-05,37.755653914094424,0,2.2452333847980332,1.11377,1.1143299999999998,1.113135,1.11416,3.5003949163505466,-0.0002896407989998462,0.0001588971004923762,51.30398898904017,2.0,-6.8373024687743005,1.11761,1.11932,1.112425,1.1143299999999998,-29.43472759415927,0.009973712007123936,-0.0004737116015917156,62.89603919650575,2.0,-12.169974546386438,0.013361336133639073,-0.0578157815781889
65,569,2016-02-18 05:25:00,1.11323,1.11341,1.11322,1.11339,1.4370526051083627,-6.142281451726461e-05,-5.590473719233749e-05,41.96691712326075,1,5.296631994712921,1.11377,1.1143299999999998,1.113135,1.11416,3.5003949163505466,-0.0002896407989998462,0.0001588971004923762,51.30398898904017,2.0,-6.8373024687743005,1.11761,1.11932,1.112425,1.1143299999999998,-29.43472759415927,0.009973712007123936,-0.0004737116015917156,62.89603919650575,2.0,-12.169974546386438,0.6453845384538145,-0.7203820382037998
66,570,2016-02-18 05:30:00,1.11338,1.11356,1.11335,1.11355,1.5266490054331057,-6.558909270570898e-05,-4.80568123046255e-05,46.15192309649908,1,6.7315100603290166,1.11377,1.1143299999999998,1.113135,1.11416,3.5003949163505466,-0.0002896407989998462,0.0001588971004923762,51.30398898904017,2.0,-6.8373024687743005,1.11761,1.11932,1.112425,1.1143299999999998,-29.43472759415927,0.009973712007123936,-0.0004737116015917156,62.89603919650575,2.0,-12.169974546386438,1.133713371337009,-1.2100310031002144
67,571,2016-02-18 05:35:00,1.11356,1.113675,1.11348,1.11348,-0.718468225743435,-7.368986230948947e-05,-4.492606552672478e-05,44.635354127317676,1,6.01386727469183,1.11377,1.1143299999999998,1.113135,1.11416,3.5003949163505466,-0.0002896407989998462,0.0001588971004923762,51.30398898904017,2.0,-6.8373024687743005,1.11761,1.11932,1.112425,1.1143299999999998,-29.43472759415927,0.009973712007123936,-0.0004737116015917156,62.89603919650575,2.0,-12.169974546386438,1.6392439243922832,-1.71477147714757
68,572,2016-02-18 05:40:00,1.1134700000000002,1.11399,1.113475,1.11397,4.48845121502325,-4.010852952274213e-05,-9.075786191981942e-06,55.62722618518226,0,1.7946772070798522,1.11377,1.1143299999999998,1.113135,1.11416,3.5003949163505466,-0.0002896407989998462,0.0001588971004923762,51.30398898904017,2.0,-6.8373024687743005,1.11761,1.11932,1.112425,1.1143299999999998,-29.43472759415927,0.009973712007123936,-0.0004737116015917156,62.89603919650575,2.0,-12.169974546386438,1.9369136913690508,-2.0114411441143383
69,573,2016-02-18 05:45:00,1.11396,1.1143299999999998,1.113935,1.11429,2.961527071049201,1.218577427897216e-05,3.457481408778588e-05,61.06386585179944,0,2.6910363732451708,1.11377,1.1143299999999998,1.113135,1.11416,3.5003949163505466,-0.0002896407989998462,0.0001588971004923762,51.30398898904017,2.0,-6.8373024687743005,1.11761,1.11932,1.112425,1.1143299999999998,-29.43472759415927,0.009973712007123936,-0.0004737116015917156,62.89603919650575,2.0,-12.169974546386438,1.728902890289005,-1.7801280128012837
70,574,2016-02-18 05:50:00,1.11428,1.1143299999999998,1.113995,1.11412,-1.436111011380623,3.945697213758592e-05,4.947680955711972e-05,57.06387620932892,1,1.7939067826503745,1.11377,1.1143299999999998,1.113135,1.11416,3.5003949163505466,-0.0002896407989998462,0.0001588971004923762,51.30398898904017,2.0,-6.8373024687743005,1.11761,1.11932,1.112425,1.1143299999999998,-29.43472759415927,0.009973712007123936,-0.0004737116015917156,62.89603919650575,2.0,-12.169974546386438,1.5506750675067298,-1.5454345434543282
71,575,2016-02-18 05:55:00,1.1141299999999998,1.114225,1.11404,1.11416,0.2692611474112739,6.356452633293763e-05,5.886749100197714e-05,57.76491761653759,1,1.973325618726632,1.11377,1.1143299999999998,1.113135,1.11416,3.5003949163505466,-0.0002896407989998462,0.0001588971004923762,51.30398898904017,2.0,-6.8373024687743005,1.11761,1.11932,1.112425,1.1143299999999998,-29.43472759415927,0.009973712007123936,-0.0004737116015917156,62.89603919650575,2.0,-12.169974546386438,1.5444444444443775,-1.5445644564455938
72,576,2016-02-18 06:00:00,1.11417,1.114625,1.11416,1.1146,3.85788623721452,0.0001168275442771094,8.970440715691912e-05,64.61000115939821,0,0.08922393395744166,1.11417,1.114975,1.11412,1.11446,2.6021570985042213,-0.00020307098202287927,0.0001963735339754745,53.1513322805634,2.0,-6.386682437966412,1.11761,1.11932,1.112425,1.1143299999999998,-29.43472759415927,0.009973712007123936,-0.0004737116015917156,62.89603919650575,2.0,-12.169974546386438,1.300140014001262,-1.2874487448743615
73,577,2016-02-18 06:05:00,1.11459,1.114665,1.11428,1.1143299999999998,-2.3332406019754197,0.00013568799942675902,8.685188984525499e-05,58.35952729099,0,0.7175417958516128,1.11417,1.114975,1.11412,1.11446,2.6021570985042213,-0.00020307098202287927,0.0001963735339754745,53.1513322805634,2.0,-6.386682437966412,1.11761,1.11932,1.112425,1.1143299999999998,-29.43472759415927,0.009973712007123936,-0.0004737116015917156,62.89603919650575,2.0,-12.169974546386438,0.9976597659765597,-1.0162016201619746
74,578,2016-02-18 06:10:00,1.1143299999999998,1.114415,1.11412,1.11438,0.44867998348753096,0.00015290701130288298,8.325672137710316e-05,59.147698643269116,0,0.6277735918470511,1.11417,1.114975,1.11412,1.11446,2.6021570985042213,-0.00020307098202287927,0.0001963735339754745,53.1513322805634,2.0,-6.386682437966412,1.11761,1.11932,1.112425,1.1143299999999998,-29.43472759415927,0.009973712007123936,-0.0004737116015917156,62.89603919650575,2.0,-12.169974546386438,0.9724172417243173,-1.0141614161417518
75,579,2016-02-18 06:15:00,1.11439,1.11463,1.1141900000000002,1.11461,1.9737845524453304,0.00018300273842730697,9.068195880122172e-05,62.64988648183737,0,1.2553991831083129,1.11417,1.114975,1.11412,1.11446,2.6021570985042213,-0.00020307098202287927,0.0001963735339754745,53.1513322805634,2.0,-6.386682437966412,1.11761,1.11932,1.112425,1.1143299999999998,-29.43472759415927,0.009973712007123936,-0.0004737116015917156,62.89603919650575,2.0,-12.169974546386438,0.7978297829784051,-0.8316931693170303
76,580,2016-02-18 06:20:00,1.11461,1.114625,1.1143649999999998,1.11442,-1.7049227400812486,0.00018933981536628508,7.761522859215986e-05,58.21038857704568,1,4.0366516388582125,1.11417,1.114975,1.11412,1.11446,2.6021570985042213,-0.00020307098202287927,0.0001963735339754745,53.1513322805634,2.0,-6.386682437966412,1.11761,1.11932,1.112425,1.1143299999999998,-29.43472759415927,0.009973712007123936,-0.0004737116015917156,62.89603919650575,2.0,-12.169974546386438,0.6527952795280013,-0.719301930193071
77,581,2016-02-18 06:25:00,1.11444,1.11453,1.11434,1.11448,0.3589117794829693,0.00019693336777848458,6.816702480348747e-05,59.1937708248501,1,2.2424275892500307,1.11417,1.114975,1.11412,1.11446,2.6021570985042213,-0.00020307098202287927,0.0001963735339754745,53.1513322805634,2.0,-6.386682437966412,1.11761,1.11932,1.112425,1.1143299999999998,-29.43472759415927,0.009973712007123936,-0.0004737116015917156,62.89603919650575,2.0,-12.169974546386438,0.6753675367538147,-0.7450845084510015
78,582,2016-02-18 06:30:00,1.11449,1.114785,1.114405,1.11478,2.6014101437065915,0.0002245701012320023,7.664300660560413e-05,63.782825991874866,0,-1.4355923103343835,1.11417,1.114975,1.11412,1.11446,2.6021570985042213,-0.00020307098202287927,0.0001963735339754745,53.1513322805634,2.0,-6.386682437966412,1.11761,1.11932,1.112425,1.1143299999999998,-29.43472759415927,0.009973712007123936,-0.0004737116015917156,62.89603919650575,2.0,-12.169974546386438,0.4731473147316086,-0.5314031403141761
79,583,2016-02-18 06:35:00,1.11478,1.114975,1.11449,1.1149,1.0763297156686515,0.0002532362587672754,8.42473313127018e-05,65.4562682858314,0,-2.960529548254915,1.11417,1.114975,1.11412,1.11446,2.6021570985042213,-0.00020307098202287927,0.0001963735339754745,53.1513322805634,2.0,-6.386682437966412,1.11761,1.11932,1.112425,1.1143299999999998,-29.43472759415927,0.009973712007123936,-0.0004737116015917156,62.89603919650575,2.0,-12.169974546386438,-0.0397739773976663,-0.03744374437451656
80,584,2016-02-18 06:40:00,1.1149,1.11495,1.1145450000000001,1.11474,-1.4353122701252128,0.00026004608294694087,7.284572439389379e-05,61.383662282813894,0,-2.4225128293382605,1.11417,1.114975,1.11412,1.11446,2.6021570985042213,-0.00020307098202287927,0.0001963735339754745,53.1513322805634,2.0,-6.386682437966412,1.11761,1.11932,1.112425,1.1143299999999998,-29.43472759415927,0.009973712007123936,-0.0004737116015917156,62.89603919650575,2.0,-12.169974546386438,-0.5168516851684742,0.4440844084407915
81,585,2016-02-18 06:45:00,1.11473,1.11473,1.1145,1.11461,-1.0766097558778225,0.00025204755678642776,5.187775858670453e-05,58.21438995524024,2,-4.038490380603575,1.11417,1.114975,1.11412,1.11446,2.6021570985042213,-0.00020307098202287927,0.0001963735339754745,53.1513322805634,2.0,-6.386682437966412,1.11761,1.11932,1.112425,1.1143299999999998,-29.43472759415927,0.009973712007123936,-0.0004737116015917156,62.89603919650575,2.0,-12.169974546386438,-0.798939893989461,0.753355335533615
82,586,2016-02-18 06:50:00,1.11461,1.1148,1.11456,1.11456,-0.44860752225187983,0.0002389199644181605,3.100013297474983e-05,56.99551602516672,2,-0.7186401486155094,1.11417,1.114975,1.11412,1.11446,2.6021570985042213,-0.00020307098202287927,0.0001963735339754745,53.1513322805634,2.0,-6.386682437966412,1.11761,1.11932,1.112425,1.1143299999999998,-29.43472759415927,0.009973712007123936,-0.0004737116015917156,62.89603919650575,2.0,-12.169974546386438,-0.9921392139214976,0.9548254825483575
83,587,2016-02-18 06:55:00,1.11456,1.11476,1.114325,1.11446,-0.8972955512085583,0.0002179348710877882,8.012031715501973e-06,54.53612603452362,2,-3.770827125434777,1.11417,1.114975,1.11412,1.11446,2.6021570985042213,-0.00020307098202287927,0.0001963735339754745,53.1513322805634,2.0,-6.386682437966412,1.11761,1.11932,1.112425,1.1143299999999998,-29.43472759415927,0.009973712007123936,-0.0004737116015917156,62.89603919650575,2.0,-12.169974546386438,-1.143954395439625,1.1354435443545177
84,588,2016-02-18 07:00:00,1.11447,1.114865,1.11405,1.11417,-2.6925873071431368,0.00017587606724100982,-2.723741770502115e-05,48.0595023740109,0,-1.7066004254676477,1.11447,1.114865,1.1127,1.11276,-15.367195082498474,-0.00026854396322861795,0.00010472044221578875,43.15954035008328,1.0,-1.3558227201177269,1.11761,1.11932,1.112425,1.1143299999999998,-29.43472759415927,0.009973712007123936,-0.0004737116015917156,62.89603919650575,2.0,-12.169974546386438,-1.0759575957597303,1.0569256925694248
85,589,2016-02-18 07:05:00,1.11418,1.114555,1.11405,1.1145,2.8712427097361863,0.00016724451360339287,-2.8695177074110466e-05,54.658273371674326,2,-3.590525676737995,1.11447,1.114865,1.1127,1.11276,-15.367195082498474,-0.00026854396322861795,0.00010472044221578875,43.15954035008328,1.0,-1.3558227201177269,1.11761,1.11932,1.112425,1.1143299999999998,-29.43472759415927,0.009973712007123936,-0.0004737116015917156,62.89603919650575,2.0,-12.169974546386438,-1.1238623862389092,1.0858785878590813
86,590,2016-02-18 07:10:00,1.11451,1.114525,1.11363,1.11407,-3.9494825280278256,0.00012427398566949854,-5.733256400640384e-05,46.38829198655242,1,4.127293848282921,1.11447,1.114865,1.1127,1.11276,-15.367195082498474,-0.00026854396322861795,0.00010472044221578875,43.15954035008328,1.0,-1.3558227201177269,1.11761,1.11932,1.112425,1.1143299999999998,-29.43472759415927,0.009973712007123936,-0.0004737116015917156,62.89603919650575,2.0,-12.169974546386438,-1.1834783478350397,1.1450245024505246
87,591,2016-02-18 07:15:00,1.11408,1.11436,1.11382,1.11401,-0.6283606071760083,8.440506508700096e-05,-7.776118767112116e-05,45.35704926760461,1,3.589128370141334,1.11447,1.114865,1.1127,1.11276,-15.367195082498474,-0.00026854396322861795,0.00010472044221578875,43.15954035008328,1.0,-1.3558227201177269,1.11761,1.11932,1.112425,1.1143299999999998,-29.43472759415927,0.009973712007123936,-0.0004737116015917156,62.89603919650575,2.0,-12.169974546386438,-0.9608060806082395,0.897929792979491
88,592,2016-02-18 07:20:00,1.11402,1.1141549999999998,1.113775,1.1141299999999998,0.9873174584658388,6.177949978636299e-05,-8.03094023774073e-05,47.85388049734222,1,-1.2582224821011474,1.11447,1.114865,1.1127,1.11276,-15.367195082498474,-0.00026854396322861795,0.00010472044221578875,43.15954035008328,1.0,-1.3558227201177269,1.11761,1.11932,1.112425,1.1143299999999998,-29.43472759415927,0.009973712007123936,-0.0004737116015917156,62.89603919650575,2.0,-12.169974546386438,-0.8461846184619113,0.7740974097410446
89,593,2016-02-18 07:25:00,1.1141299999999998,1.11455,1.113865,1.11455,3.7683369969930913,7.685315090655287e-05,-5.218860100577395e-05,55.515438383720344,2,-6.9120813646165145,1.11447,1.114865,1.1127,1.11276,-15.367195082498474,-0.00026854396322861795,0.00010472044221578875,43.15954035008328,1.0,-1.3558227201177269,1.11761,1.11932,1.112425,1.1143299999999998,-29.43472759415927,0.009973712007123936,-0.0004737116015917156,62.89603919650575,2.0,-12.169974546386438,-1.3009000900089545,1.1652565256525076
90,594,2016-02-18 07:30:00,1.11455,1.1146,1.114205,1.11442,-1.1665260853175956,7.741680177386634e-05,-4.1299960110768394e-05,52.92351296346346,2,-8.9788946002989,1.11447,1.114865,1.1127,1.11276,-15.367195082498474,-0.00026854396322861795,0.00010472044221578875,43.15954035008328,1.0,-1.3558227201177269,1.11761,1.11932,1.112425,1.1143299999999998,-29.43472759415927,0.009973712007123936,-0.0004737116015917156,62.89603919650575,2.0,-12.169974546386438,-2.003820382038132,1.9177317731772408
91,595,2016-02-18 07:35:00,1.11441,1.114425,1.11371,1.11398,-3.8600333937766433,4.187645072373236e-05,-6.14722489287219e-05,45.226901395440215,2,-5.478134038311079,1.11447,1.114865,1.1127,1.11276,-15.367195082498474,-0.00026854396322861795,0.00010472044221578875,43.15954035008328,1.0,-1.3558227201177269,1.11761,1.11932,1.112425,1.1143299999999998,-29.43472759415927,0.009973712007123936,-0.0004737116015917156,62.89603919650575,2.0,-12.169974546386438,-2.4342034203419685,2.3479247924791875
92,596,2016-02-18 07:40:00,1.11396,1.114035,1.113375,1.11375,-1.885521885522276,-4.7933565174851375e-06,-8.651364493595153e-05,41.80447933440574,2,-9.074477065258687,1.11447,1.114865,1.1127,1.11276,-15.367195082498474,-0.00026854396322861795,0.00010472044221578875,43.15954035008328,1.0,-1.3558227201177269,1.11761,1.11932,1.112425,1.1143299999999998,-29.43472759415927,0.009973712007123936,-0.0004737116015917156,62.89603919650575,2.0,-12.169974546386438,-2.4949194919491617,2.3895989598959964
93,597,2016-02-18 07:45:00,1.11376,1.113895,1.11329,1.1134,-3.2333393209999817,-6.922362308547925e-05,-0.00012075512920315647,37.1922199255848,2,-6.380371493101145,1.11447,1.114865,1.1127,1.11276,-15.367195082498474,-0.00026854396322861795,0.00010472044221578875,43.15954035008328,1.0,-1.3558227201177269,1.11761,1.11932,1.112425,1.1143299999999998,-29.43472759415927,0.009973712007123936,-0.0004737116015917156,62.89603919650575,2.0,-12.169974546386438,-2.2785578557855968,2.1437643764376557
94,598,2016-02-18 07:50:00,1.1134,1.113575,1.113175,1.11336,-0.3592728317888195,-0.00012210518665778378,-0.00013890935422036885,36.693953025712105,2,1.7285419373023228,1.11447,1.114865,1.1127,1.11276,-15.367195082498474,-0.00026854396322861795,0.00010472044221578875,43.15954035008328,1.0,-1.3558227201177269,1.11761,1.11932,1.112425,1.1143299999999998,-29.43472759415927,0.009973712007123936,-0.0004737116015917156,62.89603919650575,2.0,-12.169974546386438,-1.8940494049404342,1.7693069306930154
95,599,2016-02-18 07:55:00,1.11337,1.11341,1.1127,1.11276,-5.48186491246989,-0.00021000834687345807,-0.00018145001154883453,30.16567148086084,1,1.4621448008762927,1.11447,1.114865,1.1127,1.11276,-15.367195082498474,-0.00026854396322861795,0.00010472044221578875,43.15954035008328,1.0,-1.3558227201177269,1.11761,1.11932,1.112425,1.1143299999999998,-29.43472759415927,0.009973712007123936,-0.0004737116015917156,62.89603919650575,2.0,-12.169974546386438,-1.1168916891688134,1.0057405740573055
96,600,2016-02-18 08:00:00,1.11275,1.113155,1.1124900000000002,1.11269,-0.5392337488424358,-0.00028206913226314084,-0.00020280863755081367,29.50612110986949,1,0.5640935810251486,1.11275,1.1141549999999998,1.11242,1.11341,5.927735515219954,-0.00026492827655810736,8.666890310903951e-05,47.2432632892816,1.0,-32.694686867912985,1.11761,1.11932,1.112425,1.1143299999999998,-29.43472759415927,0.009973712007123936,-0.0004737116015917156,62.89603919650575,2.0,-12.169974546386438,0.13256325632576077,-0.2236023602361399
97,601,2016-02-18 08:05:00,1.11269,1.114015,1.11242,1.11401,7.749640598614647,-0.00023001340420902847,-0.00012060232759736115,51.18195899758285,2,-2.8755118189683886,1.11275,1.1141549999999998,1.11242,1.11341,5.927735515219954,-0.00026492827655810736,8.666890310903951e-05,47.2432632892816,1.0,-32.694686867912985,1.11761,1.11932,1.112425,1.1143299999999998,-29.43472759415927,0.009973712007123936,-0.0004737116015917156,62.89603919650575,2.0,-12.169974546386438,0.3447844784480225,-0.4416441644166079
98,602,2016-02-18 08:10:00,1.11402,1.1141549999999998,1.113375,1.11338,-5.748262048895921,-0.00023686417676871407,-0.0001019624801256374,44.196934472510364,0,2.7829562173936933,1.11275,1.1141549999999998,1.11242,1.11341,5.927735515219954,-0.00026492827655810736,8.666890310903951e-05,47.2432632892816,1.0,-32.694686867912985,1.11761,1.11932,1.112425,1.1143299999999998,-29.43472759415927,0.009973712007123936,-0.0004737116015917156,62.89603919650575,2.0,-12.169974546386438,0.0131913191320893,-0.08029802980314231
99,603,2016-02-18 08:15:00,1.11337,1.113435,1.1130200000000001,1.11321,-1.4372849686935796,-0.0002530935378706189,-9.45534729820338e-05,42.510982389406536,1,4.489615967220034,1.11275,1.1141549999999998,1.11242,1.11341,5.927735515219954,-0.00026492827655810736,8.666890310903951e-05,47.2432632892816,1.0,-32.694686867912985,1.11761,1.11932,1.112425,1.1143299999999998,-29.43472759415927,0.009973712007123936,-0.0004737116015917156,62.89603919650575,2.0,-12.169974546386438,0.3126312631264257,-0.40790079007910807
100,604,2016-02-18 08:20:00,1.1132,1.1137549999999998,1.11314,1.11368,4.3100351986211125,-0.00022543171494060488,-5.351332004161576e-05,48.374411939679796,0,-0.3591929823434733,1.11275,1.1141549999999998,1.11242,1.11341,5.927735515219954,-0.00026492827655810736,8.666890310903951e-05,47.2432632892816,1.0,-32.694686867912985,1.11761,1.11932,1.112425,1.1143299999999998,-29.43472759415927,0.009973712007123936,-0.0004737116015917156,62.89603919650575,2.0,-12.169974546386438,0.40470047004708726,-0.4922192219222661
101,605,2016-02-18 08:25:00,1.1136700000000002,1.11385,1.113425,1.11366,-0.08979401253383858,-0.00020278576575094576,-2.4693896681565288e-05,48.1493644338752,0,-0.5387955215335436,1.11275,1.1141549999999998,1.11242,1.11341,5.927735515219954,-0.00026492827655810736,8.666890310903951e-05,47.2432632892816,1.0,-32.694686867912985,1.11761,1.11932,1.112425,1.1143299999999998,-29.43472759415927,0.009973712007123936,-0.0004737116015917156,62.89603919650575,2.0,-12.169974546386438,0.17459745974598825,-0.28266826682668394
102,606,2016-02-18 08:30:00,1.11366,1.113995,1.113325,1.11369,0.26937478113276125,-0.00018033910167636336,-1.797786085586296e-06,48.5361203543449,0,-2.51463961765281,1.11275,1.1141549999999998,1.11242,1.11341,5.927735515219954,-0.00026492827655810736,8.666890310903951e-05,47.2432632892816,1.0,-32.694686867912985,1.11761,1.11932,1.112425,1.1143299999999998,-29.43472759415927,0.009973712007123936,-0.0004737116015917156,62.89603919650575,2.0,-12.169974546386438,-0.05924592459257532,-0.05373537353723612
103,607,2016-02-18 08:35:00,1.1137,1.11378,1.113435,1.11364,-0.538773750942396,-0.00016468614148501537,1.1084139284609365e-05,47.89490249069105,0,-0.8982119193547253,1.11275,1.1141549999999998,1.11242,1.11341,5.927735515219954,-0.00026492827655810736,8.666890310903951e-05,47.2432632892816,1.0,-32.694686867912985,1.11761,1.11932,1.112425,1.1143299999999998,-29.43472759415927,0.009973712007123936,-0.0004737116015917156,62.89603919650575,2.0,-12.169974546386438,-0.286028602860434,0.16457645764590842
104,608,2016-02-18 08:40:00,1.11363,1.113815,1.1134600000000001,1.1136,-0.2693965517239089,-0.00015373654428096906,1.7626989190924563e-05,47.35590178287552,0,-1.6167712868344748,1.11275,1.1141549999999998,1.11242,1.11341,5.927735515219954,-0.00026492827655810736,8.666890310903951e-05,47.2432632892816,1.0,-32.694686867912985,1.11761,1.11932,1.112425,1.1143299999999998,-29.43472759415927,0.009973712007123936,-0.0004737116015917156,62.89603919650575,2.0,-12.169974546386438,-0.4370637063707095,0.3308630863086972
105,609,2016-02-18 08:45:00,1.1136,1.113715,1.11335,1.11341,-1.7064693149865051,-0.00015856251177903682,1.0240817354285447e-05,44.77813099630744,0,-1.7967723857040363,1.11275,1.1141549999999998,1.11242,1.11341,5.927735515219954,-0.00026492827655810736,8.666890310903951e-05,47.2432632892816,1.0,-32.694686867912985,1.11761,1.11932,1.112425,1.1143299999999998,-29.43472759415927,0.009973712007123936,-0.0004737116015917156,62.89603919650575,2.0,-12.169974546386438,-0.44635463546358917,0.33557355735577243
106,610,2016-02-18 08:50:00,1.11341,1.1137549999999998,1.1133099999999998,1.11353,1.0776539473556883,-0.00015096391068158965,1.4271534761386078e-05,46.749667570935145,2,-4.401788578461948,1.11275,1.1141549999999998,1.11242,1.11341,5.927735515219954,-0.00026492827655810736,8.666890310903951e-05,47.2432632892816,1.0,-32.694686867912985,1.11761,1.11932,1.112425,1.1143299999999998,-29.43472759415927,0.009973712007123936,-0.0004737116015917156,62.89603919650575,2.0,-12.169974546386438,-0.4208220822082228,0.31913191319131506
107,611,2016-02-18 08:55:00,1.11352,1.113685,1.1131950000000002,1.11341,-0.987955919203658,-0.00015286285385962548,9.898073266680203e-06,45.01876740246744,2,-1.7070720908159818,1.11275,1.1141549999999998,1.11242,1.11341,5.927735515219954,-0.00026492827655810736,8.666890310903951e-05,47.2432632892816,1.0,-32.694686867912985,1.11761,1.11932,1.112425,1.1143299999999998,-29.43472759415927,0.009973712007123936,-0.0004737116015917156,62.89603919650575,2.0,-12.169974546386438,-0.40609060906086314,0.36168616861681985
108,612,2016-02-18 09:00:00,1.1134,1.1135450000000002,1.1129850000000001,1.11319,-1.8864704138560668,-0.00017015846057910622,-5.9180267622404195e-06,41.95205630871283,1,3.501955794304287,1.1134,1.114195,1.11293,1.11374,3.0527771293121098,-0.0002327515616276088,9.507649443163044e-05,49.237280203670146,2.0,-46.57231786169874,1.11761,1.11932,1.112425,1.1143299999999998,-29.43472759415927,0.009973712007123936,-0.0004737116015917156,62.89603919650575,2.0,-12.169974546386438,-0.17276727672758688,0.12643264326422887
109,613,2016-02-18 09:05:00,1.1132,1.113305,1.112935,1.11303,-1.5273622454022218,-0.0001945335546120752,-2.423449663616753e-05,39.82714677974442,1,5.747650789395201,1.1134,1.114195,1.11293,1.11374,3.0527771293121098,-0.0002327515616276088,9.507649443163044e-05,49.237280203670146,2.0,-46.57231786169874,1.11761,1.11932,1.112425,1.1143299999999998,-29.43472759415927,0.009973712007123936,-0.0004737116015917156,62.89603919650575,2.0,-12.169974546386438,0.35246524652483635,-0.4144114411443046
110,614,2016-02-18 09:10:00,1.11303,1.113305,1.11293,1.11322,1.7067605684423068,-0.00019625724874483552,-2.0766552615142256e-05,43.48771385689433,1,3.861303808459687,1.1134,1.114195,1.11293,1.11374,3.0527771293121098,-0.0002327515616276088,9.507649443163044e-05,49.237280203670146,2.0,-46.57231786169874,1.11761,1.11932,1.112425,1.1143299999999998,-29.43472759415927,0.009973712007123936,-0.0004737116015917156,62.89603919650575,2.0,-12.169974546386438,0.9111111111112323,-0.9393039303931785
111,615,2016-02-18 09:15:00,1.11323,1.113845,1.1132149999999998,1.1136,3.3225574712642016,-0.00016505778119935144,8.346331944273478e-06,50.03456033245097,1,5.116062593848394,1.1134,1.114195,1.11293,1.11374,3.0527771293121098,-0.0002327515616276088,9.507649443163044e-05,49.237280203670146,2.0,-46.57231786169874,1.11761,1.11932,1.112425,1.1143299999999998,-29.43472759415927,0.009973712007123936,-0.0004737116015917156,62.89603919650575,2.0,-12.169974546386438,1.060916091609273,-1.1028302830284273
112,616,2016-02-18 09:20:00,1.11361,1.11385,1.11339,1.11369,0.7183327496886925,-0.00013155326638503162,3.348067740687464e-05,51.46858246116364,1,0.5368993166631317,1.1134,1.114195,1.11293,1.11374,3.0527771293121098,-0.0002327515616276088,9.507649443163044e-05,49.237280203670146,2.0,-46.57231786169874,1.11761,1.11932,1.112425,1.1143299999999998,-29.43472759415927,0.009973712007123936,-0.0004737116015917156,62.89603919650575,2.0,-12.169974546386438,0.926502650265163,-0.9857585758577384
113,617,2016-02-18 09:25:00,1.11369,1.113915,1.11362,1.1136700000000002,-0.17958641249320734,-0.00010539954946353625,4.770751546269602e-05,51.1174849208677,1,1.2551724110254827,1.1134,1.114195,1.11293,1.11374,3.0527771293121098,-0.0002327515616276088,9.507649443163044e-05,49.237280203670146,2.0,-46.57231786169874,1.11761,1.11932,1.112425,1.1143299999999998,-29.43472759415927,0.009973712007123936,-0.0004737116015917156,62.89603919650575,2.0,-12.169974546386438,0.7917891789178881,-0.8744074407440808
114,618,2016-02-18 09:30:00,1.11368,1.114195,1.11366,1.11419,4.577316256652908,-4.222612965931738e-05,8.870474821353194e-05,58.95690162026597,2,-1.6166089360215614,1.1134,1.114195,1.11293,1.11374,3.0527771293121098,-0.0002327515616276088,9.507649443163044e-05,49.237280203670146,2.0,-46.57231786169874,1.11761,1.11932,1.112425,1.1143299999999998,-29.43472759415927,0.009973712007123936,-0.0004737116015917156,62.89603919650575,2.0,-12.169974546386438,0.33870387038693933,-0.4096009600959009
115,619,2016-02-18 09:35:00,1.11418,1.114195,1.113715,1.11375,-3.8608305274965695,-2.734979072838151e-05,8.286486971557424e-05,51.439602569896,0,-1.617128983239005,1.1134,1.114195,1.11293,1.11374,3.0527771293121098,-0.0002327515616276088,9.507649443163044e-05,49.237280203670146,2.0,-46.57231786169874,1.11761,1.11932,1.112425,1.1143299999999998,-29.43472759415927,0.009973712007123936,-0.0004737116015917156,62.89603919650575,2.0,-12.169974546386438,-0.13870387038713905,0.05952595259536545
116,620,2016-02-18 09:40:00,1.11376,1.113985,1.113715,1.11382,0.5386866818691438,-9.798815318262656e-06,8.033267610055448e-05,52.4777387339951,0,-0.8987897883323397,1.1134,1.114195,1.11293,1.11374,3.0527771293121098,-0.0002327515616276088,9.507649443163044e-05,49.237280203670146,2.0,-46.57231786169874,1.11761,1.11932,1.112425,1.1143299999999998,-29.43472759415927,0.009973712007123936,-0.0004737116015917156,62.89603919650575,2.0,-12.169974546386438,-0.3038703870388218,0.23861386138626883
117,621,2016-02-18 09:45:00,1.11383,1.11416,1.1137350000000001,1.11402,1.705534909605864,2.001803225759602e-05,8.811961894113053e-05,55.410782717271395,2,-1.8860693402034199,1.1134,1.114195,1.11293,1.11374,3.0527771293121098,-0.0002327515616276088,9.507649443163044e-05,49.237280203670146,2.0,-46.57231786169874,1.11761,1.11932,1.112425,1.1143299999999998,-29.43472759415927,0.009973712007123936,-0.0004737116015917156,62.89603919650575,2.0,-12.169974546386438,-0.7590759075909118,0.6960696069608527
118,622,2016-02-18 09:50:00,1.11403,1.11412,1.11358,1.1136,-3.8613505747140136,9.646411044839098e-06,6.219839818269888e-05,48.62383278606208,0,0.5385512319968726,1.1134,1.114195,1.11293,1.11374,3.0527771293121098,-0.0002327515616276088,9.507649443163044e-05,49.237280203670146,2.0,-46.57231786169874,1.11761,1.11932,1.112425,1.1143299999999998,-29.43472759415927,0.009973712007123936,-0.0004737116015917156,62.89603919650575,2.0,-12.169974546386438,-1.0605660566057582,1.0346434643465383
119,623,2016-02-18 09:55:00,1.1136,1.1139299999999999,1.11353,1.11374,1.2570258767758091,1.2578657547113181e-05,5.2104515747978383e-05,50.787637217628,0,-2.335071707959564,1.1134,1.114195,1.11293,1.11374,3.0527771293121098,-0.0002327515616276088,9.507649443163044e-05,49.237280203670146,2.0,-46.57231786169874,1.11761,1.11932,1.112425,1.1143299999999998,-29.43472759415927,0.009973712007123936,-0.0004737116015917156,62.89603919650575,2.0,-12.169974546386438,-1.2388038803880408,1.2062506250625185
120,624,2016-02-18 10:00:00,1.11373,1.113935,1.113475,1.11381,0.7182553577347839,2.031670073199265e-05,4.7874047146286295e-05,51.878942247596605,2,-7.186301009988192,1.11373,1.113935,1.11225,1.11258,-10.336335364649793,-0.0002974250577745252,2.4322398627771216e-05,43.074211829618186,2.0,-38.401402543425185,1.11761,1.11932,1.112425,1.1143299999999998,-29.43472759415927,0.009973712007123936,-0.0004737116015917156,62.89603919650575,2.0,-12.169974546386438,-1.6491749174916874,1.6565556555655228
121,625,2016-02-18 10:05:00,1.1138,1.1139199999999998,1.113585,1.11364,-1.4367300025137206,1.2586487264432122e-05,3.2115066942980605e-05,49.03504387308258,2,-7.097461558762557,1.11373,1.113935,1.11225,1.11258,-10.336335364649793,-0.0002974250577745252,2.4322398627771216e-05,43.074211829618186,2.0,-38.401402543425185,1.11761,1.11932,1.112425,1.1143299999999998,-29.43472759415927,0.009973712007123936,-0.0004737116015917156,62.89603919650575,2.0,-12.169974546386438,-2.1608660866085656,2.152995299529869
122,626,2016-02-18 10:10:00,1.11363,1.11369,1.11325,1.11345,-1.6165970631806272,-8.770078697484253e-06,8.606800784851385e-06,45.99996603045306,2,-6.828936752253741,1.11373,1.113935,1.11225,1.11258,-10.336335364649793,-0.0002974250577745252,2.4322398627771216e-05,43.074211829618186,2.0,-38.401402543425185,1.11761,1.11932,1.112425,1.1143299999999998,-29.43472759415927,0.009973712007123936,-0.0004737116015917156,62.89603919650575,2.0,-12.169974546386438,-2.5077707770776323,2.5197919791978647
123,627,2016-02-18 10:15:00,1.11346,1.11346,1.11294,1.113,-4.1329739442938465,-6.129992292769337e-05,-3.513843475628619e-05,39.728001660384095,0,-2.336483334237486,1.11373,1.113935,1.11225,1.11258,-10.336335364649793,-0.0002974250577745252,2.4322398627771216e-05,43.074211829618186,2.0,-38.401402543425185,1.11761,1.11932,1.112425,1.1143299999999998,-29.43472759415927,0.009973712007123936,-0.0004737116015917156,62.89603919650575,2.0,-12.169974546386438,-2.54312431243119,2.569926992699246
124,628,2016-02-18 10:20:00,1.113,1.113085,1.11263,1.11285,-1.3478905512880848,-0.00011372302113721311,-7.004922637264473e-05,37.87424190737653,0,-0.3595376237983158,1.11373,1.113935,1.11225,1.11258,-10.336335364649793,-0.0002974250577745252,2.4322398627771216e-05,43.074211829618186,2.0,-38.401402543425185,1.11761,1.11932,1.112425,1.1143299999999998,-29.43472759415927,0.009973712007123936,-0.0004737116015917156,62.89603919650575,2.0,-12.169974546386438,-2.2491249124911086,2.3296529652963796
125,629,2016-02-18 10:25:00,1.11285,1.11292,1.11259,1.1127,-1.3480722566718113,-0.00016546507220005502,-9.743302194838931e-05,36.062099120459706,0,-7.834312167376292e-05,1.11373,1.113935,1.11225,1.11258,-10.336335364649793,-0.0002974250577745252,2.4322398627771216e-05,43.074211829618186,2.0,-38.401402543425185,1.11761,1.11932,1.112425,1.1143299999999998,-29.43472759415927,0.009973712007123936,-0.0004737116015917156,62.89603919650575,2.0,-12.169974546386438,-1.9422942294227101,2.006970697069456
126,630,2016-02-18 10:30:00,1.11268,1.112835,1.1125200000000002,1.1127200000000002,0.35947947372241,-0.00020252263275133409,-0.0001075924659997347,36.49837053248804,0,-2.33715701142085,1.11373,1.113935,1.11225,1.11258,-10.336335364649793,-0.0002974250577745252,2.4322398627771216e-05,43.074211829618186,2.0,-38.401402543425185,1.11761,1.11932,1.112425,1.1143299999999998,-29.43472759415927,0.009973712007123936,-0.0004737116015917156,62.89603919650575,2.0,-12.169974546386438,-1.7067306730671774,1.7458745874586163
127,631,2016-02-18 10:35:00,1.11271,1.11281,1.112515,1.11278,0.6290551591510855,-0.00022446205902060254,-0.00010362551381520251,37.86805110541957,2,-3.4156907753892987,1.11373,1.113935,1.11225,1.11258,-10.336335364649793,-0.0002974250577745252,2.4322398627771216e-05,43.074211829618186,2.0,-38.401402543425185,1.11761,1.11932,1.112425,1.1143299999999998,-29.43472759415927,0.009973712007123936,-0.0004737116015917156,62.89603919650575,2.0,-12.169974546386438,-1.6872287228723322,1.6861686168617092
128,632,2016-02-18 10:40:00,1.11278,1.11293,1.1126,1.11267,-0.9886129759951692,-0.00024786802479837,-0.00010162518367437596,36.32129489739198,0,-0.8990977889678813,1.11373,1.113935,1.11225,1.11258,-10.336335364649793,-0.0002974250577745252,2.4322398627771216e-05,43.074211829618186,2.0,-38.401402543425185,1.11761,1.11932,1.112425,1.1143299999999998,-29.43472759415927,0.009973712007123936,-0.0004737116015917156,62.89603919650575,2.0,-12.169974546386438,-1.7675767576758978,1.7717871787179797
129,633,2016-02-18 10:45:00,1.11268,1.11268,1.112325,1.11246,-1.9775991945767664,-0.0002801334620912144,-0.00010711249677377625,33.50744145586151,1,5.660382312641717,1.11373,1.113935,1.11225,1.11258,-10.336335364649793,-0.0002974250577745252,2.4322398627771216e-05,43.074211829618186,2.0,-38.401402543425185,1.11761,1.11932,1.112425,1.1143299999999998,-29.43472759415927,0.009973712007123936,-0.0004737116015917156,62.89603919650575,2.0,-12.169974546386438,-1.7197819781979649,1.7394639463947557
130,634,2016-02-18 10:50:00,1.11245,1.1126,1.11225,1.1124,-0.4494786048173631,-0.0003070065715131687,-0.00010718848495658443,32.727311210449386,1,1.6159232393872944,1.11373,1.113935,1.11225,1.11258,-10.336335364649793,-0.0002974250577745252,2.4322398627771216e-05,43.074211829618186,2.0,-38.401402543425185,1.11761,1.11932,1.112425,1.1143299999999998,-29.43472759415927,0.009973712007123936,-0.0004737116015917156,62.89603919650575,2.0,-12.169974546386438,-1.6084908490850836,1.5631063106312042
131,635,2016-02-18 10:55:00,1.11241,1.1125950000000002,1.112275,1.11258,1.527980010426248,-0.00031020337722531544,-8.830823253498497e-05,37.433543360635426,1,-4.048152296861721,1.11373,1.113935,1.11225,1.11258,-10.336335364649793,-0.0002974250577745252,2.4322398627771216e-05,43.074211829618186,2.0,-38.401402543425185,1.11761,1.11932,1.112425,1.1143299999999998,-29.43472759415927,0.009973712007123936,-0.0004737116015917156,62.89603919650575,2.0,-12.169974546386438,-1.7033703370338373,1.7146614661467117
132,636,2016-02-18 11:00:00,1.11257,1.1131350000000002,1.11244,1.1130799999999998,4.581880907032832,-0.00026928687597704837,-3.791338502937431e-05,48.261171534840365,2,-16.518898877797227,1.11257,1.1131350000000002,1.10962,1.10975,-25.411128632575306,-0.0005704607022458674,-0.00019897059667485682,32.41431671347117,2.0,-1.2747625738409718,1.11761,1.11932,1.112425,1.1143299999999998,-29.43472759415927,0.009973712007123936,-0.0004737116015917156,62.89603919650575,2.0,-12.169974546386438,-2.5297229722971633,2.5266926692668186
133,637,2016-02-18 11:05:00,1.11311,1.1131350000000002,1.1124100000000001,1.11261,-4.493937678071785,-0.00027165386928995616,-3.222430267382567e-05,41.066767416831865,2,-9.235811890264538,1.11257,1.1131350000000002,1.10962,1.10975,-25.411128632575306,-0.0005704607022458674,-0.00019897059667485682,32.41431671347117,2.0,-1.2747625738409718,1.11761,1.11932,1.112425,1.1143299999999998,-29.43472759415927,0.009973712007123936,-0.0004737116015917156,62.89603919650575,2.0,-12.169974546386438,-3.5977197719770584,3.5493649364934963
134,638,2016-02-18 11:10:00,1.1126200000000002,1.112865,1.112085,1.11216,-4.1360955258227685,-0.000306310016537692,-5.350435993724918e-05,35.59546217805297,2,-5.0097429965580735,1.11257,1.1131350000000002,1.10962,1.10975,-25.411128632575306,-0.0005704607022458674,-0.00019897059667485682,32.41431671347117,2.0,-1.2747625738409718,1.11761,1.11932,1.112425,1.1143299999999998,-29.43472759415927,0.009973712007123936,-0.0004737116015917156,62.89603919650575,2.0,-12.169974546386438,-4.169426942694175,4.159175917591668
135,639,2016-02-18 11:15:00,1.11214,1.1122900000000002,1.111035,1.11115,-7.888865673902675,-0.00041054135678564313,-0.00012618856014816023,26.92488775067645,0,1.2593251520366435,1.11257,1.1131350000000002,1.10962,1.10975,-25.411128632575306,-0.0005704607022458674,-0.00019897059667485682,32.41431671347117,2.0,-1.2747625738409718,1.11761,1.11932,1.112425,1.1143299999999998,-29.43472759415927,0.009973712007123936,-0.0004737116015917156,62.89603919650575,2.0,-12.169974546386438,-3.9048804880487666,3.837593759375912
136,640,2016-02-18 11:20:00,1.11114,1.1114899999999999,1.11104,1.11145,2.7891493094609063,-0.00046359392983674747,-0.00014339290655941174,32.2071695392159,0,-1.8897953597284385,1.11257,1.1131350000000002,1.10962,1.10975,-25.411128632575306,-0.0005704607022458674,-0.00019897059667485682,32.41431671347117,2.0,-1.2747625738409718,1.11761,1.11932,1.112425,1.1143299999999998,-29.43472759415927,0.009973712007123936,-0.0004737116015917156,62.89603919650575,2.0,-12.169974546386438,-3.3743374337433947,3.2326732673268093
137,641,2016-02-18 11:25:00,1.11143,1.11168,1.111325,1.11144,0.08997336788369603,-0.0005006739351636202,-0.00014437832950902748,32.123812441642535,0,-0.3601606727607876,1.11257,1.1131350000000002,1.10962,1.10975,-25.411128632575306,-0.0005704607022458674,-0.00019897059667485682,32.41431671347117,2.0,-1.2747625738409718,1.11761,1.11932,1.112425,1.1143299999999998,-29.43472759415927,0.009973712007123936,-0.0004737116015917156,62.89603919650575,2.0,-12.169974546386438,-3.3245724572457838,3.2060606060606776
138,642,2016-02-18 11:30:00,1.11143,1.1116099999999998,1.111125,1.11125,-1.6197975253079588,-0.0005391762306743432,-0.00014630450001580024,30.50817277750032,2,-6.629228821355504,1.11257,1.1131350000000002,1.10962,1.10975,-25.411128632575306,-0.0005704607022458674,-0.00019897059667485682,32.41431671347117,2.0,-1.2747625738409718,1.11761,1.11932,1.112425,1.1143299999999998,-29.43472759415927,0.009973712007123936,-0.0004737116015917156,62.89603919650575,2.0,-12.169974546386438,-3.4413841384139134,3.3274727472748413
139,643,2016-02-18 11:35:00,1.11124,1.11148,1.111185,1.1112,-0.3599712023041757,-0.0005671859923344067,-0.0001394514093406913,30.079438471018705,2,-4.648263949931537,1.11257,1.1131350000000002,1.10962,1.10975,-25.411128632575306,-0.0005704607022458674,-0.00019897059667485682,32.41431671347117,2.0,-1.2747625738409718,1.11761,1.11932,1.112425,1.1143299999999998,-29.43472759415927,0.009973712007123936,-0.0004737116015917156,62.89603919650575,2.0,-12.169974546386438,-3.601730173017392,3.52804280428051
140,644,2016-02-18 11:40:00,1.1112,1.111475,1.11114,1.11138,1.619608054851347,-0.0005683083299048428,-0.00011245899752890193,33.692078090611695,2,-12.305267814649506,1.11257,1.1131350000000002,1.10962,1.10975,-25.411128632575306,-0.0005704607022458674,-0.00019897059667485682,32.41431671347117,2.0,-1.2747625738409718,1.11761,1.11932,1.112425,1.1143299999999998,-29.43472759415927,0.009973712007123936,-0.0004737116015917156,62.89603919650575,2.0,-12.169974546386438,-4.175087508750957,4.202410241024196
141,645,2016-02-18 11:45:00,1.11138,1.11138,1.109905,1.11024,-7.888865673902675,-0.0006536513769483943,-0.0001582416356579625,24.91279255148481,2,-4.2361862421010725,1.11257,1.1131350000000002,1.10962,1.10975,-25.411128632575306,-0.0005704607022458674,-0.00019897059667485682,32.41431671347117,2.0,-1.2747625738409718,1.11761,1.11932,1.112425,1.1143299999999998,-29.43472759415927,0.009973712007123936,-0.0004737116015917156,62.89603919650575,2.0,-12.169974546386438,-4.309870987098699,4.349324932493307
142,646,2016-02-18 11:50:00,1.11025,1.11061,1.109985,1.11043,1.6209936691197913,-0.0006979098738975067,-0.00016200010608565971,28.267692775148788,2,-10.003939128746573,1.11257,1.1131350000000002,1.10962,1.10975,-25.411128632575306,-0.0005704607022458674,-0.00019897059667485682,32.41431671347117,2.0,-1.2747625738409718,1.11761,1.11932,1.112425,1.1143299999999998,-29.43472759415927,0.009973712007123936,-0.0004737116015917156,62.89603919650575,2.0,-12.169974546386438,-4.00675067506746,4.087838783878396
143,647,2016-02-18 11:55:00,1.11042,1.110425,1.10962,1.10975,-6.037395809866622,-0.0007788769598391365,-0.00019437375362183176,24.114909333384944,2,-1.9836860215154664,1.11257,1.1131350000000002,1.10962,1.10975,-25.411128632575306,-0.0005704607022458674,-0.00019897059667485682,32.41431671347117,2.0,-1.2747625738409718,1.11761,1.11932,1.112425,1.1143299999999998,-29.43472759415927,0.009973712007123936,-0.0004737116015917156,62.89603919650575,2.0,-12.169974546386438,-3.666256625662554,3.713971397139713
144,648,2016-02-18 12:00:00,1.10976,1.109905,1.10943,1.10978,0.1802158986457585,-0.0008310434578293612,-0.0001972322012896452,24.640904344591732,2,-0.6319149330388956,1.10976,1.110965,1.108295,1.10856,-10.82485386447364,-0.0008728053159794412,-0.00040105216832674446,29.147788517877288,1.0,12.343009890569894,1.11761,1.11932,1.112425,1.1143299999999998,-29.43472759415927,0.009973712007123936,-0.0004737116015917156,62.89603919650575,2.0,-12.169974546386438,-3.121282128212768,3.1349334933493185
145,649,2016-02-18 12:05:00,1.10976,1.10983,1.1091350000000002,1.1093,-4.14675921752571,-0.0008859589295702984,-0.0002135387253987112,22.011921299944973,1,2.8839692608288696,1.10976,1.110965,1.108295,1.10856,-10.82485386447364,-0.0008728053159794412,-0.00040105216832674446,29.147788517877288,1.0,12.343009890569894,1.11761,1.11932,1.112425,1.1143299999999998,-29.43472759415927,0.009973712007123936,-0.0004737116015917156,62.89603919650575,2.0,-12.169974546386438,-2.432383238323716,2.380488048804759
146,650,2016-02-18 12:10:00,1.10929,1.10955,1.1092400000000002,1.10951,1.982857297364485,-0.0008859589295702984,-0.00019289854236564816,25.744610773351283,0,2.0726103098490825,1.10976,1.110965,1.108295,1.10856,-10.82485386447364,-0.0008728053159794412,-0.00040105216832674446,29.147788517877288,1.0,12.343009890569894,1.11761,1.11932,1.112425,1.1143299999999998,-29.43472759415927,0.009973712007123936,-0.0004737116015917156,62.89603919650575,2.0,-12.169974546386438,-1.6781178117810074,1.5975597559753714
147,651,2016-02-18 12:15:00,1.1095,1.10981,1.10934,1.1096700000000002,1.5319869871223293,-0.0008859589295702984,-0.0001529340999669495,28.550547771727835,1,6.034584468713003,1.10976,1.110965,1.108295,1.10856,-10.82485386447364,-0.0008728053159794412,-0.00040105216832674446,29.147788517877288,1.0,12.343009890569894,1.11761,1.11932,1.112425,1.1143299999999998,-29.43472759415927,0.009973712007123936,-0.0004737116015917156,62.89603919650575,2.0,-12.169974546386438,-1.3304530453044396,1.290609060905949
148,652,2016-02-18 12:20:00,1.10964,1.10982,1.109495,1.1095700000000002,-0.630875023657944,-0.0008859589295702984,-0.00011919661312312173,27.84240411363643,1,2.3405507209150223,1.10976,1.110965,1.108295,1.10856,-10.82485386447364,-0.0008728053159794412,-0.00040105216832674446,29.147788517877288,1.0,12.343009890569894,1.11761,1.11932,1.112425,1.1143299999999998,-29.43472759415927,0.009973712007123936,-0.0004737116015917156,62.89603919650575,2.0,-12.169974546386438,-1.2069906990700354,1.1407640764077194
149,653,2016-02-18 12:25:00,1.10956,1.10978,1.10933,1.10969,1.1714983463846973,-0.0008859589295702984,-7.681907696161904e-05,30.083460477765144,1,-3.8791762381093218,1.10976,1.110965,1.108295,1.10856,-10.82485386447364,-0.0008728053159794412,-0.00040105216832674446,29.147788517877288,1.0,12.343009890569894,1.11761,1.11932,1.112425,1.1143299999999998,-29.43472759415927,0.009973712007123936,-0.0004737116015917156,62.89603919650575,2.0,-12.169974546386438,-1.1906890689071603,1.152455245524781
150,654,2016-02-18 12:30:00,1.1097,1.110965,1.10955,1.11031,5.493961145986249,-0.000821612655518944,8.362923798279666e-07,40.385389673101116,2,-17.26200305799825,1.10976,1.110965,1.108295,1.10856,-10.82485386447364,-0.0008728053159794412,-0.00040105216832674446,29.147788517877288,1.0,12.343009890569894,1.11761,1.11932,1.112425,1.1143299999999998,-29.43472759415927,0.009973712007123936,-0.0004737116015917156,62.89603919650575,2.0,-12.169974546386438,-1.9134213421344288,1.8953295329534872
151,655,2016-02-18 12:35:00,1.1103299999999998,1.110425,1.10951,1.10985,-4.3249087714559264,-0.0007879397999857041,2.7607318330454466e-05,36.131594371504114,2,-8.969055039026893,1.10976,1.110965,1.108295,1.10856,-10.82485386447364,-0.0008728053159794412,-0.00040105216832674446,29.147788517877288,1.0,12.343009890569894,1.11761,1.11932,1.112425,1.1143299999999998,-29.43472759415927,0.009973712007123936,-0.0004737116015917156,62.89603919650575,2.0,-12.169974546386438,-2.908370837083837,2.9178217821783408
152,656,2016-02-18 12:40:00,1.10986,1.1099800000000002,1.10912,1.1093,-5.0482286126396465,-0.0007964532060498186,1.527512981307189e-05,31.81646539189427,2,-6.627039892505152,1.10976,1.110965,1.108295,1.10856,-10.82485386447364,-0.0008728053159794412,-0.00040105216832674446,29.147788517877288,1.0,12.343009890569894,1.11761,1.11932,1.112425,1.1143299999999998,-29.43472759415927,0.009973712007123936,-0.0004737116015917156,62.89603919650575,2.0,-12.169974546386438,-3.336413641364195,3.321902190219099
153,657,2016-02-18 12:45:00,1.10931,1.10946,1.108375,1.1084,-7.888865673902675,-0.0008658417355182912,-4.329071972432059e-05,26.28459024352185,1,-2.799106247625162,1.10976,1.110965,1.108295,1.10856,-10.82485386447364,-0.0008728053159794412,-0.00040105216832674446,29.147788517877288,1.0,12.343009890569894,1.11761,1.11932,1.112425,1.1143299999999998,-29.43472759415927,0.009973712007123936,-0.0004737116015917156,62.89603919650575,2.0,-12.169974546386438,-2.817261726172675,2.814721472147267
154,658,2016-02-18 12:50:00,1.1084200000000002,1.1089,1.108425,1.10886,3.9680392475154314,-0.0008736436690275352,-4.087412258685157e-05,32.723114319666905,2,-4.2409588640806035,1.10976,1.110965,1.108295,1.10856,-10.82485386447364,-0.0008728053159794412,-0.00040105216832674446,29.147788517877288,1.0,12.343009890569894,1.11761,1.11932,1.112425,1.1143299999999998,-29.43472759415927,0.009973712007123936,-0.0004737116015917156,62.89603919650575,2.0,-12.169974546386438,-2.1746474647465837,2.1421042104211447
155,659,2016-02-18 12:55:00,1.10886,1.10914,1.108295,1.10856,-2.7062134661179096,-0.0008859589295702984,-4.876985542314589e-05,30.83175356804627,2,-1.3543067516142404,1.10976,1.110965,1.108295,1.10856,-10.82485386447364,-0.0008728053159794412,-0.00040105216832674446,29.147788517877288,1.0,12.343009890569894,1.11761,1.11932,1.112425,1.1143299999999998,-29.43472759415927,0.009973712007123936,-0.0004737116015917156,62.89603919650575,2.0,-12.169974546386438,-1.8292429242925299,1.82349234923501
156,660,2016-02-18 13:00:00,1.10857,1.108665,1.10779,1.10812,-4.060932029022681,-0.0008859589295702984,-7.153856611054583e-05,28.25250711977057,1,7.215598133391353,1.10857,1.10949,1.10779,1.10833,-2.1654200463762416,-0.0011180860781243585,-0.0005170663443773292,28.548956062318467,1.0,6.304318865904246,1.11761,1.11932,1.112425,1.1143299999999998,-29.43472759415927,0.009973712007123936,-0.0004737116015917156,62.89603919650575,2.0,-12.169974546386438,-1.01888188818894,1.0112111211122228
157,661,2016-02-18 13:05:00,1.10811,1.1084,1.1078700000000001,1.10839,2.5261866310599883,-0.0008859589295702984,-5.696220556627074e-05,32.01112553911139,1,5.951787293568735,1.10857,1.10949,1.10779,1.10833,-2.1654200463762416,-0.0011180860781243585,-0.0005170663443773292,28.548956062318467,1.0,6.304318865904246,1.11761,1.11932,1.112425,1.1143299999999998,-29.43472759415927,0.009973712007123936,-0.0004737116015917156,62.89603919650575,2.0,-12.169974546386438,-0.1302630263027753,0.17794779477961153
158,662,2016-02-18 13:10:00,1.10839,1.10884,1.1082900000000002,1.10841,0.1804386463484539,-0.0008859589295702984,-3.556738234004409e-05,32.29406865980748,1,7.484310358017463,1.10857,1.10949,1.10779,1.10833,-2.1654200463762416,-0.0011180860781243585,-0.0005170663443773292,28.548956062318467,1.0,6.304318865904246,1.11761,1.11932,1.112425,1.1143299999999998,-29.43472759415927,0.009973712007123936,-0.0004737116015917156,62.89603919650575,2.0,-12.169974546386438,0.41191119111900965,-0.4105010501049225
159,663,2016-02-18 13:15:00,1.1084,1.1090200000000001,1.108345,1.1089,4.50897285598291,-0.0008621603782179578,1.905493646618228e-05,38.992808172985335,0,-2.8880721157617013,1.10857,1.10949,1.10779,1.10833,-2.1654200463762416,-0.0011180860781243585,-0.0005170663443773292,28.548956062318467,1.0,6.304318865904246,1.11761,1.11932,1.112425,1.1143299999999998,-29.43472759415927,0.009973712007123936,-0.0004737116015917156,62.89603919650575,2.0,-12.169974546386438,0.619781978197735,-0.6248124812480622
160,664,2016-02-18 13:20:00,1.10888,1.1092799999999998,1.10876,1.10902,1.2623757912373714,-0.0007962350048085209,6.798424790049526e-05,40.54423116200118,2,0.3577525095581473,1.10857,1.10949,1.10779,1.10833,-2.1654200463762416,-0.0011180860781243585,-0.0005170663443773292,28.548956062318467,1.0,6.304318865904246,1.11761,1.11932,1.112425,1.1143299999999998,-29.43472759415927,0.009973712007123936,-0.0004737116015917156,62.89603919650575,2.0,-12.169974546386438,0.3793779377937224,-0.43011301130108964
161,665,2016-02-18 13:25:00,1.109,1.1093549999999999,1.1087699999999998,1.10919,1.7129617107971806,-0.000721948914475634,0.00011381627058670571,42.764802511581,2,-0.18325672841964447,1.10857,1.10949,1.10779,1.10833,-2.1654200463762416,-0.0011180860781243585,-0.0005170663443773292,28.548956062318467,1.0,6.304318865904246,1.11761,1.11932,1.112425,1.1143299999999998,-29.43472759415927,0.009973712007123936,-0.0004737116015917156,62.89603919650575,2.0,-12.169974546386438,-0.08852885288523686,0.02860286028597294
162,666,2016-02-18 13:30:00,1.10922,1.109245,1.108415,1.10857,-5.863409617796255,-0.0007049789130526563,0.00010462901760774693,37.294152553400814,1,3.8768239441439087,1.10857,1.10949,1.10779,1.10833,-2.1654200463762416,-0.0011180860781243585,-0.0005170663443773292,28.548956062318467,1.0,6.304318865904246,1.11761,1.11932,1.112425,1.1143299999999998,-29.43472759415927,0.009973712007123936,-0.0004737116015917156,62.89603919650575,2.0,-12.169974546386438,-0.14777477747773232,0.1187918791878906
163,667,2016-02-18 13:35:00,1.10859,1.10909,1.1082549999999998,1.10909,4.508200416557221,-0.0006421678986836543,0.0001339520255813992,43.78901542652114,2,-3.5174834748313115,1.10857,1.10949,1.10779,1.10833,-2.1654200463762416,-0.0011180860781243585,-0.0005170663443773292,28.548956062318467,1.0,6.304318865904246,1.11761,1.11932,1.112425,1.1143299999999998,-29.43472759415927,0.009973712007123936,-0.0004737116015917156,62.89603919650575,2.0,-12.169974546386438,-0.18492849284930005,0.15505550555056044
164,668,2016-02-18 13:40:00,1.10913,1.1093600000000001,1.1089,1.10926,1.1719524728193884,-0.0005720775837372294,0.00016323387242225934,45.766705321114436,2,-8.749598534606402,1.10857,1.10949,1.10779,1.10833,-2.1654200463762416,-0.0011180860781243585,-0.0005170663443773292,28.548956062318467,1.0,6.304318865904246,1.11761,1.11932,1.112425,1.1143299999999998,-29.43472759415927,0.009973712007123936,-0.0004737116015917156,62.89603919650575,2.0,-12.169974546386438,-0.8055405540553436,0.7592659265925845
165,669,2016-02-18 13:45:00,1.10926,1.10949,1.108915,1.10906,-1.8033289452327013,-0.0005265985326110557,0.00016697033883874657,43.81366011994421,2,-9.292670571253607,1.10857,1.10949,1.10779,1.10833,-2.1654200463762416,-0.0011180860781243585,-0.0005170663443773292,28.548956062318467,1.0,6.304318865904246,1.11761,1.11932,1.112425,1.1143299999999998,-29.43472759415927,0.009973712007123936,-0.0004737116015917156,62.89603919650575,2.0,-12.169974546386438,-1.4872787278726616,1.4488748874885848
166,670,2016-02-18 13:50:00,1.1090799999999998,1.109155,1.108425,1.10876,-2.8861070024179982,-0.0005088972984514939,0.00014773725839864666,40.9881497714206,2,-3.9704879963579214,1.10857,1.10949,1.10779,1.10833,-2.1654200463762416,-0.0011180860781243585,-0.0005170663443773292,28.548956062318467,1.0,6.304318865904246,1.11761,1.11932,1.112425,1.1143299999999998,-29.43472759415927,0.009973712007123936,-0.0004737116015917156,62.89603919650575,2.0,-12.169974546386438,-1.847514751474978,1.7979397939792074
167,671,2016-02-18 13:55:00,1.10878,1.10893,1.1082549999999998,1.10833,-4.060162586955703,-0.0005235314050393568,0.00010648252144862687,37.27737516424473,0,-1.2639205581160542,1.10857,1.10949,1.10779,1.10833,-2.1654200463762416,-0.0011180860781243585,-0.0005170663443773292,28.548956062318467,1.0,6.304318865904246,1.11761,1.11932,1.112425,1.1143299999999998,-29.43472759415927,0.009973712007123936,-0.0004737116015917156,62.89603919650575,2.0,-12.169974546386438,-1.752495249524828,1.6886088608859333
168,672,2016-02-18 14:00:00,1.10834,1.1087049999999998,1.107985,1.10808,-2.3464009818799094,-0.0005489737232484694,6.483216259161163e-05,35.277685585552874,0,-2.2574726363571376,1.10834,1.11048,1.10719,1.10964,11.71551133700891,-0.0011930144692280376,-0.00047359578838480665,36.54530315487971,2.0,15.550904818216756,1.11761,1.11932,1.112425,1.1143299999999998,-29.43472759415927,0.009973712007123936,-0.0004737116015917156,62.89603919650575,2.0,-12.169974546386438,-1.2094309430941887,1.1871587158714556
169,673,2016-02-18 14:05:00,1.10807,1.10834,1.10776,1.10834,2.4360755724776912,-0.0005419103118939893,5.751645915687319e-05,38.94586336508297,2,-7.4926452742978755,1.10834,1.11048,1.10719,1.10964,11.71551133700891,-0.0011930144692280376,-0.00047359578838480665,36.54530315487971,2.0,15.550904818216756,1.11761,1.11932,1.112425,1.1143299999999998,-29.43472759415927,0.009973712007123936,-0.0004737116015917156,62.89603919650575,2.0,-12.169974546386438,-0.7560856085607964,0.7989498949894255
170,674,2016-02-18 14:10:00,1.10831,1.10838,1.10792,1.10816,-1.353595148713836,-0.0005445596584179313,4.3893690106345036e-05,37.36691676649904,2,-5.416761191952641,1.10834,1.11048,1.10719,1.10964,11.71551133700891,-0.0011930144692280376,-0.00047359578838480665,36.54530315487971,2.0,15.550904818216756,1.11761,1.11932,1.112425,1.1143299999999998,-29.43472759415927,0.009973712007123936,-0.0004737116015917156,62.89603919650575,2.0,-12.169974546386438,-0.4818481848185414,0.467236723672426
171,675,2016-02-18 14:15:00,1.10817,1.108355,1.107545,1.1078,-3.3399530601209926,-0.0005691474979063749,1.544468049432114e-05,34.366026557460245,1,5.672832466783,1.10834,1.11048,1.10719,1.10964,11.71551133700891,-0.0011930144692280376,-0.00047359578838480665,36.54530315487971,2.0,15.550904818216756,1.11761,1.11932,1.112425,1.1143299999999998,-29.43472759415927,0.009973712007123936,-0.0004737116015917156,62.89603919650575,2.0,-12.169974546386438,0.23058305830582357,-0.24536453645363882
172,676,2016-02-18 14:20:00,1.10781,1.10791,1.10719,1.1075,-2.799097065463047,-0.0006058570872731206,-1.7011927097939695e-05,32.05570906158285,1,13.700499157862652,1.10834,1.11048,1.10719,1.10964,11.71551133700891,-0.0011930144692280376,-0.00047359578838480665,36.54530315487971,2.0,15.550904818216756,1.11761,1.11932,1.112425,1.1143299999999998,-29.43472759415927,0.009973712007123936,-0.0004737116015917156,62.89603919650575,2.0,-12.169974546386438,1.4489548954896583,-1.4704970497050955
173,677,2016-02-18 14:25:00,1.10751,1.107815,1.1074450000000002,1.10759,0.7222889336313979,-0.0006205343201126644,-2.535132794998689e-05,33.50004961401639,1,16.943102901795335,1.10834,1.11048,1.10719,1.10964,11.71551133700891,-0.0011930144692280376,-0.00047359578838480665,36.54530315487971,2.0,15.550904818216756,1.11761,1.11932,1.112425,1.1143299999999998,-29.43472759415927,0.009973712007123936,-0.0004737116015917156,62.89603919650575,2.0,-12.169974546386438,2.9814081408142377,-2.9525652565257356
174,678,2016-02-18 14:30:00,1.10759,1.1087,1.1074450000000002,1.1087,7.749640598614647,-0.0005364149518802819,4.7014432225916686e-05,48.14196370398524,1,12.52646533891572,1.10834,1.11048,1.10719,1.10964,11.71551133700891,-0.0011930144692280376,-0.00047359578838480665,36.54530315487971,2.0,15.550904818216756,1.11761,1.11932,1.112425,1.1143299999999998,-29.43472759415927,0.009973712007123936,-0.0004737116015917156,62.89603919650575,2.0,-12.169974546386438,3.7817281728173917,-3.7105110511051014
175,679,2016-02-18 14:35:00,1.10871,1.109295,1.108495,1.10929,5.2285696256166085,-0.00041733094597895537,0.00013287875050179462,53.94632622942317,1,6.847469610206631,1.10834,1.11048,1.10719,1.10964,11.71551133700891,-0.0011930144692280376,-0.00047359578838480665,36.54530315487971,2.0,15.550904818216756,1.11761,1.11932,1.112425,1.1143299999999998,-29.43472759415927,0.009973712007123936,-0.0004737116015917156,62.89603919650575,2.0,-12.169974546386438,3.4449244924492146,-3.360726072607172
176,680,2016-02-18 14:40:00,1.1093,1.1099,1.109175,1.10974,3.9648926775640776,-0.0002833781670421587,0.00021346522355087305,57.82381820914114,1,-0.6320764684615203,1.10834,1.11048,1.10719,1.10964,11.71551133700891,-0.0011930144692280376,-0.00047359578838480665,36.54530315487971,2.0,15.550904818216756,1.11761,1.11932,1.112425,1.1143299999999998,-29.43472759415927,0.009973712007123936,-0.0004737116015917156,62.89603919650575,2.0,-12.169974546386438,2.4720572057204775,-2.484458445844477
177,681,2016-02-18 14:45:00,1.10974,1.11048,1.10966,1.11011,3.3330030357350307,-0.00014568435827944093,0.0002580353326251374,60.74999297254968,2,-11.853945178099224,1.10834,1.11048,1.10719,1.10964,11.71551133700891,-0.0011930144692280376,-0.00047359578838480665,36.54530315487971,2.0,15.550904818216756,1.11761,1.11932,1.112425,1.1143299999999998,-29.43472759415927,0.009973712007123936,-0.0004737116015917156,62.89603919650575,2.0,-12.169974546386438,1.0890389038903971,-1.1362336233623325
178,682,2016-02-18 14:50:00,1.11011,1.1103900000000002,1.10999,1.11006,-0.4504261030924767,-4.013297696081608e-05,0.0002580353326251374,60.142740658751485,2,-3.831790467391989,1.10834,1.11048,1.10719,1.10964,11.71551133700891,-0.0011930144692280376,-0.00047359578838480665,36.54530315487971,2.0,15.550904818216756,1.11761,1.11932,1.112425,1.1143299999999998,-29.43472759415927,0.009973712007123936,-0.0004737116015917156,62.89603919650575,2.0,-12.169974546386438,-0.5459245924592268,0.4284928492849064
179,683,2016-02-18 14:55:00,1.11003,1.11036,1.1096400000000002,1.10964,-3.5146534011040744,9.517056573482563e-06,0.0002580353326251374,55.155337646677935,2,-7.533706309269007,1.10834,1.11048,1.10719,1.10964,11.71551133700891,-0.0011930144692280376,-0.00047359578838480665,36.54530315487971,2.0,15.550904818216756,1.11761,1.11932,1.112425,1.1143299999999998,-29.43472759415927,0.009973712007123936,-0.0004737116015917156,62.89603919650575,2.0,-12.169974546386438,-1.766126612661253,1.597499749974967
180,684,2016-02-18 15:00:00,1.10964,1.109865,1.108285,1.10856,-7.888865673902675,-3.784564714237604e-05,0.0001917629053600469,44.85481103571043,1,-0.9079111598115196,1.10964,1.11009,1.107105,1.10995,2.792918599937227,-0.0012133940979361935,-0.00039518033367437,38.30488281691504,2.0,7.447263960051592,1.11761,1.11932,1.112425,1.1143299999999998,-29.43472759415927,0.009973712007123936,-0.0004737116015917156,62.89603919650575,2.0,-12.169974546386438,-1.8491749174917027,1.6731873187317954
181,685,2016-02-18 15:05:00,1.10855,1.1094700000000002,1.108555,1.10939,7.57172860761476,-8.31106290677397e-06,0.00017703799167651923,52.237255299858504,2,-9.833124991880098,1.10964,1.11009,1.107105,1.10995,2.792918599937227,-0.0012133940979361935,-0.00039518033367437,38.30488281691504,2.0,7.447263960051592,1.11761,1.11932,1.112425,1.1143299999999998,-29.43472759415927,0.009973712007123936,-0.0004737116015917156,62.89603919650575,2.0,-12.169974546386438,-1.8494849484948774,1.7306030603060212
182,686,2016-02-18 15:10:00,1.10936,1.10971,1.10847,1.10856,-7.216569242981093,-5.128754462657703e-05,0.00010724920796537297,45.65512113487035,2,-7.401115163195986,1.10964,1.11009,1.107105,1.10995,2.792918599937227,-0.0012133940979361935,-0.00039518033367437,38.30488281691504,2.0,7.447263960051592,1.11761,1.11932,1.112425,1.1143299999999998,-29.43472759415927,0.009973712007123936,-0.0004737116015917156,62.89603919650575,2.0,-12.169974546386438,-2.0538953895390515,1.8876287628763628
183,687,2016-02-18 15:15:00,1.10855,1.108825,1.10834,1.10841,-1.2630705244451872,-9.633991583601896e-05,4.975746940474483e-05,44.562293262576866,2,-5.0548655080029725,1.10964,1.11009,1.107105,1.10995,2.792918599937227,-0.0012133940979361935,-0.00039518033367437,38.30488281691504,2.0,7.447263960051592,1.11761,1.11932,1.112425,1.1143299999999998,-29.43472759415927,0.009973712007123936,-0.0004737116015917156,62.89603919650575,2.0,-12.169974546386438,-1.5793279327932874,1.4443644364436234
184,688,2016-02-18 15:20:00,1.1084,1.108685,1.108215,1.10825,-1.3534852244538191,-0.00014330299965137352,2.235508471512245e-06,43.36978087661471,2,-0.8137888055526195,1.10964,1.11009,1.107105,1.10995,2.792918599937227,-0.0012133940979361935,-0.00039518033367437,38.30488281691504,2.0,7.447263960051592,1.11761,1.11932,1.112425,1.1143299999999998,-29.43472759415927,0.009973712007123936,-0.0004737116015917156,62.89603919650575,2.0,-12.169974546386438,-0.9415141514150257,0.8768676867685394
185,689,2016-02-18 15:25:00,1.10826,1.108295,1.10761,1.10773,-4.7845594142969805,-0.00021994583740236884,-5.952586342358648e-05,39.655561791131504,1,6.406604430747992,1.10964,1.11009,1.107105,1.10995,2.792918599937227,-0.0012133940979361935,-0.00039518033367437,38.30488281691504,2.0,7.447263960051592,1.11761,1.11932,1.112425,1.1143299999999998,-29.43472759415927,0.009973712007123936,-0.0004737116015917156,62.89603919650575,2.0,-12.169974546386438,0.1072107210722002,-0.1736773677368564
186,690,2016-02-18 15:30:00,1.10773,1.1079,1.107105,1.10785,1.0831791307478265,-0.0002679144899151442,-8.599561274908947e-05,40.913136549585296,1,13.073065898614814,1.10964,1.11009,1.107105,1.10995,2.792918599937227,-0.0012133940979361935,-0.00039518033367437,38.30488281691504,2.0,7.447263960051592,1.11761,1.11932,1.112425,1.1143299999999998,-29.43472759415927,0.009973712007123936,-0.0004737116015917156,62.89603919650575,2.0,-12.169974546386438,1.6777277727772755,-1.5291129112911506
187,691,2016-02-18 15:35:00,1.10787,1.1082549999999998,1.10751,1.10819,2.8875914779965357,-0.0002753211038220016,-7.472178132475745e-05,44.44575067579093,1,9.554565280547306,1.10964,1.11009,1.107105,1.10995,2.792918599937227,-0.0012133940979361935,-0.00039518033367437,38.30488281691504,2.0,7.447263960051592,1.11761,1.11932,1.112425,1.1143299999999998,-29.43472759415927,0.009973712007123936,-0.0004737116015917156,62.89603919650575,2.0,-12.169974546386438,2.801250125012539,-2.6309230923092595
188,692,2016-02-18 15:40:00,1.10818,1.108665,1.10817,1.10845,2.435833822003631,-0.0002572457032778974,-4.53171046245226e-05,47.05267487538548,1,11.172968135872038,1.10964,1.11009,1.107105,1.10995,2.792918599937227,-0.0012133940979361935,-0.00039518033367437,38.30488281691504,2.0,7.447263960051592,1.11761,1.11932,1.112425,1.1143299999999998,-29.43472759415927,0.009973712007123936,-0.0004737116015917156,62.89603919650575,2.0,-12.169974546386438,3.6753075307532117,-3.6001200120012933
189,693,2016-02-18 15:45:00,1.10846,1.109745,1.1084150000000002,1.1095700000000002,7.749640598614647,-0.00015080776036446863,4.889667063112498e-05,56.5182587008241,1,9.275176721599996,1.10964,1.11009,1.107105,1.10995,2.792918599937227,-0.0012133940979361935,-0.00039518033367437,38.30488281691504,2.0,7.447263960051592,1.11761,1.11932,1.112425,1.1143299999999998,-29.43472759415927,0.009973712007123936,-0.0004737116015917156,62.89603919650575,2.0,-12.169974546386438,3.7510251025103054,-3.6472147214722033
190,694,2016-02-18 15:50:00,1.10958,1.10981,1.1093099999999998,1.10951,-0.6309091400709728,-7.048392747921461e-05,0.00010337640281310319,55.94128800796781,1,6.213589734288664,1.10964,1.11009,1.107105,1.10995,2.792918599937227,-0.0012133940979361935,-0.00039518033367437,38.30488281691504,2.0,7.447263960051592,1.11761,1.11932,1.112425,1.1143299999999998,-29.43472759415927,0.009973712007123936,-0.0004737116015917156,62.89603919650575,2.0,-12.169974546386438,3.131333133313285,-3.183148314831423
191,695,2016-02-18 15:55:00,1.1095,1.11009,1.109335,1.10995,4.054236677328361,2.8350801162924103e-05,0.00016176890516419356,59.228360386918055,1,-3.2472700563529098,1.10964,1.11009,1.107105,1.10995,2.792918599937227,-0.0012133940979361935,-0.00039518033367437,38.30488281691504,2.0,7.447263960051592,1.11761,1.11932,1.112425,1.1143299999999998,-29.43472759415927,0.009973712007123936,-0.0004737116015917156,62.89603919650575,2.0,-12.169974546386438,2.5600060006000507,-2.5994699469946694
192,696,2016-02-18 16:00:00,1.11011,1.11089,1.109595,1.11076,5.8518491843426075,0.00017007771618282594,0.00024279665614727642,64.48181791209738,2,-9.009009667453864,1.11011,1.11089,1.10822,1.1092,-8.20411107104189,-0.0012753622503665074,-0.00036571878888374713,35.723882459666754,1.0,4.38706936289311,1.11761,1.11932,1.112425,1.1143299999999998,-29.43472759415927,0.009973712007123936,-0.0004737116015917156,62.89603919650575,2.0,-12.169974546386438,1.1123812381238338,-1.1682368236824023
193,697,2016-02-18 16:05:00,1.11077,1.110865,1.110275,1.11036,-3.6924961273823036,0.0002472702824667383,0.00025599137794495095,60.346590104752934,2,-12.259705604994352,1.11011,1.11089,1.10822,1.1092,-8.20411107104189,-0.0012753622503665074,-0.00036571878888374713,35.723882459666754,1.0,4.38706936289311,1.11761,1.11932,1.112425,1.1143299999999998,-29.43472759415927,0.009973712007123936,-0.0004737116015917156,62.89603919650575,2.0,-12.169974546386438,-0.61577157715764,0.48896889688960615
194,698,2016-02-18 16:10:00,1.11035,1.110425,1.109675,1.10975,-5.406623113313214,0.0002562699251966727,0.00021199281653990826,54.59641799484746,2,-8.837245265178918,1.11011,1.11089,1.10822,1.1092,-8.20411107104189,-0.0012753622503665074,-0.00036571878888374713,35.723882459666754,1.0,4.38706936289311,1.11761,1.11932,1.112425,1.1143299999999998,-29.43472759415927,0.009973712007123936,-0.0004737116015917156,62.89603919650575,2.0,-12.169974546386438,-1.4327532753274677,1.3530853085307601
195,699,2016-02-18 16:15:00,1.10975,1.10986,1.1094400000000002,1.10976,0.09010957324165143,0.0002611981931450736,0.00017353686759064731,54.67266856729508,2,-5.771699904778831,1.11011,1.11089,1.10822,1.1092,-8.20411107104189,-0.0012753622503665074,-0.00036571878888374713,35.723882459666754,1.0,4.38706936289311,1.11761,1.11932,1.112425,1.1143299999999998,-29.43472759415927,0.009973712007123936,-0.0004737116015917156,62.89603919650575,2.0,-12.169974546386438,-1.8845884588458497,1.8179117911790494
196,700,2016-02-18 16:20:00,1.10977,1.109845,1.1087950000000002,1.109,-6.943192064922791,0.00020145597352483333,9.103571837632568e-05,48.065910004042905,2,-5.504978693451529,1.11011,1.11089,1.10822,1.1092,-8.20411107104189,-0.0012753622503665074,-0.00036571878888374713,35.723882459666754,1.0,4.38706936289311,1.11761,1.11932,1.112425,1.1143299999999998,-29.43472759415927,0.009973712007123936,-0.0004737116015917156,62.89603919650575,2.0,-12.169974546386438,-1.878247824782448,1.785058505850523
197,701,2016-02-18 16:25:00,1.109,1.10929,1.108565,1.10878,-1.9841627734977807,0.0001348037390811463,1.950678714611089e-05,46.32093483428052,1,-0.3640509726710692,1.11011,1.11089,1.10822,1.1092,-8.20411107104189,-0.0012753622503665074,-0.00036571878888374713,35.723882459666754,1.0,4.38706936289311,1.11761,1.11932,1.112425,1.1143299999999998,-29.43472759415927,0.009973712007123936,-0.0004737116015917156,62.89603919650575,2.0,-12.169974546386438,-1.156145614561441,1.0739973997399397
198,702,2016-02-18 16:30:00,1.10877,1.109165,1.108555,1.10912,3.1556549336417383,0.00010816960965587265,-5.701873823330214e-06,49.37951125500882,2,1.1681039849647463,1.11011,1.11089,1.10822,1.1092,-8.20411107104189,-0.0012753622503665074,-0.00036571878888374713,35.723882459666754,1.0,4.38706936289311,1.11761,1.11932,1.112425,1.1143299999999998,-29.43472759415927,0.009973712007123936,-0.0004737116015917156,62.89603919650575,2.0,-12.169974546386438,-0.6712771277128556,0.6683968396840566
199,703,2016-02-18 16:35:00,1.10911,1.10927,1.10822,1.10837,-6.676470853595487,2.6240652303721745e-05,-7.010466494038489e-05,43.49248892038768,1,11.53933368795845,1.11011,1.11089,1.10822,1.1092,-8.20411107104189,-0.0012753622503665074,-0.00036571878888374713,35.723882459666754,1.0,4.38706936289311,1.11761,1.11932,1.112425,1.1143299999999998,-29.43472759415927,0.009973712007123936,-0.0004737116015917156,62.89603919650575,2.0,-12.169974546386438,0.07127712771257848,-0.025202520251841755
200,704,2016-02-18 16:40:00,1.10838,1.109035,1.108375,1.10873,3.1567649472826784,-9.529791801687892e-06,-8.470008723663564e-05,46.77275309400128,1,4.145280605082818,1.11011,1.11089,1.10822,1.1092,-8.20411107104189,-0.0012753622503665074,-0.00036571878888374713,35.723882459666754,1.0,4.38706936289311,1.11761,1.11932,1.112425,1.1143299999999998,-29.43472759415927,0.009973712007123936,-0.0004737116015917156,62.89603919650575,2.0,-12.169974546386438,1.1777077707768495,-1.0600560056003518
201,705,2016-02-18 16:45:00,1.10874,1.109335,1.10873,1.10926,4.687809891277554,4.8327353725508004e-06,-5.627004804991757e-05,51.25873474370568,1,-1.3539907282511907,1.11011,1.11089,1.10822,1.1092,-8.20411107104189,-0.0012753622503665074,-0.00036571878888374713,35.723882459666754,1.0,4.38706936289311,1.11761,1.11932,1.112425,1.1143299999999998,-29.43472759415927,0.009973712007123936,-0.0004737116015917156,62.89603919650575,2.0,-12.169974546386438,1.643524352435105,-1.4950495049503953
202,706,2016-02-18 16:50:00,1.10927,1.10985,1.10919,1.10968,3.694758849398218,4.953462720003188e-05,-9.254524977949175e-06,54.529232658227045,2,-1.2634312053355257,1.11011,1.11089,1.10822,1.1092,-8.20411107104189,-0.0012753622503665074,-0.00036571878888374713,35.723882459666754,1.0,4.38706936289311,1.11761,1.11932,1.112425,1.1143299999999998,-29.43472759415927,0.009973712007123936,-0.0004737116015917156,62.89603919650575,2.0,-12.169974546386438,1.4500450045003992,-1.3154515451544824
203,707,2016-02-18 16:55:00,1.1096700000000002,1.109785,1.109035,1.1092,-4.237288135592953,4.570238145573669e-05,-1.0469416577795502e-05,50.36953602560272,1,10.723497528872077,1.11011,1.11089,1.10822,1.1092,-8.20411107104189,-0.0012753622503665074,-0.00036571878888374713,35.723882459666754,1.0,4.38706936289311,1.11761,1.11932,1.112425,1.1143299999999998,-29.43472759415927,0.009973712007123936,-0.0004737116015917156,62.89603919650575,2.0,-12.169974546386438,1.3180818081808048,-1.2850085008500787
204,708,2016-02-18 17:00:00,1.1092,1.10932,1.10897,1.10911,-0.8114614420564549,3.4999597679385985e-05,-1.6937760283316966e-05,49.60544070486048,1,10.094023804005758,1.1092,1.11178,1.10897,1.11153,20.962097289321413,-0.0011235098085342619,-0.00017109307764120142,47.548146233488424,2.0,-15.583849415177937,1.11761,1.11932,1.112425,1.1143299999999998,-29.43472759415927,0.009973712007123936,-0.0004737116015917156,62.89603919650575,2.0,-12.169974546386438,1.783788378837868,-1.8109010901090066
205,709,2016-02-18 17:05:00,1.10913,1.110015,1.109105,1.10955,3.785318372313884,6.131508506035388e-05,7.502181678120738e-06,53.33268019912471,1,-1.5801602422108019,1.1092,1.11178,1.10897,1.11153,20.962097289321413,-0.0011235098085342619,-0.00017109307764120142,47.548146233488424,2.0,-15.583849415177937,1.11761,1.11932,1.112425,1.1143299999999998,-29.43472759415927,0.009973712007123936,-0.0004737116015917156,62.89603919650575,2.0,-12.169974546386438,2.169416941694109,-2.239163916391541
206,710,2016-02-18 17:10:00,1.10955,1.11083,1.1094400000000002,1.11054,7.749640598614647,0.00016020824371998366,8.511627227020042e-05,60.4250479515411,2,-10.321363543645584,1.1092,1.11178,1.10897,1.11153,20.962097289321413,-0.0011235098085342619,-0.00017109307764120142,47.548146233488424,2.0,-15.583849415177937,1.11761,1.11932,1.112425,1.1143299999999998,-29.43472759415927,0.009973712007123936,-0.0004737116015917156,62.89603919650575,2.0,-12.169974546386438,1.5334333433341463,-1.646104610460869
207,711,2016-02-18 17:15:00,1.11055,1.11095,1.110285,1.11039,-1.4409351669227746,0.0002238970917445293,0.00011904409623579685,58.96287815137607,2,-8.159317866538402,1.1092,1.11178,1.10897,1.11153,20.962097289321413,-0.0011235098085342619,-0.00017109307764120142,47.548146233488424,2.0,-15.583849415177937,1.11761,1.11932,1.112425,1.1143299999999998,-29.43472759415927,0.009973712007123936,-0.0004737116015917156,62.89603919650575,2.0,-12.169974546386438,0.39759975997574065,-0.49775977597734
208,712,2016-02-18 17:20:00,1.11037,1.110455,1.109345,1.10946,-7.888865673902675,0.00019705619385201883,7.376255867462905e-05,50.76142214327266,0,-1.2620685272616603,1.1092,1.11178,1.10897,1.11153,20.962097289321413,-0.0011235098085342619,-0.00017109307764120142,47.548146233488424,2.0,-15.583849415177937,1.11761,1.11932,1.112425,1.1143299999999998,-29.43472759415927,0.009973712007123936,-0.0004737116015917156,62.89603919650575,2.0,-12.169974546386438,0.19602960296009947,-0.2675867586756643
209,713,2016-02-18 17:25:00,1.1094700000000002,1.109815,1.109345,1.10936,-0.9915627028201351,0.00016580413773858993,3.4008402048960154e-05,49.956769638092524,1,5.675707968971538,1.1092,1.11178,1.10897,1.11153,20.962097289321413,-0.0011235098085342619,-0.00017109307764120142,47.548146233488424,2.0,-15.583849415177937,1.11761,1.11932,1.112425,1.1143299999999998,-29.43472759415927,0.009973712007123936,-0.0004737116015917156,62.89603919650575,2.0,-12.169974546386438,0.854845484548372,-0.9212221222121504
210,714,2016-02-18 17:30:00,1.10932,1.10954,1.109225,1.1094,0.7211105101844056,0.00014262028593781118,8.65964019854511e-06,50.2961675283525,1,4.233792319445767,1.1092,1.11178,1.10897,1.11153,20.962097289321413,-0.0011235098085342619,-0.00017109307764120142,47.548146233488424,2.0,-15.583849415177937,1.11761,1.11932,1.112425,1.1143299999999998,-29.43472759415927,0.009973712007123936,-0.0004737116015917156,62.89603919650575,2.0,-12.169974546386438,1.6116311631163127,-1.7314431443144145
211,715,2016-02-18 17:35:00,1.10941,1.10956,1.1092049999999998,1.1093,-0.9916163346259308,0.00011485378910269795,-1.5285485309254508e-05,49.39425395185553,1,10.358462821300835,1.1092,1.11178,1.10897,1.11153,20.962097289321413,-0.0011235098085342619,-0.00017109307764120142,47.548146233488424,2.0,-15.583849415177937,1.11761,1.11932,1.112425,1.1143299999999998,-29.43472759415927,0.009973712007123936,-0.0004737116015917156,62.89603919650575,2.0,-12.169974546386438,2.6634963496349804,-2.7167916791679017
212,716,2016-02-18 17:40:00,1.10929,1.10999,1.1092799999999998,1.10995,5.946213793413062,0.00014364238800301796,1.0802490872852424e-05,55.03807191117737,1,12.16188962650242,1.1092,1.11178,1.10897,1.11153,20.962097289321413,-0.0011235098085342619,-0.00017109307764120142,47.548146233488424,2.0,-15.583849415177937,1.11761,1.11932,1.112425,1.1143299999999998,-29.43472759415927,0.009973712007123936,-0.0004737116015917156,62.89603919650575,2.0,-12.169974546386438,3.417621762176216,-3.4945394539453636
213,717,2016-02-18 17:45:00,1.10995,1.110015,1.10969,1.10987,-0.7208051393413645,0.0001581788414093399,2.0271155423339464e-05,54.236347852082936,1,10.993084025655874,1.1092,1.11178,1.10897,1.11153,20.962097289321413,-0.0011235098085342619,-0.00017109307764120142,47.548146233488424,2.0,-15.583849415177937,1.11761,1.11932,1.112425,1.1143299999999998,-29.43472759415927,0.009973712007123936,-0.0004737116015917156,62.89603919650575,2.0,-12.169974546386438,3.901090109010931,-4.09406940694068
214,718,2016-02-18 17:50:00,1.10988,1.110455,1.109785,1.11045,5.133054167229137,0.0002140329990192313,6.0900250426584705e-05,58.909653622434256,1,9.368044322239232,1.1092,1.11178,1.10897,1.11153,20.962097289321413,-0.0011235098085342619,-0.00017109307764120142,47.548146233488424,2.0,-15.583849415177937,1.11761,1.11932,1.112425,1.1143299999999998,-29.43472759415927,0.009973712007123936,-0.0004737116015917156,62.89603919650575,2.0,-12.169974546386438,4.40038003800392,-4.577377737773826
215,719,2016-02-18 17:55:00,1.11044,1.11178,1.110405,1.11153,7.749640598614647,0.00034150810257060904,0.0001507002831823699,65.89385297098791,0,-1.3507975612292638,1.1092,1.11178,1.10897,1.11153,20.962097289321413,-0.0011235098085342619,-0.00017109307764120142,47.548146233488424,2.0,-15.583849415177937,1.11761,1.11932,1.112425,1.1143299999999998,-29.43472759415927,0.009973712007123936,-0.0004737116015917156,62.89603919650575,2.0,-12.169974546386438,3.882948294829647,-4.003590359036065
216,720,2016-02-18 18:00:00,1.11155,1.1119450000000002,1.111125,1.11134,-1.8896107401879128,0.0004223332338140207,0.00018522033154062519,63.838098259203356,1,2.6979408913629994,1.11155,1.112355,1.11094,1.11096,-5.310722258227933,-0.0010372036525854167,-6.782953735388474e-05,45.350247143302056,2.0,-2.080169499233876,1.11761,1.11932,1.112425,1.1143299999999998,-29.43472759415927,0.009973712007123936,-0.0004737116015917156,62.89603919650575,2.0,-12.169974546386438,2.984048404840651,-3.1115011501151852
217,721,2016-02-18 18:05:00,1.11135,1.112355,1.1113400000000002,1.11174,3.508014463812496,0.0005127536844029557,0.0002205126257036481,66.22694255903716,0,0.9888920223333048,1.11155,1.112355,1.11094,1.11096,-5.310722258227933,-0.0010372036525854167,-6.782953735388474e-05,45.350247143302056,2.0,-2.080169499233876,1.11761,1.11932,1.112425,1.1143299999999998,-29.43472759415927,0.009973712007123936,-0.0004737116015917156,62.89603919650575,2.0,-12.169974546386438,2.2148614861488305,-2.314041404140633
218,722,2016-02-18 18:10:00,1.11174,1.11185,1.1111950000000002,1.11141,-2.9692012848538463,0.0005514277846145886,0.0002073493807322249,62.555468249706145,1,1.1689439977262457,1.11155,1.112355,1.11094,1.11096,-5.310722258227933,-0.0010372036525854167,-6.782953735388474e-05,45.350247143302056,2.0,-2.080169499233876,1.11761,1.11932,1.112425,1.1143299999999998,-29.43472759415927,0.009973712007123936,-0.0004737116015917156,62.89603919650575,2.0,-12.169974546386438,1.5315431543156852,-1.5952495249527547
219,723,2016-02-18 18:15:00,1.11132,1.1116700000000002,1.111105,1.11156,2.1591277124043504,0.0005874097402263079,0.00019466506907515516,63.54476746180319,0,0.8988660932688894,1.11155,1.112355,1.11094,1.11096,-5.310722258227933,-0.0010372036525854167,-6.782953735388474e-05,45.350247143302056,2.0,-2.080169499233876,1.11761,1.11932,1.112425,1.1143299999999998,-29.43472759415927,0.009973712007123936,-0.0004737116015917156,62.89603919650575,2.0,-12.169974546386438,1.1050305030504937,-1.1431643164318306
220,724,2016-02-18 18:20:00,1.11155,1.1118,1.11155,1.11175,1.7989655947828016,0.0006240632981533434,0.0001850549016017525,64.8129144125787,0,-0.9000995015139122,1.11155,1.112355,1.11094,1.11096,-5.310722258227933,-0.0010372036525854167,-6.782953735388474e-05,45.350247143302056,2.0,-2.080169499233876,1.11761,1.11932,1.112425,1.1143299999999998,-29.43472759415927,0.009973712007123936,-0.0004737116015917156,62.89603919650575,2.0,-12.169974546386438,0.467966796679798,-0.48792879287941776
221,725,2016-02-18 18:25:00,1.11176,1.111825,1.11139,1.11145,-2.7891493094609063,0.0006217370167780345,0.0001461828961811549,61.193271580849455,0,0.9893970739024344,1.11155,1.112355,1.11094,1.11096,-5.310722258227933,-0.0010372036525854167,-6.782953735388474e-05,45.350247143302056,2.0,-2.080169499233876,1.11761,1.11932,1.112425,1.1143299999999998,-29.43472759415927,0.009973712007123936,-0.0004737116015917156,62.89603919650575,2.0,-12.169974546386438,-0.04272427242712051,0.011961196119487958
222,726,2016-02-18 18:30:00,1.11146,1.111675,1.111245,1.1116700000000002,1.8890498079469944,0.0006303789670762949,0.00012385987718353225,62.83255116357086,0,-0.2699241470654173,1.11155,1.112355,1.11094,1.11096,-5.310722258227933,-0.0010372036525854167,-6.782953735388474e-05,45.350247143302056,2.0,-2.080169499233876,1.11761,1.11932,1.112425,1.1143299999999998,-29.43472759415927,0.009973712007123936,-0.0004737116015917156,62.89603919650575,2.0,-12.169974546386438,-0.480528052805274,0.4543054305430485
223,727,2016-02-18 18:35:00,1.11165,1.111735,1.11158,1.11165,0.0,0.0006283704783687227,9.748111078076798e-05,62.57377139041338,0,-2.0694724604385617,1.11155,1.112355,1.11094,1.11096,-5.310722258227933,-0.0010372036525854167,-6.782953735388474e-05,45.350247143302056,2.0,-2.080169499233876,1.11761,1.11932,1.112425,1.1143299999999998,-29.43472759415927,0.009973712007123936,-0.0004737116015917156,62.89603919650575,2.0,-12.169974546386438,-1.1214721472148184,1.051025102510344
224,728,2016-02-18 18:40:00,1.11164,1.1116700000000002,1.1112549999999999,1.11154,-0.8996527340445597,0.0006108610301978067,6.397733008788162e-05,61.08366226479236,2,-4.950333876319176,1.11155,1.112355,1.11094,1.11096,-5.310722258227933,-0.0010372036525854167,-6.782953735388474e-05,45.350247143302056,2.0,-2.080169499233876,1.11761,1.11932,1.112425,1.1143299999999998,-29.43472759415927,0.009973712007123936,-0.0004737116015917156,62.89603919650575,2.0,-12.169974546386438,-1.7469646964696879,1.6368136813681844
225,729,2016-02-18 18:45:00,1.11152,1.111695,1.111285,1.11159,0.6297285869791424,0.0005941700263010219,3.782906095287737e-05,61.53208374476077,2,-9.181881381853787,1.11155,1.112355,1.11094,1.11096,-5.310722258227933,-0.0010372036525854167,-6.782953735388474e-05,45.350247143302056,2.0,-2.080169499233876,1.11761,1.11932,1.112425,1.1143299999999998,-29.43472759415927,0.009973712007123936,-0.0004737116015917156,62.89603919650575,2.0,-12.169974546386438,-2.464936493649403,2.3250025002500707
226,730,2016-02-18 18:50:00,1.11159,1.111685,1.110945,1.11139,-1.7995483133731451,0.0005583674446005826,1.6211834019504636e-06,58.62229196441695,2,-14.050321318403721,1.11155,1.112355,1.11094,1.11096,-5.310722258227933,-0.0010372036525854167,-6.782953735388474e-05,45.350247143302056,2.0,-2.080169499233876,1.11761,1.11932,1.112425,1.1143299999999998,-29.43472759415927,0.009973712007123936,-0.0004737116015917156,62.89603919650575,2.0,-12.169974546386438,-3.277837783778495,3.0542254225424124
227,731,2016-02-18 18:55:00,1.11138,1.1114000000000002,1.11094,1.11096,-3.780514149925173,0.0004896518327888175,-5.367554272785158e-05,52.83704438253246,2,-7.837418562867905,1.11155,1.112355,1.11094,1.11096,-5.310722258227933,-0.0010372036525854167,-6.782953735388474e-05,45.350247143302056,2.0,-2.080169499233876,1.11761,1.11932,1.112425,1.1143299999999998,-29.43472759415927,0.009973712007123936,-0.0004737116015917156,62.89603919650575,2.0,-12.169974546386438,-3.8101910191020383,3.5515551555157145
228,732,2016-02-18 19:00:00,1.11095,1.1109950000000002,1.110375,1.11055,-3.6018189185554728,0.00039752818441418647,-0.0001166393528819863,47.975454315889905,2,-3.785173541217956,1.11095,1.1109950000000002,1.10912,1.1097,-11.264305668200373,-0.001058277705302757,-7.112287205698008e-05,40.854569427879326,1.0,11.254492270215488,1.11761,1.11932,1.112425,1.1143299999999998,-29.43472759415927,0.009973712007123936,-0.0004737116015917156,62.89603919650575,2.0,-12.169974546386438,-3.974677467746788,3.644954495449584
229,733,2016-02-18 19:05:00,1.1105200000000002,1.1105399999999999,1.10975,1.10978,-6.6679882499230745,0.0002593967996828983,-0.0002038165900906196,40.44828793598142,0,0.8104252436523409,1.11095,1.1109950000000002,1.10912,1.1097,-11.264305668200373,-0.001058277705302757,-7.112287205698008e-05,40.854569427879326,1.0,11.254492270215488,1.11761,1.11932,1.112425,1.1143299999999998,-29.43472759415927,0.009973712007123936,-0.0004737116015917156,62.89603919650575,2.0,-12.169974546386438,-3.3912291229122355,3.1338733873386992
230,734,2016-02-18 19:10:00,1.10975,1.11005,1.10968,1.11002,2.4323886056106416,0.00016736341506806696,-0.0002366799797643608,43.42764058640356,0,0.35992934557637724,1.11095,1.1109950000000002,1.10912,1.1097,-11.264305668200373,-0.001058277705302757,-7.112287205698008e-05,40.854569427879326,1.0,11.254492270215488,1.11761,1.11932,1.112425,1.1143299999999998,-29.43472759415927,0.009973712007123936,-0.0004737116015917156,62.89603919650575,2.0,-12.169974546386438,-2.6095409540953476,2.416951695169461
231,735,2016-02-18 19:15:00,1.11001,1.11021,1.1099350000000001,1.11006,0.450426103094477,9.654109475665251e-05,-0.00024600184006062017,43.93112144320345,2,-5.6789017185801205,1.11095,1.1109950000000002,1.10912,1.1097,-11.264305668200373,-0.001058277705302757,-7.112287205698008e-05,40.854569427879326,1.0,11.254492270215488,1.11761,1.11932,1.112425,1.1143299999999998,-29.43472759415927,0.009973712007123936,-0.0004737116015917156,62.89603919650575,2.0,-12.169974546386438,-2.31231123112306,2.1851385138513377
232,736,2016-02-18 19:20:00,1.11006,1.1101549999999998,1.1097299999999999,1.10983,-2.0723894650527783,2.1605760099463467e-05,-0.0002567497397742474,41.63652821131985,2,-3.696649442327288,1.11095,1.1109950000000002,1.10912,1.1097,-11.264305668200373,-0.001058277705302757,-7.112287205698008e-05,40.854569427879326,1.0,11.254492270215488,1.11761,1.11932,1.112425,1.1143299999999998,-29.43472759415927,0.009973712007123936,-0.0004737116015917156,62.89603919650575,2.0,-12.169974546386438,-2.0747074707471254,1.9269326932693707
233,737,2016-02-18 19:25:00,1.10983,1.110105,1.10978,1.11005,1.9818927075346784,-1.980062186945908e-05,-0.00023852489739453598,44.616377537018145,2,-5.588404961060021,1.11095,1.1109950000000002,1.10912,1.1097,-11.264305668200373,-0.001058277705302757,-7.112287205698008e-05,40.854569427879326,1.0,11.254492270215488,1.11761,1.11932,1.112425,1.1143299999999998,-29.43472759415927,0.009973712007123936,-0.0004737116015917156,62.89603919650575,2.0,-12.169974546386438,-2.0519751975198455,1.8479447944795329
234,738,2016-02-18 19:30:00,1.11006,1.11008,1.109325,1.10944,-5.588404961062022,-0.00010067683997183609,-0.0002555208923975304,38.714164097891256,0,0.09013556389067964,1.11095,1.1109950000000002,1.10912,1.1097,-11.264305668200373,-0.001058277705302757,-7.112287205698008e-05,40.854569427879326,1.0,11.254492270215488,1.11761,1.11932,1.112425,1.1143299999999998,-29.43472759415927,0.009973712007123936,-0.0004737116015917156,62.89603919650575,2.0,-12.169974546386438,-1.7911991199120476,1.6326532653265646
235,739,2016-02-18 19:35:00,1.10943,1.109505,1.10929,1.10942,-0.09013718879994473,-0.00016448952549397156,-0.00025546686233573264,38.53417280816859,0,-1.1719557198309434,1.11095,1.1109950000000002,1.10912,1.1097,-11.264305668200373,-0.001058277705302757,-7.112287205698008e-05,40.854569427879326,1.0,11.254492270215488,1.11761,1.11932,1.112425,1.1143299999999998,-29.43472759415927,0.009973712007123936,-0.0004737116015917156,62.89603919650575,2.0,-12.169974546386438,-1.1629962996300542,1.0317931793180006
236,740,2016-02-18 19:40:00,1.10941,1.10949,1.1093,1.10942,0.09013718880194617,-0.0002126106947721862,-0.00024287042529115785,38.53417280816859,0,2.6128282412268065,1.11095,1.1109950000000002,1.10912,1.1097,-11.264305668200373,-0.001058277705302757,-7.112287205698008e-05,40.854569427879326,1.0,11.254492270215488,1.11761,1.11932,1.112425,1.1143299999999998,-29.43472759415927,0.009973712007123936,-0.0004737116015917156,62.89603919650575,2.0,-12.169974546386438,-0.655105510551256,0.5118911891191115
237,741,2016-02-18 19:45:00,1.10943,1.109585,1.109325,1.10944,0.0901355638886782,-0.00024629411007826013,-0.0002212430724777854,38.86381991515466,0,2.2523371598328388,1.11095,1.1109950000000002,1.10912,1.1097,-11.264305668200373,-0.001058277705302757,-7.112287205698008e-05,40.854569427879326,1.0,11.254492270215488,1.11761,1.11932,1.112425,1.1143299999999998,-29.43472759415927,0.009973712007123936,-0.0004737116015917156,62.89603919650575,2.0,-12.169974546386438,-0.20723072307256654,0.07981798179844139
238,742,2016-02-18 19:50:00,1.10943,1.1094400000000002,1.10912,1.1092799999999998,-1.3522284725215676,-0.00028264101255381924,-0.00020607197996267562,37.14741856404449,1,6.127269971406393,1.11095,1.1109950000000002,1.10912,1.1097,-11.264305668200373,-0.001058277705302757,-7.112287205698008e-05,40.854569427879326,1.0,11.254492270215488,1.11761,1.11932,1.112425,1.1143299999999998,-29.43472759415927,0.009973712007123936,-0.0004737116015917156,62.89603919650575,2.0,-12.169974546386438,0.3509050905089147,-0.46210621062092605
239,743,2016-02-18 19:55:00,1.10927,1.109785,1.109245,1.1097,3.874921149859696,-0.00027439267674345125,-0.00015825891532184606,44.123571500347566,1,4.954540298834479,1.11095,1.1109950000000002,1.10912,1.1097,-11.264305668200373,-0.001058277705302757,-7.112287205698008e-05,40.854569427879326,1.0,11.254492270215488,1.11761,1.11932,1.112425,1.1143299999999998,-29.43472759415927,0.009973712007123936,-0.0004737116015917156,62.89603919650575,2.0,-12.169974546386438,0.7022602260226314,-0.788348834883523
240,744,2016-02-18 20:00:00,1.10968,1.10968,1.109275,1.10965,-0.27035551750528986,-0.0002687919272994499,-0.0001221265327022758,43.50451174782487,1,5.4050402922085965,1.10968,1.110385,1.108735,1.10979,0.9911785112503672,-0.0010555490832970804,-5.471540004104271e-05,41.3021736544165,1.0,9.002926820174649,1.11761,1.11932,1.112425,1.1143299999999998,-29.43472759415927,0.009973712007123936,-0.0004737116015917156,62.89603919650575,2.0,-12.169974546386438,0.8165616561656501,-0.8843884388439166
241,745,2016-02-18 20:05:00,1.10964,1.1100450000000002,1.109585,1.10992,2.5227043390519857,-0.00023980225833541982,-7.450949099059654e-05,47.766293441178895,1,3.3326728051208314,1.10968,1.110385,1.108735,1.10979,0.9911785112503672,-0.0010555490832970804,-5.471540004104271e-05,41.3021736544165,1.0,9.002926820174649,1.11761,1.11932,1.112425,1.1143299999999998,-29.43472759415927,0.009973712007123936,-0.0004737116015917156,62.89603919650575,2.0,-12.169974546386438,0.8390839083907913,-0.9108910891088505
242,746,2016-02-18 20:10:00,1.10991,1.110215,1.10983,1.11021,2.702191477287783,-0.00019122286232886587,-2.074407598723409e-05,51.95823575872429,0,-2.1624624348931576,1.10968,1.110385,1.108735,1.10979,0.9911785112503672,-0.0010555490832970804,-5.471540004104271e-05,41.3021736544165,1.0,9.002926820174649,1.11761,1.11932,1.112425,1.1143299999999998,-29.43472759415927,0.009973712007123936,-0.0004737116015917156,62.89603919650575,2.0,-12.169974546386438,0.4606160616061026,-0.5153015301529568
243,747,2016-02-18 20:15:00,1.1102,1.110275,1.1099800000000002,1.11022,0.1801444758688276,-0.00015018518326570532,1.6234882460741207e-05,52.10098628221228,2,-8.562970035728894,1.10968,1.110385,1.108735,1.10979,0.9911785112503672,-0.0010555490832970804,-5.471540004104271e-05,41.3021736544165,1.0,9.002926820174649,1.11761,1.11932,1.112425,1.1143299999999998,-29.43472759415927,0.009973712007123936,-0.0004737116015917156,62.89603919650575,2.0,-12.169974546386438,-0.08725872587262153,0.0749674967497169
244,748,2016-02-18 20:20:00,1.1102299999999998,1.110385,1.11009,1.11028,0.4503368519642205,-0.00011153531866314736,4.390779765063932e-05,53.00330917242504,2,-11.628346068193052,1.10968,1.110385,1.108735,1.10979,0.9911785112503672,-0.0010555490832970804,-5.471540004104271e-05,41.3021736544165,1.0,9.002926820174649,1.11761,1.11932,1.112425,1.1143299999999998,-29.43472759415927,0.009973712007123936,-0.0004737116015917156,62.89603919650575,2.0,-12.169974546386438,-0.6972997299730314,0.6951595159516282
245,749,2016-02-18 20:25:00,1.11025,1.110385,1.109785,1.10994,-2.7929437627262064,-0.00010710553507231602,3.8670064993176565e-05,47.53829429399839,2,-4.5088952388383134,1.10968,1.110385,1.108735,1.10979,0.9911785112503672,-0.0010555490832970804,-5.471540004104271e-05,41.3021736544165,1.0,9.002926820174649,1.11761,1.11932,1.112425,1.1143299999999998,-29.43472759415927,0.009973712007123936,-0.0004737116015917156,62.89603919650575,2.0,-12.169974546386438,-1.1818181818181739,1.1853585358535697
246,750,2016-02-18 20:30:00,1.10995,1.110035,1.109235,1.10926,-6.220363124966911,-0.00015665934524977665,-8.706996147427249e-06,38.89959881389641,1,9.097191822179422,1.10968,1.110385,1.108735,1.10979,0.9911785112503672,-0.0010555490832970804,-5.471540004104271e-05,41.3021736544165,1.0,9.002926820174649,1.11761,1.11932,1.112425,1.1143299999999998,-29.43472759415927,0.009973712007123936,-0.0004737116015917156,62.89603919650575,2.0,-12.169974546386438,-1.0160216021601467,1.0308630863085544
247,751,2016-02-18 20:35:00,1.10926,1.10929,1.108735,1.10897,-2.6150391804999362,-0.00021683216695267404,-5.51038542802597e-05,35.903124343277675,1,7.7475884061989175,1.10968,1.110385,1.108735,1.10979,0.9911785112503672,-0.0010555490832970804,-5.471540004104271e-05,41.3021736544165,1.0,9.002926820174649,1.11761,1.11932,1.112425,1.1143299999999998,-29.43472759415927,0.009973712007123936,-0.0004737116015917156,62.89603919650575,2.0,-12.169974546386438,-0.1837483748374026,0.248784878487762
248,752,2016-02-18 20:40:00,1.10896,1.109505,1.108935,1.10944,4.326507066628533,-0.0002240122162417979,-4.982712285550686e-05,43.49943618050918,1,3.3309742021854416,1.10968,1.110385,1.108735,1.10979,0.9911785112503672,-0.0010555490832970804,-5.471540004104271e-05,41.3021736544165,1.0,9.002926820174649,1.11761,1.11932,1.112425,1.1143299999999998,-29.43472759415927,0.009973712007123936,-0.0004737116015917156,62.89603919650575,2.0,-12.169974546386438,0.5398239823982834,-0.48502850285032745
249,753,2016-02-18 20:45:00,1.10943,1.11028,1.10938,1.11025,7.3857239360508276,-0.00016246938059971688,9.372570229259378e-06,53.68642970616889,2,-8.742475105276155,1.10968,1.110385,1.108735,1.10979,0.9911785112503672,-0.0010555490832970804,-5.471540004104271e-05,41.3021736544165,1.0,9.002926820174649,1.11761,1.11932,1.112425,1.1143299999999998,-29.43472759415927,0.009973712007123936,-0.0004737116015917156,62.89603919650575,2.0,-12.169974546386438,0.5154615461546541,-0.46145614561459924
250,754,2016-02-18 20:50:00,1.11025,1.11035,1.1097299999999999,1.10981,-3.9646425964804415,-0.00014750027141463562,1.947334353147247e-05,48.5641703618165,2,-4.68768556928572,1.10968,1.110385,1.108735,1.10979,0.9911785112503672,-0.0010555490832970804,-5.471540004104271e-05,41.3021736544165,1.0,9.002926820174649,1.11761,1.11932,1.112425,1.1143299999999998,-29.43472759415927,0.009973712007123936,-0.0004737116015917156,62.89603919650575,2.0,-12.169974546386438,0.052225222522308226,-0.07612761276133367
251,755,2016-02-18 20:55:00,1.1098,1.1099350000000001,1.10937,1.10979,-0.0901071373849419,-0.00013568686368947702,2.502940100530485e-05,48.33840807967603,2,-0.002197240525583233,1.10968,1.110385,1.108735,1.10979,0.9911785112503672,-0.0010555490832970804,-5.471540004104271e-05,41.3021736544165,1.0,9.002926820174649,1.11761,1.11932,1.112425,1.1143299999999998,-29.43472759415927,0.009973712007123936,-0.0004737116015917156,62.89603919650575,2.0,-12.169974546386438,0.019181918191875046,-0.029972997299787703
0,1005,2016-02-22 00:00:00,1.11222,1.11242,1.112085,1.11234,1.078806839636442,0.0,1.7134011318375987e-05,51.40060376042485,2,-5.0367605960040285,1.11222,1.11242,1.11097,1.11124,-8.818976998667983,-8.132322329923447e-05,-0.0003246348064594505,58.02266807665069,1.0,-0.09087030904221692,1.11222,1.11242,1.10032,1.10251,-88.07176352141826,0.005262506348230335,-0.002595862539508853,59.93443373333021,2.0,-2.002570200828372,0.0,0.0
1,1006,2016-02-22 00:05:00,1.11235,1.11238,1.112015,1.11204,-2.7876695082913607,-2.393162393166115e-05,-5.438090090628128e-06,0.0,2,-3.688393026271908,1.11222,1.11242,1.11097,1.11124,-8.818976998667983,-8.132322329923447e-05,-0.0003246348064594505,58.02266807665069,1.0,-0.09087030904221692,1.11222,1.11242,1.10032,1.10251,-88.07176352141826,0.005262506348230335,-0.002595862539508853,59.93443373333021,2.0,-2.002570200828372,0.0,0.0
2,1007,2016-02-22 00:10:00,1.11205,1.11222,1.111905,1.1122,1.3486782952714844,-2.9645213918794152e-05,-8.921344062208904e-06,36.48208469056232,2,-5.486873408626026,1.11222,1.11242,1.11097,1.11124,-8.818976998667983,-8.132322329923447e-05,-0.0003246348064594505,58.02266807665069,1.0,-0.09087030904221692,1.11222,1.11242,1.10032,1.10251,-88.07176352141826,0.005262506348230335,-0.002595862539508853,59.93443373333021,2.0,-2.002570200828372,0.0,0.0
3,1008,2016-02-22 00:15:00,1.1122,1.1122299999999998,1.111725,1.1118,-3.597769382984152,-6.569266802358698e-05,-3.597503853360138e-05,18.404752875749878,0,-0.7197448344789599,1.11222,1.11242,1.11097,1.11124,-8.818976998667983,-8.132322329923447e-05,-0.0003246348064594505,58.02266807665069,1.0,-0.09087030904221692,1.11222,1.11242,1.10032,1.10251,-88.07176352141826,0.005262506348230335,-0.002595862539508853,59.93443373333021,2.0,-2.002570200828372,0.0,0.0
4,1009,2016-02-22 00:20:00,1.11181,1.111885,1.1116,1.11165,-1.4393019385592405,-0.00010515215294293334,-6.034761876235819e-05,15.335877429662258,0,0.9893995161114248,1.11222,1.11242,1.11097,1.11124,-8.818976998667983,-8.132322329923447e-05,-0.0003246348064594505,58.02266807665069,1.0,-0.09087030904221692,1.11222,1.11242,1.10032,1.10251,-88.07176352141826,0.005262506348230335,-0.002595862539508853,59.93443373333021,2.0,-2.002570200828372,0.0,0.0
5,1010,2016-02-22 00:25:00,1.11165,1.111675,1.1115400000000002,1.1116,-0.4498020870826333,-0.0001388579926611122,-7.524276678442965e-05,14.469765174461285,0,2.0687942567473394,1.11222,1.11242,1.11097,1.11124,-8.818976998667983,-8.132322329923447e-05,-0.0003246348064594505,58.02266807665069,1.0,-0.09087030904221692,1.11222,1.11242,1.10032,1.10251,-88.07176352141826,0.005262506348230335,-0.002595862539508853,59.93443373333021,2.0,-2.002570200828372,0.0,0.0
6,1011,2016-02-22 00:30:00,1.11159,1.1117549999999998,1.111545,1.11172,1.169359191162914,-0.00015411062500247932,-7.239631930063738e-05,25.364286841807708,0,-1.6195699274438498,1.11222,1.11242,1.11097,1.11124,-8.818976998667983,-8.132322329923447e-05,-0.0003246348064594505,58.02266807665069,1.0,-0.09087030904221692,1.11222,1.11242,1.10032,1.10251,-88.07176352141826,0.005262506348230335,-0.002595862539508853,59.93443373333021,2.0,-2.002570200828372,0.0,0.0
7,1012,2016-02-22 00:35:00,1.11173,1.1118,1.11161,1.11176,0.26984241203114423,-0.00016111356344650218,-6.35194061957282e-05,28.62776871929452,2,-6.659846448978232,1.11222,1.11242,1.11097,1.11124,-8.818976998667983,-8.132322329923447e-05,-0.0003246348064594505,58.02266807665069,1.0,-0.09087030904221692,1.11222,1.11242,1.10032,1.10251,-88.07176352141826,0.005262506348230335,-0.002595862539508853,59.93443373333021,2.0,-2.002570200828372,0.0,0.0
8,1013,2016-02-22 00:40:00,1.11176,1.1119350000000001,1.11171,1.11183,0.6295926535532814,-0.00015918009854143378,-4.926875303252783e-05,34.061478694343506,2,-5.129689633469765,1.11222,1.11242,1.11097,1.11124,-8.818976998667983,-8.132322329923447e-05,-0.0003246348064594505,58.02266807665069,1.0,-0.09087030904221692,1.11222,1.11242,1.10032,1.10251,-88.07176352141826,0.005262506348230335,-0.002595862539508853,59.93443373333021,2.0,-2.002570200828372,0.0,0.0
9,1014,2016-02-22 00:45:00,1.11183,1.11187,1.11153,1.11155,-2.5190049930282754,-0.00017818743972952689,-5.462087537649676e-05,25.649608017645875,2,-5.1310047210922525,1.11222,1.11242,1.11097,1.11124,-8.818976998667983,-8.132322329923447e-05,-0.0003246348064594505,58.02266807665069,1.0,-0.09087030904221692,1.11222,1.11242,1.10032,1.10251,-88.07176352141826,0.005262506348230335,-0.002595862539508853,59.93443373333021,2.0,-2.002570200828372,0.0,0.0
10,1015,2016-02-22 00:50:00,1.11154,1.11156,1.111005,1.11101,-4.770434109503238,-0.0002341255282416466,-8.844717111089313e-05,16.95371246813974,0,-0.8106520763330841,1.11222,1.11242,1.11097,1.11124,-8.818976998667983,-8.132322329923447e-05,-0.0003246348064594505,58.02266807665069,1.0,-0.09087030904221692,1.11222,1.11242,1.10032,1.10251,-88.07176352141826,0.005262506348230335,-0.002595862539508853,59.93443373333021,2.0,-2.002570200828372,0.0,0.0
11,1016,2016-02-22 00:55:00,1.111,1.1113400000000002,1.11097,1.11124,2.1597494690617505,-0.00025693599042919685,-8.900610663875468e-05,28.1300538997682,2,-4.410869697545724,1.11222,1.11242,1.11097,1.11124,-8.818976998667983,-8.132322329923447e-05,-0.0003246348064594505,58.02266807665069,1.0,-0.09087030904221692,1.11222,1.11242,1.10032,1.10251,-88.07176352141826,0.005262506348230335,-0.002595862539508853,59.93443373333021,2.0,-2.002570200828372,0.0,0.0
12,1017,2016-02-22 01:00:00,1.11125,1.111325,1.110905,1.11097,-2.5203200806507646,-0.0002934178512268293,-0.00010039037394910972,24.03995588139173,0,-1.6204715643379997,1.11125,1.11179,1.110375,1.11162,3.3284755581941803,-4.505053853920416e-05,-0.00023068969735953618,86.7088694925787,2.0,-6.299841312453856,1.11222,1.11242,1.10032,1.10251,-88.07176352141826,0.005262506348230335,-0.002595862539508853,59.93443373333021,2.0,-2.002570200828372,0.0,0.0
13,1018,2016-02-22 01:05:00,1.11096,1.11097,1.11056,1.11091,-0.4500814647440699,-0.00032344303730780233,-0.0001043324480240662,23.23157870260971,0,-1.4404730150487448,1.11125,1.11179,1.110375,1.11162,3.3284755581941803,-4.505053853920416e-05,-0.00023068969735953618,86.7088694925787,2.0,-6.299841312453856,1.11222,1.11242,1.10032,1.10251,-88.07176352141826,0.005262506348230335,-0.002595862539508853,59.93443373333021,2.0,-2.002570200828372,0.0,0.0
14,1019,2016-02-22 01:10:00,1.11091,1.11096,1.110635,1.11075,-1.4404681521508893,-0.0003560446157209185,-0.00010954722114974584,21.185714045192142,0,-0.6302380491769093,1.11125,1.11179,1.110375,1.11162,3.3284755581941803,-4.505053853920416e-05,-0.00023068969735953618,86.7088694925787,2.0,-6.299841312453856,1.11222,1.11242,1.10032,1.10251,-88.07176352141826,0.005262506348230335,-0.002595862539508853,59.93443373333021,2.0,-2.002570200828372,0.0,0.0
15,1020,2016-02-22 01:15:00,1.11076,1.1109950000000002,1.11056,1.11079,0.2700780525569594,-0.0003743387912213958,-0.00010227311732017848,23.0110847210767,0,-1.890780629597928,1.11125,1.11179,1.110375,1.11162,3.3284755581941803,-4.505053853920416e-05,-0.00023068969735953618,86.7088694925787,2.0,-6.299841312453856,1.11222,1.11242,1.10032,1.10251,-88.07176352141826,0.005262506348230335,-0.002595862539508853,59.93443373333021,2.0,-2.002570200828372,0.0,0.0
16,1021,2016-02-22 01:20:00,1.1108,1.11097,1.110645,1.11077,-0.27008291545481505,-0.0003860013071692592,-9.114850661443343e-05,22.727648521389042,0,2.429488594425637,1.11125,1.11179,1.110375,1.11162,3.3284755581941803,-4.505053853920416e-05,-0.00023068969735953618,86.7088694925787,2.0,-6.299841312453856,1.11222,1.11242,1.10032,1.10251,-88.07176352141826,0.005262506348230335,-0.002595862539508853,59.93443373333021,2.0,-2.002570200828372,0.0,0.0
17,1022,2016-02-22 01:25:00,1.11077,1.110765,1.110375,1.1107,-0.6302331862790537,-0.00039632377627785154,-8.117678057842061e-05,21.719286440893512,1,4.499567717188929,1.11125,1.11179,1.110375,1.11162,3.3284755581941803,-4.505053853920416e-05,-0.00023068969735953618,86.7088694925787,2.0,-6.299841312453856,1.11222,1.11242,1.10032,1.10251,-88.07176352141826,0.005262506348230335,-0.002595862539508853,59.93443373333021,2.0,-2.002570200828372,0.0,0.0
18,1023,2016-02-22 01:30:00,1.1107,1.1108049999999998,1.1104850000000002,1.11059,-0.9904645278640588,-0.000408669599353928,-7.481808292359761e-05,20.20242850457859,1,7.559363850943857,1.11125,1.11179,1.110375,1.11162,3.3284755581941803,-4.505053853920416e-05,-0.00023068969735953618,86.7088694925787,2.0,-6.299841312453856,1.11222,1.11242,1.10032,1.10251,-88.07176352141826,0.005262506348230335,-0.002595862539508853,59.93443373333021,2.0,-2.002570200828372,0.0,0.0
19,1024,2016-02-22 01:35:00,1.11061,1.11107,1.110535,1.11106,4.050186308568748,-0.00037619217185702597,-3.3872524341356524e-05,39.60942664406614,1,3.5991468628374195,1.11125,1.11179,1.110375,1.11162,3.3284755581941803,-4.505053853920416e-05,-0.00023068969735953618,86.7088694925787,2.0,-6.299841312453856,1.11222,1.11242,1.10032,1.10251,-88.07176352141826,0.005262506348230335,-0.002595862539508853,59.93443373333021,2.0,-2.002570200828372,0.0,0.0
20,1025,2016-02-22 01:40:00,1.11107,1.11127,1.11102,1.11123,1.439845936484238,-0.0003328985500643533,7.536877961052969e-06,44.8353749248088,1,3.3287653116643803,1.11125,1.11179,1.110375,1.11162,3.3284755581941803,-4.505053853920416e-05,-0.00023068969735953618,86.7088694925787,2.0,-6.299841312453856,1.11222,1.11242,1.10032,1.10251,-88.07176352141826,0.005262506348230335,-0.002595862539508853,59.93443373333021,2.0,-2.002570200828372,0.0,0.0
21,1026,2016-02-22 01:45:00,1.11124,1.11155,1.111225,1.1114700000000002,2.069331605890869,-0.0002760400309955724,5.151631762386714e-05,51.24929911027981,0,0.629688122990823,1.11125,1.11179,1.110375,1.11162,3.3284755581941803,-4.505053853920416e-05,-0.00023068969735953618,86.7088694925787,2.0,-6.299841312453856,1.11222,1.11242,1.10032,1.10251,-88.07176352141826,0.005262506348230335,-0.002595862539508853,59.93443373333021,2.0,-2.002570200828372,0.0,0.0
22,1027,2016-02-22 01:50:00,1.11148,1.11179,1.1114600000000001,1.11149,0.08996932046231196,-0.0002267515612863757,8.064382986645104e-05,51.75272939589656,0,1.25936977180913,1.11125,1.11179,1.110375,1.11162,3.3284755581941803,-4.505053853920416e-05,-0.00023068969735953618,86.7088694925787,2.0,-6.299841312453856,1.11222,1.11242,1.10032,1.10251,-88.07176352141826,0.005262506348230335,-0.002595862539508853,59.93443373333021,2.0,-2.002570200828372,0.0,0.0
23,1028,2016-02-22 01:55:00,1.11149,1.1117,1.1114600000000001,1.11162,1.1694643853111988,-0.0001751808051180248,0.00010577166882784158,55.00523813569559,0,-5.179388479620295e-05,1.11125,1.11179,1.110375,1.11162,3.3284755581941803,-4.505053853920416e-05,-0.00023068969735953618,86.7088694925787,2.0,-6.299841312453856,1.11222,1.11242,1.10032,1.10251,-88.07176352141826,0.005262506348230335,-0.002595862539508853,59.93443373333021,2.0,-2.002570200828372,0.0,0.0
24,1029,2016-02-22 02:00:00,1.11163,1.11166,1.1113049999999998,1.11156,-0.6297455827826878,-0.00013756632885941755,0.00011470891606915903,53.221919938872034,0,1.7990109077021794,1.11163,1.11212,1.1113049999999998,1.11153,-0.8996608278677948,-2.3297859157223044e-05,-0.00016714961438204408,73.83866003112905,2.0,-2.610529190997468,1.11222,1.11242,1.10032,1.10251,-88.07176352141826,0.005262506348230335,-0.002595862539508853,59.93443373333021,2.0,-2.002570200828372,0.0,0.0
25,1030,2016-02-22 02:05:00,1.1115700000000002,1.1118450000000002,1.11156,1.11165,0.719650969280619,-9.934910297149102e-05,0.00012234091356566848,55.549870560836,0,2.6981377611660093,1.11163,1.11212,1.1113049999999998,1.11153,-0.8996608278677948,-2.3297859157223044e-05,-0.00016714961438204408,73.83866003112905,2.0,-2.610529190997468,1.11222,1.11242,1.10032,1.10251,-88.07176352141826,0.005262506348230335,-0.002595862539508853,59.93443373333021,2.0,-2.002570200828372,0.0,0.0
26,1031,2016-02-22 02:10:00,1.11165,1.11178,1.111355,1.11164,-0.08995718038272743,-6.907236926467775e-05,0.00012209411781798546,55.22103551866702,0,-0.0005525644111648018,1.11163,1.11212,1.1113049999999998,1.11153,-0.8996608278677948,-2.3297859157223044e-05,-0.00016714961438204408,73.83866003112905,2.0,-2.610529190997468,1.11222,1.11242,1.10032,1.10251,-88.07176352141826,0.005262506348230335,-0.002595862539508853,59.93443373333021,2.0,-2.002570200828372,0.0,0.0
27,1032,2016-02-22 02:15:00,1.11163,1.1117549999999998,1.111595,1.11176,1.169317118804288,-3.4991482522839235e-05,0.00012494000364785915,58.40318821115851,0,-2.8793482922389124,1.11163,1.11212,1.1113049999999998,1.11153,-0.8996608278677948,-2.3297859157223044e-05,-0.00016714961438204408,73.83866003112905,2.0,-2.610529190997468,1.11222,1.11242,1.10032,1.10251,-88.07176352141826,0.005262506348230335,-0.002595862539508853,59.93443373333021,2.0,-2.002570200828372,0.0,0.0
28,1033,2016-02-22 02:20:00,1.11177,1.11212,1.111765,1.11195,1.6187778227444491,7.265525408861606e-06,0.000133757609263648,62.89882919678422,2,-4.048283559878697,1.11163,1.11212,1.1113049999999998,1.11153,-0.8996608278677948,-2.3297859157223044e-05,-0.00016714961438204408,73.83866003112905,2.0,-2.610529190997468,1.11222,1.11242,1.10032,1.10251,-88.07176352141826,0.005262506348230335,-0.002595862539508853,59.93443373333021,2.0,-2.002570200828372,0.0,0.0
29,1034,2016-02-22 02:25:00,1.11196,1.111955,1.111615,1.11165,-2.7886475059599016,1.635844586367341e-05,0.00011428042377476785,53.13415623826965,0,-1.3496053743791094,1.11163,1.11212,1.1113049999999998,1.11153,-0.8996608278677948,-2.3297859157223044e-05,-0.00016714961438204408,73.83866003112905,2.0,-2.610529190997468,1.11222,1.11242,1.10032,1.10251,-88.07176352141826,0.005262506348230335,-0.002595862539508853,59.93443373333021,2.0,-2.002570200828372,0.0,0.0
30,1035,2016-02-22 02:30:00,1.11164,1.1118,1.111425,1.11145,-1.70947860902346,7.341691851125986e-06,8.421093580977633e-05,47.805845229892405,0,1.0795824721131329,1.11163,1.11212,1.1113049999999998,1.11153,-0.8996608278677948,-2.3297859157223044e-05,-0.00016714961438204408,73.83866003112905,2.0,-2.610529190997468,1.11222,1.11242,1.10032,1.10251,-88.07176352141826,0.005262506348230335,-0.002595862539508853,59.93443373333021,2.0,-2.002570200828372,0.0,0.0
31,1036,2016-02-22 02:35:00,1.11145,1.111565,1.11144,1.1115,0.44984255510466464,4.182221421400456e-06,6.484117230404065e-05,49.17796653483365,0,0.7197027623519326,1.11163,1.11212,1.1113049999999998,1.11153,-0.8996608278677948,-2.3297859157223044e-05,-0.00016714961438204408,73.83866003112905,2.0,-2.610529190997468,1.11222,1.11242,1.10032,1.10251,-88.07176352141826,0.005262506348230335,-0.002595862539508853,59.93443373333021,2.0,-2.002570200828372,0.0,0.0
32,1037,2016-02-22 02:40:00,1.1115,1.111575,1.11146,1.11149,-0.08996932046031424,8.614714102073151e-07,4.9216337834278006e-05,48.901078775030285,0,0.3598416688773507,1.11163,1.11212,1.1113049999999998,1.11153,-0.8996608278677948,-2.3297859157223044e-05,-0.00016714961438204408,73.83866003112905,2.0,-2.610529190997468,1.11222,1.11242,1.10032,1.10251,-88.07176352141826,0.005262506348230335,-0.002595862539508853,59.93443373333021,2.0,-2.002570200828372,0.0,0.0
33,1038,2016-02-22 02:45:00,1.11148,1.11158,1.111325,1.11156,0.7197092374687826,3.833972439748479e-06,4.175107109105534e-05,50.981613302316596,0,-2.699532996434593,1.11163,1.11212,1.1113049999999998,1.11153,-0.8996608278677948,-2.3297859157223044e-05,-0.00016714961438204408,73.83866003112905,2.0,-2.610529190997468,1.11222,1.11242,1.10032,1.10251,-88.07176352141826,0.005262506348230335,-0.002595862539508853,59.93443373333021,2.0,-2.002570200828372,0.0,0.0
34,1039,2016-02-22 02:50:00,1.11156,1.1116,1.111505,1.1115700000000002,0.08996284534346435,6.916883816820985e-06,3.5867185974502285e-05,51.28675174749581,2,-3.0594620959960497,1.11163,1.11212,1.1113049999999998,1.11153,-0.8996608278677948,-2.3297859157223044e-05,-0.00016714961438204408,73.83866003112905,2.0,-2.610529190997468,1.11222,1.11242,1.10032,1.10251,-88.07176352141826,0.005262506348230335,-0.002595862539508853,59.93443373333021,2.0,-2.002570200828372,0.0,0.0
35,1040,2016-02-22 02:55:00,1.11158,1.1116549999999998,1.1114000000000002,1.11153,-0.4498304139348962,6.062562145414674e-06,2.801029144247677e-05,49.947397514646546,0,-2.699621243272643,1.11163,1.11212,1.1113049999999998,1.11153,-0.8996608278677948,-2.3297859157223044e-05,-0.00016714961438204408,73.83866003112905,2.0,-2.610529190997468,1.11222,1.11242,1.10032,1.10251,-88.07176352141826,0.005262506348230335,-0.002595862539508853,59.93443373333021,2.0,-2.002570200828372,0.0,0.0
36,1041,2016-02-22 03:00:00,1.11153,1.111535,1.11124,1.11127,-2.339665427843161,-1.5416607963114615e-05,5.224897067157991e-06,42.227918732978026,0,-0.9899224271991888,1.11153,1.111535,1.1109,1.11125,-2.519685039368602,-2.832584130318949e-05,-0.00013774207722240842,49.31439481105484,1.0,4.316661200340834,1.11222,1.11242,1.10032,1.10251,-88.07176352141826,0.005262506348230335,-0.002595862539508853,59.93443373333021,2.0,-2.002570200828372,0.0,0.0
37,1042,2016-02-22 03:05:00,1.1112799999999998,1.1113049999999998,1.111225,1.11125,-0.26996625421799314,-3.3664771347918794e-05,-1.0418613054116943e-05,41.694103352066655,0,-0.539970571830107,1.11153,1.111535,1.1109,1.11125,-2.519685039368602,-2.832584130318949e-05,-0.00013774207722240842,49.31439481105484,1.0,4.316661200340834,1.11222,1.11242,1.10032,1.10251,-88.07176352141826,0.005262506348230335,-0.002595862539508853,59.93443373333021,2.0,-2.002570200828372,0.0,0.0
38,1043,2016-02-22 03:10:00,1.11125,1.111345,1.1110449999999998,1.11124,-0.08998956121148907,-4.837584213257529e-05,-2.010374707101875e-05,41.41221666134171,0,-1.6200348330941232,1.11153,1.111535,1.1109,1.11125,-2.519685039368602,-2.832584130318949e-05,-0.00013774207722240842,49.31439481105484,1.0,4.316661200340834,1.11222,1.11242,1.10032,1.10251,-88.07176352141826,0.005262506348230335,-0.002595862539508853,59.93443373333021,2.0,-2.002570200828372,0.0,0.0
39,1044,2016-02-22 03:15:00,1.11124,1.111325,1.111075,1.11117,-0.6299666117697067,-6.493436377730255e-05,-2.9329814972596806e-05,39.40394543931918,0,-0.7200655212976459,1.11153,1.111535,1.1109,1.11125,-2.519685039368602,-2.832584130318949e-05,-0.00013774207722240842,49.31439481105484,1.0,4.316661200340834,1.11222,1.11242,1.10032,1.10251,-88.07176352141826,0.005262506348230335,-0.002595862539508853,59.93443373333021,2.0,-2.002570200828372,0.0,0.0
40,1045,2016-02-22 03:20:00,1.1111799999999998,1.1113049999999998,1.11117,1.1112,0.17998560115108872,-7.477440935299562e-05,-3.1335888438631905e-05,40.73052369825774,0,-1.53009711580638,1.11153,1.111535,1.1109,1.11125,-2.519685039368602,-2.832584130318949e-05,-0.00013774207722240842,49.31439481105484,1.0,4.316661200340834,1.11222,1.11242,1.10032,1.10251,-88.07176352141826,0.005262506348230335,-0.002595862539508853,59.93443373333021,2.0,-2.002570200828372,0.0,0.0
41,1046,2016-02-22 03:25:00,1.11119,1.111325,1.110975,1.11106,-1.1700538224755053,-9.279980791698784e-05,-3.948902960209929e-05,36.693434414130024,0,1.1698343164603733,1.11153,1.111535,1.1109,1.11125,-2.519685039368602,-2.832584130318949e-05,-0.00013774207722240842,49.31439481105484,1.0,4.316661200340834,1.11222,1.11242,1.10032,1.10251,-88.07176352141826,0.005262506348230335,-0.002595862539508853,59.93443373333021,2.0,-2.002570200828372,0.0,0.0
42,1047,2016-02-22 03:30:00,1.11107,1.1111049999999998,1.1109,1.1111,0.2700027000267707,-0.00010267384032003336,-3.9490449604115836e-05,38.566990885150304,0,0.3598553753866693,1.11153,1.111535,1.1109,1.11125,-2.519685039368602,-2.832584130318949e-05,-0.00013774207722240842,49.31439481105484,1.0,4.316661200340834,1.11222,1.11242,1.10032,1.10251,-88.07176352141826,0.005262506348230335,-0.002595862539508853,59.93443373333021,2.0,-2.002570200828372,0.0,0.0
43,1048,2016-02-22 03:35:00,1.1111,1.11111,1.110945,1.11103,-0.6300459933576456,-0.00011482387892280954,-4.1312390565513626e-05,36.52954968125406,0,0.26987472775787835,1.11153,1.111535,1.1109,1.11125,-2.519685039368602,-2.832584130318949e-05,-0.00013774207722240842,49.31439481105484,1.0,4.316661200340834,1.11222,1.11242,1.10032,1.10251,-88.07176352141826,0.005262506348230335,-0.002595862539508853,59.93443373333021,2.0,-2.002570200828372,0.0,0.0
44,1049,2016-02-22 03:40:00,1.11103,1.11127,1.1110099999999998,1.1112,1.529877609791248,-0.00010947335214206431,-2.876949102781472e-05,44.23451016434645,0,0.449783394683251,1.11153,1.111535,1.1109,1.11125,-2.519685039368602,-2.832584130318949e-05,-0.00013774207722240842,49.31439481105484,1.0,4.316661200340834,1.11222,1.11242,1.10032,1.10251,-88.07176352141826,0.005262506348230335,-0.002595862539508853,59.93443373333021,2.0,-2.002570200828372,0.0,0.0
45,1050,2016-02-22 03:45:00,1.11122,1.111275,1.111145,1.11116,-0.5399762410469332,-0.00010722466760326732,-2.121664519121416e-05,42.91443698143862,0,0.3597930239604775,1.11153,1.111535,1.1109,1.11125,-2.519685039368602,-2.832584130318949e-05,-0.00013774207722240842,49.31439481105484,1.0,4.316661200340834,1.11222,1.11242,1.10032,1.10251,-88.07176352141826,0.005262506348230335,-0.002595862539508853,59.93443373333021,2.0,-2.002570200828372,0.0,0.0
46,1051,2016-02-22 03:50:00,1.11115,1.111145,1.11105,1.11107,-0.7200266409864365,-0.00011142043136791455,-2.0329927164689128e-05,40.0205159819209,0,-1.35062024467666,1.11153,1.111535,1.1109,1.11125,-2.519685039368602,-2.832584130318949e-05,-0.00013774207722240842,49.31439481105484,1.0,4.316661200340834,1.11222,1.11242,1.10032,1.10251,-88.07176352141826,0.005262506348230335,-0.002595862539508853,59.93443373333021,2.0,-2.002570200828372,0.0,0.0
47,1052,2016-02-22 03:55:00,1.11106,1.1113049999999998,1.111035,1.11125,1.7097862767166208,-9.907898780592284e-05,-6.390786882157901e-06,47.62732767713821,2,-3.6005285889800964,1.11153,1.111535,1.1109,1.11125,-2.519685039368602,-2.832584130318949e-05,-0.00013774207722240842,49.31439481105484,1.0,4.316661200340834,1.11222,1.11242,1.10032,1.10251,-88.07176352141826,0.005262506348230335,-0.002595862539508853,59.93443373333021,2.0,-2.002570200828372,0.0,0.0
48,1053,2016-02-22 04:00:00,1.11124,1.11127,1.1111,1.11117,-0.6299666117697067,-9.466242674971426e-05,-1.579380660759444e-06,44.90170971091422,2,-3.8708545723036965,1.11124,1.11127,1.11057,1.11092,-2.8804954452174596,-5.8267128268951744e-05,-0.00013414669135053658,34.69049303178579,1.0,-19.27734815125718,1.11222,1.11242,1.10032,1.10251,-88.07176352141826,0.005262506348230335,-0.002595862539508853,59.93443373333021,2.0,-2.002570200828372,0.0,0.0
49,1054,2016-02-22 04:05:00,1.1111799999999998,1.1112350000000002,1.110865,1.11091,-2.4304399096235745,-0.00011086412476246643,-1.4224862938809295e-05,37.408798692345016,0,-1.8005446696109857,1.11124,1.11127,1.11057,1.11092,-2.8804954452174596,-5.8267128268951744e-05,-0.00013414669135053658,34.69049303178579,1.0,-19.27734815125718,1.11222,1.11242,1.10032,1.10251,-88.07176352141826,0.005262506348230335,-0.002595862539508853,59.93443373333021,2.0,-2.002570200828372,0.0,0.0
50,1055,2016-02-22 04:10:00,1.11092,1.11095,1.110735,1.11086,-0.5401220675868155,-0.0001262829579660174,-2.371495691388821e-05,36.159151916567815,0,-0.9903323918942162,1.11124,1.11127,1.11057,1.11092,-2.8804954452174596,-5.8267128268951744e-05,-0.00013414669135053658,34.69049303178579,1.0,-19.27734815125718,1.11222,1.11242,1.10032,1.10251,-88.07176352141826,0.005262506348230335,-0.002595862539508853,59.93443373333021,2.0,-2.002570200828372,0.0,0.0
51,1056,2016-02-22 04:15:00,1.11085,1.11085,1.110735,1.11075,-0.9002925950933063,-0.00014569904713734874,-3.450483686817561e-05,33.50723752859627,0,0.09001872221695179,1.11124,1.11127,1.11057,1.11092,-2.8804954452174596,-5.8267128268951744e-05,-0.00013414669135053658,34.69049303178579,1.0,-19.27734815125718,1.11222,1.11242,1.10032,1.10251,-88.07176352141826,0.005262506348230335,-0.002595862539508853,59.93443373333021,2.0,-2.002570200828372,0.0,0.0
52,1057,2016-02-22 04:20:00,1.11075,1.11083,1.11057,1.11071,-0.3601300069308637,-0.0001624415780021593,-4.0997894186388956e-05,32.571757655502246,0,1.4403814338319083,1.11124,1.11127,1.11057,1.11092,-2.8804954452174596,-5.8267128268951744e-05,-0.00013414669135053658,34.69049303178579,1.0,-19.27734815125718,1.11222,1.11242,1.10032,1.10251,-88.07176352141826,0.005262506348230335,-0.002595862539508853,59.93443373333021,2.0,-2.002570200828372,0.0,0.0
53,1058,2016-02-22 04:25:00,1.11071,1.1107550000000002,1.11063,1.11074,0.2700902101299538,-0.0001713145970214658,-3.9896730564556346e-05,34.058717230536374,0,2.700402921855951,1.11124,1.11127,1.11057,1.11092,-2.8804954452174596,-5.8267128268951744e-05,-0.00013414669135053658,34.69049303178579,1.0,-19.27734815125718,1.11222,1.11242,1.10032,1.10251,-88.07176352141826,0.005262506348230335,-0.002595862539508853,59.93443373333021,2.0,-2.002570200828372,0.0,0.0
54,1059,2016-02-22 04:30:00,1.11073,1.110845,1.110715,1.11075,0.18005851901786166,-0.00017551636865187348,-3.5278801755971235e-05,34.57662650209599,0,2.5203444028380897,1.11124,1.11127,1.11057,1.11092,-2.8804954452174596,-5.8267128268951744e-05,-0.00013414669135053658,34.69049303178579,1.0,-19.27734815125718,1.11222,1.11242,1.10032,1.10251,-88.07176352141826,0.005262506348230335,-0.002595862539508853,59.93443373333021,2.0,-2.002570200828372,0.0,0.0
55,1060,2016-02-22 04:35:00,1.11074,1.1108699999999998,1.110735,1.11085,0.990232704684093,-0.0001688309604575,-2.2874714849278226e-05,39.678753724420034,0,1.1700724538760103,1.11124,1.11127,1.11057,1.11092,-2.8804954452174596,-5.8267128268951744e-05,-0.00013414669135053658,34.69049303178579,1.0,-19.27734815125718,1.11222,1.11242,1.10032,1.10251,-88.07176352141826,0.005262506348230335,-0.002595862539508853,59.93443373333021,2.0,-2.002570200828372,0.0,0.0
56,1061,2016-02-22 04:40:00,1.11086,1.111155,1.110855,1.11103,1.5301116981539966,-0.0001473101311262326,-1.0831084144086384e-06,47.60021086892095,0,-0.9901476229192432,1.11124,1.11127,1.11057,1.11092,-2.8804954452174596,-5.8267128268951744e-05,-0.00013414669135053658,34.69049303178579,1.0,-19.27734815125718,1.11222,1.11242,1.10032,1.10251,-88.07176352141826,0.005262506348230335,-0.002595862539508853,59.93443373333021,2.0,-2.002570200828372,0.0,0.0
57,1062,2016-02-22 04:45:00,1.11103,1.1112,1.11102,1.11103,0.0,-0.00012877033457203702,1.3965350511829557e-05,47.60021086892095,0,-0.5400985675732592,1.11124,1.11127,1.11057,1.11092,-2.8804954452174596,-5.8267128268951744e-05,-0.00013414669135053658,34.69049303178579,1.0,-19.27734815125718,1.11222,1.11242,1.10032,1.10251,-88.07176352141826,0.005262506348230335,-0.002595862539508853,59.93443373333021,2.0,-2.002570200828372,0.0,0.0
58,1063,2016-02-22 04:50:00,1.11103,1.111055,1.1109049999999998,1.11099,-0.36003924427798634,-0.00011596826793169868,2.1413933721734337e-05,46.04193206297382,0,0.0899628185201265,1.11124,1.11127,1.11057,1.11092,-2.8804954452174596,-5.8267128268951744e-05,-0.00013414669135053658,34.69049303178579,1.0,-19.27734815125718,1.11222,1.11242,1.10032,1.10251,-88.07176352141826,0.005262506348230335,-0.002595862539508853,59.93443373333021,2.0,-2.002570200828372,0.0,0.0
59,1064,2016-02-22 04:55:00,1.11099,1.111015,1.1109049999999998,1.11092,-0.6301083786412568,-0.00011020062862154843,2.1745258425507653e-05,43.36638705554453,0,0.27001403990346035,1.11124,1.11127,1.11057,1.11092,-2.8804954452174596,-5.8267128268951744e-05,-0.00013414669135053658,34.69049303178579,1.0,-19.27734815125718,1.11222,1.11242,1.10032,1.10251,-88.07176352141826,0.005262506348230335,-0.002595862539508853,59.93443373333021,2.0,-2.002570200828372,0.20618061806193128,-0.2721472147216078
60,1065,2016-02-22 05:00:00,1.11094,1.111065,1.1109,1.11099,0.4500490553459841,-9.884192969056294e-05,2.6483165885194548e-05,46.70184580221096,0,0.4499996364634615,1.11094,1.11146,1.110865,1.11125,2.789651293588593,-5.4736602350224934e-05,-0.0001044929323454478,50.49892701252853,1.0,-20.173230845332352,1.11222,1.11242,1.10032,1.10251,-88.07176352141826,0.005262506348230335,-0.002595862539508853,59.93443373333021,2.0,-2.002570200828372,0.27238723872406767,-0.345774577457946
61,1066,2016-02-22 05:05:00,1.11099,1.111035,1.110955,1.11102,0.2700221418153993,-8.642309799600234e-05,3.112159806380412e-05,48.11228304049653,0,0.8099724546885123,1.11094,1.11146,1.110865,1.11125,2.789651293588593,-5.4736602350224934e-05,-0.0001044929323454478,50.49892701252853,1.0,-20.173230845332352,1.11222,1.11242,1.10032,1.10251,-88.07176352141826,0.005262506348230335,-0.002595862539508853,59.93443373333021,2.0,-2.002570200828372,0.27624762476274456,-0.35383538353864197
62,1067,2016-02-22 05:10:00,1.11102,1.111025,1.1108850000000001,1.11097,-0.45005715725792295,-7.969696948340044e-05,3.027818126112483e-05,45.930669571383255,0,-0.5403124530457151,1.11094,1.11146,1.110865,1.11125,2.789651293588593,-5.4736602350224934e-05,-0.0001044929323454478,50.49892701252853,1.0,-20.173230845332352,1.11222,1.11242,1.10032,1.10251,-88.07176352141826,0.005262506348230335,-0.002595862539508853,59.93443373333021,2.0,-2.002570200828372,0.32808280828111386,-0.3986198619865074
63,1068,2016-02-22 05:15:00,1.11098,1.1111049999999998,1.11097,1.11105,0.6300346519059852,-6.71372167229123e-05,3.42703472172904e-05,49.84904223561698,0,1.1695499395776832,1.11094,1.11146,1.110865,1.11125,2.789651293588593,-5.4736602350224934e-05,-0.0001044929323454478,50.49892701252853,1.0,-20.173230845332352,1.11222,1.11242,1.10032,1.10251,-88.07176352141826,0.005262506348230335,-0.002595862539508853,59.93443373333021,2.0,-2.002570200828372,0.3933893389340619,-0.4594559455947388
64,1069,2016-02-22 05:20:00,1.11105,1.111135,1.1110449999999998,1.11112,0.6299949600404501,-5.094781251768765e-05,4.036780113801202e-05,53.05485509643287,0,2.1592213282700152,1.11094,1.11146,1.110865,1.11125,2.789651293588593,-5.4736602350224934e-05,-0.0001044929323454478,50.49892701252853,1.0,-20.173230845332352,1.11222,1.11242,1.10032,1.10251,-88.07176352141826,0.005262506348230335,-0.002595862539508853,59.93443373333021,2.0,-2.002570200828372,0.3647364736473564,-0.42479247924791597
65,1070,2016-02-22 05:25:00,1.1111,1.111135,1.110865,1.1109,-1.8003420649921502,-5.523306207178002e-05,2.8866041267135723e-05,43.617879929404886,1,2.5196656260022,1.11094,1.11146,1.110865,1.11125,2.789651293588593,-5.4736602350224934e-05,-0.0001044929323454478,50.49892701252853,1.0,-20.173230845332352,1.11222,1.11242,1.10032,1.10251,-88.07176352141826,0.005262506348230335,-0.002595862539508853,59.93443373333021,2.0,-2.002570200828372,0.4975797579756799,-0.5547954795478566
66,1071,2016-02-22 05:30:00,1.1109,1.11117,1.1108950000000002,1.11116,2.3398970445293834,-3.722027397801142e-05,3.750306348872346e-05,54.02566834105914,0,0.0897749710185698,1.11094,1.11146,1.110865,1.11125,2.789651293588593,-5.4736602350224934e-05,-0.0001044929323454478,50.49892701252853,1.0,-20.173230845332352,1.11222,1.11242,1.10032,1.10251,-88.07176352141826,0.005262506348230335,-0.002595862539508853,59.93443373333021,2.0,-2.002570200828372,0.6359835983597637,-0.6889688968896346
67,1072,2016-02-22 05:35:00,1.11116,1.1113499999999998,1.111155,1.11134,1.619666348732782,-8.324553688154879e-06,5.3119027022864e-05,59.58748616126878,0,-2.3398921877143337,1.11094,1.11146,1.110865,1.11125,2.789651293588593,-5.4736602350224934e-05,-0.0001044929323454478,50.49892701252853,1.0,-20.173230845332352,1.11222,1.11242,1.10032,1.10251,-88.07176352141826,0.005262506348230335,-0.002595862539508853,59.93443373333021,2.0,-2.002570200828372,0.46056605660562727,-0.5215521552155046
68,1073,2016-02-22 05:40:00,1.11135,1.11146,1.111185,1.11119,-1.4398977672599649,2.443598147827686e-06,5.110974308707725e-05,53.751729012898465,0,0.4498368506375954,1.11094,1.11146,1.110865,1.11125,2.789651293588593,-5.4736602350224934e-05,-0.0001044929323454478,50.49892701252853,1.0,-20.173230845332352,1.11222,1.11242,1.10032,1.10251,-88.07176352141826,0.005262506348230335,-0.002595862539508853,59.93443373333021,2.0,-2.002570200828372,0.2899089908991189,-0.35083508350838083
69,1074,2016-02-22 05:45:00,1.1112,1.1112549999999999,1.111135,1.11119,-0.08999361045424736,1.085233707187605e-05,4.7614785608900485e-05,53.751729012898465,0,1.7095473895948163,1.11094,1.11146,1.110865,1.11125,2.789651293588593,-5.4736602350224934e-05,-0.0001044929323454478,50.49892701252853,1.0,-20.173230845332352,1.11222,1.11242,1.10032,1.10251,-88.07176352141826,0.005262506348230335,-0.002595862539508853,59.93443373333021,2.0,-2.002570200828372,0.2780478047806544,-0.340964096409812
70,1075,2016-02-22 05:50:00,1.1112,1.11123,1.1111,1.11111,-0.8100008100001213,1.093494064963174e-05,3.815791134932495e-05,50.68157378820076,0,1.439673465065061,1.11094,1.11146,1.110865,1.11125,2.789651293588593,-5.4736602350224934e-05,-0.0001044929323454478,50.49892701252853,1.0,-20.173230845332352,1.11222,1.11242,1.10032,1.10251,-88.07176352141826,0.005262506348230335,-0.002595862539508853,59.93443373333021,2.0,-2.002570200828372,0.36545654565477714,-0.42932293229343893
71,1076,2016-02-22 05:55:00,1.1111,1.111285,1.1111,1.11125,1.3498312710919642,2.204313501219524e-05,3.941288456951075e-05,55.4744869395287,0,-0.00014898688976930363,1.11094,1.11146,1.110865,1.11125,2.789651293588593,-5.4736602350224934e-05,-0.0001044929323454478,50.49892701252853,1.0,-20.173230845332352,1.11222,1.11242,1.10032,1.10251,-88.07176352141826,0.005262506348230335,-0.002595862539508853,59.93443373333021,2.0,-2.002570200828372,0.4325432543255572,-0.4921192119213148
72,1077,2016-02-22 06:00:00,1.11125,1.111595,1.111245,1.11138,1.1697169285029736,4.0865302846082585e-05,4.658804192271848e-05,59.41833530160571,0,-0.9898867929717629,1.11125,1.111795,1.11115,1.11174,4.4075053519697,-1.2258422757316367e-05,-4.9611802202031395e-05,64.31225617653949,2.0,-31.709863646246184,1.11222,1.11242,1.10032,1.10251,-88.07176352141826,0.005262506348230335,-0.002595862539508853,59.93443373333021,2.0,-2.002570200828372,0.3036203620362531,-0.38227822782284426
73,1078,2016-02-22 06:05:00,1.11136,1.111375,1.111205,1.11124,-1.0798747345298765,4.3978222911578164e-05,3.976076959057124e-05,53.88313318548378,0,1.2597259202505575,1.11125,1.111795,1.11115,1.11174,4.4075053519697,-1.2258422757316367e-05,-4.9611802202031395e-05,64.31225617653949,2.0,-31.709863646246184,1.11222,1.11242,1.10032,1.10251,-88.07176352141826,0.005262506348230335,-0.002595862539508853,59.93443373333021,2.0,-2.002570200828372,0.21852185218525527,-0.278357835783628
74,1079,2016-02-22 06:10:00,1.11123,1.111355,1.11115,1.11122,-0.08999118086286664,4.4320502473826906e-05,3.2082439322255985e-05,53.121804029113186,0,2.249442684810297,1.11125,1.111795,1.11115,1.11174,4.4075053519697,-1.2258422757316367e-05,-4.9611802202031395e-05,64.31225617653949,2.0,-31.709863646246184,1.11222,1.11242,1.10032,1.10251,-88.07176352141826,0.005262506348230335,-0.002595862539508853,59.93443373333021,2.0,-2.002570200828372,0.28653865386536786,-0.3624962496249476
75,1080,2016-02-22 06:15:00,1.11122,1.111345,1.1112,1.11124,0.17997912242098,4.567903486618618e-05,2.6752777371692216e-05,53.82441784281443,1,3.1490274185924916,1.11125,1.111795,1.11115,1.11174,4.4075053519697,-1.2258422757316367e-05,-4.9611802202031395e-05,64.31225617653949,2.0,-31.709863646246184,1.11222,1.11242,1.10032,1.10251,-88.07176352141826,0.005262506348230335,-0.002595862539508853,59.93443373333021,2.0,-2.002570200828372,0.39385938593851516,-0.45548554855478024
76,1081,2016-02-22 06:20:00,1.11123,1.1114350000000002,1.111185,1.11136,1.1697379786924442,5.579550286727297e-05,2.94953962982232e-05,57.901490468558556,0,0.9895912978328872,1.11125,1.111795,1.11115,1.11174,4.4075053519697,-1.2258422757316367e-05,-4.9611802202031395e-05,64.31225617653949,2.0,-31.709863646246184,1.11222,1.11242,1.10032,1.10251,-88.07176352141826,0.005262506348230335,-0.002595862539508853,59.93443373333021,2.0,-2.002570200828372,0.4130513051305341,-0.47545754575458615
77,1082,2016-02-22 06:25:00,1.11135,1.1115549999999998,1.11127,1.11145,0.8997255836968733,7.026515155339474e-05,3.517203598747597e-05,60.70389917997782,0,-0.8099327310121738,1.11125,1.111795,1.11115,1.11174,4.4075053519697,-1.2258422757316367e-05,-4.9611802202031395e-05,64.31225617653949,2.0,-31.709863646246184,1.11222,1.11242,1.10032,1.10251,-88.07176352141826,0.005262506348230335,-0.002595862539508853,59.93443373333021,2.0,-2.002570200828372,0.2947494749475727,-0.35273527352741557
78,1083,2016-02-22 06:30:00,1.11144,1.1116450000000002,1.111335,1.11156,1.0795638562031742,8.957595720149314e-05,4.3586273308459495e-05,63.86961685014597,0,-0.6299374329190905,1.11125,1.111795,1.11115,1.11174,4.4075053519697,-1.2258422757316367e-05,-4.9611802202031395e-05,64.31225617653949,2.0,-31.709863646246184,1.11222,1.11242,1.10032,1.10251,-88.07176352141826,0.005262506348230335,-0.002595862539508853,59.93443373333021,2.0,-2.002570200828372,0.05275527552752263,-0.06982698269823323
79,1084,2016-02-22 06:35:00,1.11156,1.11156,1.1114450000000002,1.11145,-0.98969814206716,9.490976838222308e-05,3.913606759135156e-05,58.770804381332034,0,0.4497276013323353,1.11125,1.111795,1.11115,1.11174,4.4075053519697,-1.2258422757316367e-05,-4.9611802202031395e-05,64.31225617653949,2.0,-31.709863646246184,1.11222,1.11242,1.10032,1.10251,-88.07176352141826,0.005262506348230335,-0.002595862539508853,59.93443373333021,2.0,-2.002570200828372,-0.22629262926306734,0.19378937893803735
80,1085,2016-02-22 06:40:00,1.11146,1.11146,1.1112950000000001,1.11136,-0.8997984451481877,9.08276002944408e-05,2.8043119602855407e-05,54.908480732249785,1,3.418355089241892,1.11125,1.111795,1.11115,1.11174,4.4075053519697,-1.2258422757316367e-05,-4.9611802202031395e-05,64.31225617653949,2.0,-31.709863646246184,1.11222,1.11242,1.10032,1.10251,-88.07176352141826,0.005262506348230335,-0.002595862539508853,59.93443373333021,2.0,-2.002570200828372,-0.3449944994500412,0.2897089708971817
81,1086,2016-02-22 06:45:00,1.11136,1.11151,1.111355,1.1115,1.2595591542962572,9.77623392535154e-05,2.7982286849544e-05,59.380390037024384,0,1.4391514393277487,1.11125,1.111795,1.11115,1.11174,4.4075053519697,-1.2258422757316367e-05,-4.9611802202031395e-05,64.31225617653949,2.0,-31.709863646246184,1.11222,1.11242,1.10032,1.10251,-88.07176352141826,0.005262506348230335,-0.002595862539508853,59.93443373333021,2.0,-2.002570200828372,-0.5466046604660043,0.46935693569352493
82,1087,2016-02-22 06:50:00,1.11151,1.1116450000000002,1.11144,1.11152,0.08996689218426579,0.0001036768801558896,2.7117462201534548e-05,59.99083186449026,2,-4.231172595714245,1.11125,1.111795,1.11115,1.11174,4.4075053519697,-1.2258422757316367e-05,-4.9611802202031395e-05,64.31225617653949,2.0,-31.709863646246184,1.11222,1.11242,1.10032,1.10251,-88.07176352141826,0.005262506348230335,-0.002595862539508853,59.93443373333021,2.0,-2.002570200828372,-0.9153515351534692,0.7780978097809215
83,1088,2016-02-22 06:55:00,1.11151,1.111795,1.11144,1.11174,2.068829042761369,0.0001246791343656462,3.849577312903287e-05,66.03713860719103,2,-7.290171947769303,1.11125,1.111795,1.11115,1.11174,4.4075053519697,-1.2258422757316367e-05,-4.9611802202031395e-05,64.31225617653949,2.0,-31.709863646246184,1.11222,1.11242,1.10032,1.10251,-88.07176352141826,0.005262506348230335,-0.002595862539508853,59.93443373333021,2.0,-2.002570200828372,-1.5220822082207879,1.3983598359835518
84,1089,2016-02-22 07:00:00,1.11174,1.1119,1.11144,1.11166,-0.7196444956178863,0.00013333128071923994,3.771833558610133e-05,62.34735675838819,2,-5.580455176874831,1.11174,1.1119,1.108655,1.1087,-26.47450479681548,-0.00022134522310213173,-0.00020695888203747743,22.45203072866576,2.0,-22.229709131917524,1.11222,1.11242,1.10032,1.10251,-88.07176352141826,0.005262506348230335,-0.002595862539508853,59.93443373333021,2.0,-2.002570200828372,-2.4058705870586836,2.2483948394839266
85,1090,2016-02-22 07:05:00,1.11166,1.111815,1.111035,1.11104,-5.580357142857728,8.913189360915118e-05,-5.184841219189938e-06,42.51915111823357,0,-0.7202024491560202,1.11174,1.1119,1.108655,1.1087,-26.47450479681548,-0.00022134522310213173,-0.00020695888203747743,22.45203072866576,2.0,-22.229709131917524,1.11222,1.11242,1.10032,1.10251,-88.07176352141826,0.005262506348230335,-0.002595862539508853,59.93443373333021,2.0,-2.002570200828372,-2.881808180818162,2.703000300030064
86,1091,2016-02-22 07:10:00,1.11103,1.111175,1.11083,1.11092,-0.9901703092936892,4.391434651607185e-05,-4.032191064981544e-05,39.8758333202366,2,-3.7822608656620735,1.11174,1.1119,1.108655,1.1087,-26.47450479681548,-0.00022134522310213173,-0.00020695888203747743,22.45203072866576,2.0,-22.229709131917524,1.11222,1.11242,1.10032,1.10251,-88.07176352141826,0.005262506348230335,-0.002595862539508853,59.93443373333021,2.0,-2.002570200828372,-2.919621962196266,2.7482948294829375
87,1092,2016-02-22 07:15:00,1.11092,1.1113049999999998,1.11089,1.11103,0.9900722752765856,1.6761973762102755e-05,-5.397942672302762e-05,43.35233867133895,2,-9.72755594577541,1.11174,1.1119,1.108655,1.1087,-26.47450479681548,-0.00022134522310213173,-0.00020695888203747743,22.45203072866576,2.0,-22.229709131917524,1.11222,1.11242,1.10032,1.10251,-88.07176352141826,0.005262506348230335,-0.002595862539508853,59.93443373333021,2.0,-2.002570200828372,-3.2381338133812303,3.058695869586828
88,1093,2016-02-22 07:20:00,1.11103,1.111055,1.110645,1.11095,-0.7201044151389168,-1.1084038780362347e-05,-6.546035141239418e-05,41.47409168490981,2,-9.728269659213149,1.11174,1.1119,1.108655,1.1087,-26.47450479681548,-0.00022134522310213173,-0.00020695888203747743,22.45203072866576,2.0,-22.229709131917524,1.11222,1.11242,1.10032,1.10251,-88.07176352141826,0.005262506348230335,-0.002595862539508853,59.93443373333021,2.0,-2.002570200828372,-3.8070307030702373,3.6280428042803528
89,1094,2016-02-22 07:25:00,1.11095,1.110965,1.110195,1.1105,-4.052228725799743,-6.867183733905158e-05,-9.843851997686672e-05,32.85205413518324,2,-11.355810136443793,1.11174,1.1119,1.108655,1.1087,-26.47450479681548,-0.00022134522310213173,-0.00020695888203747743,22.45203072866576,2.0,-22.229709131917524,1.11222,1.11242,1.10032,1.10251,-88.07176352141826,0.005262506348230335,-0.002595862539508853,59.93443373333021,2.0,-2.002570200828372,-4.290279027902808,4.059965996599684
90,1095,2016-02-22 07:30:00,1.11049,1.110615,1.1098400000000002,1.10994,-4.955222804836752,-0.0001576802625646856,-0.00014995755616200058,25.6936137283667,2,-3.2460700628775685,1.11174,1.1119,1.108655,1.1087,-26.47450479681548,-0.00022134522310213173,-0.00020695888203747743,22.45203072866576,2.0,-22.229709131917524,1.11222,1.11242,1.10032,1.10251,-88.07176352141826,0.005262506348230335,-0.002595862539508853,59.93443373333021,2.0,-2.002570200828372,-4.245714571457124,3.9983798379837574
91,1096,2016-02-22 07:35:00,1.10993,1.110055,1.109595,1.10985,-0.7208181285766546,-0.00023279876936488364,-0.0001800608503697589,24.759837445619112,2,-1.984501914023248,1.11174,1.1119,1.108655,1.1087,-26.47450479681548,-0.00022134522310213173,-0.00020695888203747743,22.45203072866576,2.0,-22.229709131917524,1.11222,1.11242,1.10032,1.10251,-88.07176352141826,0.005262506348230335,-0.002595862539508853,59.93443373333021,2.0,-2.002570200828372,-4.018071807180609,3.803650365036416
92,1097,2016-02-22 07:40:00,1.10983,1.109885,1.10905,1.1092,-5.679769203030388,-0.0003408511747569065,-0.00023049060460942543,19.303421468815888,1,-4.151760761862586,1.11174,1.1119,1.108655,1.1087,-26.47450479681548,-0.00022134522310213173,-0.00020695888203747743,22.45203072866576,2.0,-22.229709131917524,1.11222,1.11242,1.10032,1.10251,-88.07176352141826,0.005262506348230335,-0.002595862539508853,59.93443373333021,2.0,-2.002570200828372,-3.510921092109039,3.3072907290727738
93,1098,2016-02-22 07:45:00,1.10917,1.10961,1.10905,1.10952,3.1545172687294727,-0.00039609620832870007,-0.0002285885105449752,27.745439084577068,2,-3.4293305406887797,1.11174,1.1119,1.108655,1.1087,-26.47450479681548,-0.00022134522310213173,-0.00020695888203747743,22.45203072866576,2.0,-22.229709131917524,1.11222,1.11242,1.10032,1.10251,-88.07176352141826,0.005262506348230335,-0.002595862539508853,59.93443373333021,2.0,-2.002570200828372,-3.0148814881485895,2.787628762876121
94,1099,2016-02-22 07:50:00,1.10951,1.109715,1.10948,1.1095700000000002,0.5407500202776659,-0.0004308768333971536,-0.0002106953084907429,28.995360103420488,2,-6.856057419038397,1.11174,1.1119,1.108655,1.1087,-26.47450479681548,-0.00022134522310213173,-0.00020695888203747743,22.45203072866576,2.0,-22.229709131917524,1.11222,1.11242,1.10032,1.10251,-88.07176352141826,0.005262506348230335,-0.002595862539508853,59.93443373333021,2.0,-2.002570200828372,-3.0354935493548485,2.840484048404788
95,1100,2016-02-22 07:55:00,1.1095700000000002,1.10963,1.108655,1.1087,-7.8470280508697225,-0.0005226180429704907,-0.00024194921445126405,21.89727367681305,1,1.4418882491815874,1.11174,1.1119,1.108655,1.1087,-26.47450479681548,-0.00022134522310213173,-0.00020695888203747743,22.45203072866576,2.0,-22.229709131917524,1.11222,1.11242,1.10032,1.10251,-88.07176352141826,0.005262506348230335,-0.002595862539508853,59.93443373333021,2.0,-2.002570200828372,-2.614111411141131,2.408320832083257
96,1101,2016-02-22 08:00:00,1.10869,1.10917,1.108535,1.10912,3.8769474899032788,-0.000555035024340178,-0.00021949295665676108,30.71518197466264,0,-1.0825015541355063,1.10869,1.10925,1.10812,1.1089,1.8937685995134232,-0.00036668279917706487,-0.00028183716648992846,25.870562477310106,2.0,-49.7705450844371,1.11222,1.11242,1.10032,1.10251,-88.07176352141826,0.005262506348230335,-0.002595862539508853,59.93443373333021,2.0,-2.002570200828372,-2.0978097809781793,1.8734873487349288
97,1102,2016-02-22 08:05:00,1.10913,1.1091350000000002,1.108765,1.10881,-2.8859768580719503,-0.0005988371034832963,-0.00021063602863990338,28.18573363376468,0,-0.27089539512605265,1.10869,1.10925,1.10812,1.1089,1.8937685995134232,-0.00036668279917706487,-0.00028183716648992846,25.870562477310106,2.0,-49.7705450844371,1.11222,1.11242,1.10032,1.10251,-88.07176352141826,0.005262506348230335,-0.002595862539508853,59.93443373333021,2.0,-2.002570200828372,-1.808030803080467,1.6163116311632515
98,1103,2016-02-22 08:10:00,1.1088,1.108975,1.108385,1.10885,0.450917617350259,-0.0006231397341114331,-0.00018795092741443216,28.998236382175165,0,0.08984601858448615,1.10869,1.10925,1.10812,1.1089,1.8937685995134232,-0.00036668279917706487,-0.00028183716648992846,25.870562477310106,2.0,-49.7705450844371,1.11222,1.11242,1.10032,1.10251,-88.07176352141826,0.005262506348230335,-0.002595862539508853,59.93443373333021,2.0,-2.002570200828372,-1.3965596559656512,1.2260726072607913
99,1104,2016-02-22 08:15:00,1.10886,1.10907,1.1085699999999998,1.10901,1.352557686586185,-0.0006223154164086697,-0.00014970128776933502,32.29783665978985,0,-1.4431340367661571,1.10869,1.10925,1.10812,1.1089,1.8937685995134232,-0.00036668279917706487,-0.00028183716648992846,25.870562477310106,2.0,-49.7705450844371,1.11222,1.11242,1.10032,1.10251,-88.07176352141826,0.005262506348230335,-0.002595862539508853,59.93443373333021,2.0,-2.002570200828372,-1.2856985698569394,1.129632963296293
100,1105,2016-02-22 08:20:00,1.109,1.10925,1.10865,1.10877,-2.074370699062497,-0.0006337229690185352,-0.0001288870723033605,30.042534643267786,0,2.2548036389446566,1.10869,1.10925,1.10812,1.1089,1.8937685995134232,-0.00036668279917706487,-0.00028183716648992846,25.870562477310106,2.0,-49.7705450844371,1.11222,1.11242,1.10032,1.10251,-88.07176352141826,0.005262506348230335,-0.002595862539508853,59.93443373333021,2.0,-2.002570200828372,-1.1995399539953622,1.0669166916691477
101,1106,2016-02-22 08:25:00,1.10875,1.108925,1.10859,1.10884,0.8116590310607981,-0.000629854550476372,-0.00010001492300895771,31.543996477733398,0,2.615593854359417,1.10869,1.10925,1.10812,1.1089,1.8937685995134232,-0.00036668279917706487,-0.00028183716648992846,25.870562477310106,2.0,-49.7705450844371,1.11222,1.11242,1.10032,1.10251,-88.07176352141826,0.005262506348230335,-0.002595862539508853,59.93443373333021,2.0,-2.002570200828372,-1.062396239623946,0.9711271127112682
102,1107,2016-02-22 08:30:00,1.10853,1.1087,1.108305,1.10851,-0.1804223687644584,-0.0006459706949175636,-9.290485396011951e-05,28.4445774097548,0,1.1723613760645226,1.10869,1.10925,1.10812,1.1089,1.8937685995134232,-0.00036668279917706487,-0.00028183716648992846,25.870562477310106,2.0,-49.7705450844371,1.11222,1.11242,1.10032,1.10251,-88.07176352141826,0.005262506348230335,-0.002595862539508853,59.93443373333021,2.0,-2.002570200828372,-0.7999199919992571,0.7192619261926735
103,1108,2016-02-22 08:35:00,1.10849,1.1087,1.10812,1.10867,1.6235669766483172,-0.0006384722816461519,-6.832515255096616e-05,31.93653045009336,0,2.434484981242451,1.10869,1.10925,1.10812,1.1089,1.8937685995134232,-0.00036668279917706487,-0.00028183716648992846,25.870562477310106,2.0,-49.7705450844371,1.11222,1.11242,1.10032,1.10251,-88.07176352141826,0.005262506348230335,-0.002595862539508853,59.93443373333021,2.0,-2.002570200828372,-0.44322432243236565,0.3770277027704109
104,1109,2016-02-22 08:40:00,1.10866,1.108885,1.108525,1.10879,1.1724492464755587,-0.0006157487694633534,-3.648131229453408e-05,34.51758096947405,0,0.9013179062878588,1.10869,1.10925,1.10812,1.1089,1.8937685995134232,-0.00036668279917706487,-0.00028183716648992846,25.870562477310106,2.0,-49.7705450844371,1.11222,1.11242,1.10032,1.10251,-88.07176352141826,0.005262506348230335,-0.002595862539508853,59.93443373333021,2.0,-2.002570200828372,-0.36016601660172504,0.29947994799487454
105,1110,2016-02-22 08:45:00,1.10879,1.10897,1.108515,1.10861,-1.623654847059353,-0.0006052873423174621,-2.0815908118914146e-05,32.52517425783391,0,0.2700186191155525,1.10869,1.10925,1.10812,1.1089,1.8937685995134232,-0.00036668279917706487,-0.00028183716648992846,25.870562477310106,2.0,-49.7705450844371,1.11222,1.11242,1.10032,1.10251,-88.07176352141826,0.005262506348230335,-0.002595862539508853,59.93443373333021,2.0,-2.002570200828372,-0.2764776477648396,0.15820582058212174
106,1111,2016-02-22 08:50:00,1.1086,1.1091099999999998,1.1084649999999998,1.10892,2.8856905818262453,-0.0005654638613077356,1.5206058312649878e-05,39.05022132583873,0,-1.8941256890455087,1.10869,1.10925,1.10812,1.1089,1.8937685995134232,-0.00036668279917706487,-0.00028183716648992846,25.870562477310106,2.0,-49.7705450844371,1.11222,1.11242,1.10032,1.10251,-88.07176352141826,0.005262506348230335,-0.002595862539508853,59.93443373333021,2.0,-2.002570200828372,-0.2985298529853303,0.19712971297133386
107,1112,2016-02-22 08:55:00,1.10894,1.10922,1.108695,1.1089,-0.3607178284790333,-0.0005294145373107019,4.100430584774706e-05,38.7895998726196,0,-2.4354301946393675,1.10869,1.10925,1.10812,1.1089,1.8937685995134232,-0.00036668279917706487,-0.00028183716648992846,25.870562477310106,2.0,-49.7705450844371,1.11222,1.11242,1.10032,1.10251,-88.07176352141826,0.005262506348230335,-0.002595862539508853,59.93443373333021,2.0,-2.002570200828372,-0.5797579757975133,0.4925692569256132
108,1113,2016-02-22 09:00:00,1.10892,1.109295,1.108615,1.10867,-2.25495413423166,-0.0005134851291956899,4.5546971170207236e-05,35.82821812255146,0,-2.255539214503273,1.10892,1.109295,1.108095,1.1081299999999998,-7.129127448944134,-0.0005377970505271445,-0.0003623611342720065,21.872784469989313,2.0,-49.07992535263379,1.11222,1.11242,1.10032,1.10251,-88.07176352141826,0.005262506348230335,-0.002595862539508853,59.93443373333021,2.0,-2.002570200828372,-0.7247724772476594,0.6146714671466292
109,1114,2016-02-22 09:05:00,1.10865,1.108735,1.1084399999999999,1.10873,0.7215462736651845,-0.0004903668165223696,5.4932227074821994e-05,37.175675453778965,0,-0.3613858787203568,1.10892,1.109295,1.108095,1.1081299999999998,-7.129127448944134,-0.0005377970505271445,-0.0003623611342720065,21.872784469989313,2.0,-49.07992535263379,1.11222,1.11242,1.10032,1.10251,-88.07176352141826,0.005262506348230335,-0.002595862539508853,59.93443373333021,2.0,-2.002570200828372,-0.7854785478547085,0.6407040704069404
110,1115,2016-02-22 09:10:00,1.10872,1.1088,1.1084200000000002,1.1086200000000002,-0.9020223340728925,-0.0004754408813334443,5.5886529810997815e-05,35.69583600988057,0,1.3523394081488114,1.10892,1.109295,1.108095,1.1081299999999998,-7.129127448944134,-0.0005377970505271445,-0.0003623611342720065,21.872784469989313,2.0,-49.07992535263379,1.11222,1.11242,1.10032,1.10251,-88.07176352141826,0.005262506348230335,-0.002595862539508853,59.93443373333021,2.0,-2.002570200828372,-0.8197619761976251,0.7043604360435833
111,1116,2016-02-22 09:15:00,1.10863,1.108715,1.10839,1.1084,-2.0750631540955653,-0.0004758785004153055,4.435912858330937e-05,32.87704315731166,1,2.2547946823197527,1.10892,1.109295,1.108095,1.1081299999999998,-7.129127448944134,-0.0005377970505271445,-0.0003623611342720065,21.872784469989313,2.0,-49.07992535263379,1.11222,1.11242,1.10032,1.10251,-88.07176352141826,0.005262506348230335,-0.002595862539508853,59.93443373333021,2.0,-2.002570200828372,-0.6627262726274007,0.575397539754095
112,1117,2016-02-22 09:20:00,1.1084,1.108735,1.10825,1.10869,2.6156996094481006,-0.0004476643444206729,5.805862766235345e-05,39.64305640519668,0,1.4427655422766938,1.10892,1.109295,1.108095,1.1081299999999998,-7.129127448944134,-0.0005377970505271445,-0.0003623611342720065,21.872784469989313,2.0,-49.07992535263379,1.11222,1.11242,1.10032,1.10251,-88.07176352141826,0.005262506348230335,-0.002595862539508853,59.93443373333021,2.0,-2.002570200828372,-0.6299829982999327,0.5354235423543136
113,1118,2016-02-22 09:25:00,1.10869,1.108785,1.1082549999999998,1.10878,0.8117029527962761,-0.0004132781612973258,7.395584862856055e-05,41.610164436418216,0,0.8114280098212089,1.10892,1.109295,1.108095,1.1081299999999998,-7.129127448944134,-0.0005377970505271445,-0.0003623611342720065,21.872784469989313,2.0,-49.07992535263379,1.11222,1.11242,1.10032,1.10251,-88.07176352141826,0.005262506348230335,-0.002595862539508853,59.93443373333021,2.0,-2.002570200828372,-0.9484348434844634,0.8641864186419537
114,1119,2016-02-22 09:30:00,1.10877,1.1087699999999998,1.108495,1.10864,-1.1726078799246236,-0.0003927957880662802,7.555057748768493e-05,39.4559746732575,0,1.4429103486207513,1.10892,1.109295,1.108095,1.1081299999999998,-7.129127448944134,-0.0005377970505271445,-0.0003623611342720065,21.872784469989313,2.0,-49.07992535263379,1.11222,1.11242,1.10032,1.10251,-88.07176352141826,0.005262506348230335,-0.002595862539508853,59.93443373333021,2.0,-2.002570200828372,-1.3122212221224498,1.2006100610063213
115,1120,2016-02-22 09:35:00,1.10865,1.1089799999999999,1.1086200000000002,1.10885,1.8036704694050407,-0.0003555199026226141,9.026117034508088e-05,44.1284914138755,0,-1.7137570088922995,1.10892,1.109295,1.108095,1.1081299999999998,-7.129127448944134,-0.0005377970505271445,-0.0003623611342720065,21.872784469989313,2.0,-49.07992535263379,1.11222,1.11242,1.10032,1.10251,-88.07176352141826,0.005262506348230335,-0.002595862539508853,59.93443373333021,2.0,-2.002570200828372,-1.8827882788280792,1.6750375037505654
116,1121,2016-02-22 09:40:00,1.10884,1.108965,1.10859,1.10886,0.18036542034079125,-0.0003214659194104019,9.945212284583452e-05,44.34874345272268,2,-6.58671264879085,1.10892,1.109295,1.108095,1.1081299999999998,-7.129127448944134,-0.0005377970505271445,-0.0003623611342720065,21.872784469989313,2.0,-49.07992535263379,1.11222,1.11242,1.10032,1.10251,-88.07176352141826,0.005262506348230335,-0.002595862539508853,59.93443373333021,2.0,-2.002570200828372,-2.686518651865279,2.590909090909186
117,1122,2016-02-22 09:45:00,1.10886,1.10904,1.10866,1.1088,-0.5411255411250809,-0.00029590834373816044,0.0001000077588144608,43.2471459935745,2,-13.450920754070506,1.10892,1.109295,1.108095,1.1081299999999998,-7.129127448944134,-0.0005377970505271445,-0.0003623611342720065,21.872784469989313,2.0,-49.07992535263379,1.11222,1.11242,1.10032,1.10251,-88.07176352141826,0.005262506348230335,-0.002595862539508853,59.93443373333021,2.0,-2.002570200828372,-3.725332533253392,3.6083508350836193
118,1123,2016-02-22 09:50:00,1.1088,1.10887,1.1084900000000002,1.10865,-1.3529968881080099,-0.0002844782392228406,8.915029066382452e-05,40.53626748066932,2,-19.98678953986517,1.10892,1.109295,1.108095,1.1081299999999998,-7.129127448944134,-0.0005377970505271445,-0.0003623611342720065,21.872784469989313,2.0,-49.07992535263379,1.11222,1.11242,1.10032,1.10251,-88.07176352141826,0.005262506348230335,-0.002595862539508853,59.93443373333021,2.0,-2.002570200828372,-4.850025002500286,4.682318231823249
119,1124,2016-02-22 09:55:00,1.10865,1.10866,1.108095,1.1081299999999998,-4.692590219557759,-0.00031376259335780254,4.7892749223090146e-05,32.84900672351428,2,-14.93260105597872,1.10892,1.109295,1.108095,1.1081299999999998,-7.129127448944134,-0.0005377970505271445,-0.0003623611342720065,21.872784469989313,2.0,-49.07992535263379,1.11222,1.11242,1.10032,1.10251,-88.07176352141826,0.005262506348230335,-0.002595862539508853,59.93443373333021,2.0,-2.002570200828372,-5.809940994099303,5.615071507150592
120,1125,2016-02-22 10:00:00,1.1081299999999998,1.1081299999999998,1.1073049999999998,1.10731,-7.4053336464047375,-0.0003985436389808417,-2.9510637119959167e-05,24.84702653532597,2,-11.144623484018776,1.1081299999999998,1.1081299999999998,1.10558,1.10625,-16.994350282486813,-0.0008157036913225557,-0.0005122142200539339,15.553243000254838,2.0,-51.52933807429749,1.11222,1.11242,1.10032,1.10251,-88.07176352141826,0.005262506348230335,-0.002595862539508853,59.93443373333021,2.0,-2.002570200828372,-6.161256125612342,5.946334633463109
121,1126,2016-02-22 10:05:00,1.10731,1.10737,1.10592,1.10617,-7.888865673902675,-0.0005513658982128078,-0.00014586631708154023,18.206781651006125,2,-0.5435011221434456,1.1081299999999998,1.1081299999999998,1.10558,1.10625,-16.994350282486813,-0.0008157036913225557,-0.0005122142200539339,15.553243000254838,2.0,-51.52933807429749,1.11222,1.11242,1.10032,1.10251,-88.07176352141826,0.005262506348230335,-0.002595862539508853,59.93443373333021,2.0,-2.002570200828372,-5.40505050505041,5.125732573257199
122,1127,2016-02-22 10:10:00,1.10616,1.10649,1.10592,1.1062,0.3615982643286929,-0.0006624219030442191,-0.00020553785753036128,18.821606218407496,2,-0.0011118976590832608,1.1081299999999998,1.1081299999999998,1.10558,1.10625,-16.994350282486813,-0.0008157036913225557,-0.0005122142200539339,15.553243000254838,2.0,-51.52933807429749,1.11222,1.11242,1.10032,1.10251,-88.07176352141826,0.005262506348230335,-0.002595862539508853,59.93443373333021,2.0,-2.002570200828372,-4.118321832183223,3.829192919291956
123,1128,2016-02-22 10:15:00,1.10618,1.10622,1.10558,1.10578,-3.6173560744447895,-0.000775386899387609,-0.00025480228309900094,16.90567802405269,1,6.056392754721272,1.1081299999999998,1.1081299999999998,1.10558,1.10625,-16.994350282486813,-0.0008157036913225557,-0.0005122142200539339,15.553243000254838,2.0,-51.52933807429749,1.11222,1.11242,1.10032,1.10251,-88.07176352141826,0.005262506348230335,-0.002595862539508853,59.93443373333021,2.0,-2.002570200828372,-2.854885488548912,2.6246024602461064
124,1129,2016-02-22 10:20:00,1.10579,1.1061299999999998,1.10578,1.10609,2.7122566879726517,-0.000830326575732121,-0.0002477935675548103,23.125817759638768,1,4.880317661485876,1.1081299999999998,1.1081299999999998,1.10558,1.10625,-16.994350282486813,-0.0008157036913225557,-0.0005122142200539339,15.553243000254838,2.0,-51.52933807429749,1.11222,1.11242,1.10032,1.10251,-88.07176352141826,0.005262506348230335,-0.002595862539508853,59.93443373333021,2.0,-2.002570200828372,-1.7380038003801097,1.5321332133213792
125,1130,2016-02-22 10:25:00,1.10611,1.106275,1.10595,1.10621,0.9039874888130554,-0.0008543354210079901,-0.00021744193026454342,25.452131359541468,1,6.415574910228085,1.1081299999999998,1.1081299999999998,1.10558,1.10625,-16.994350282486813,-0.0008157036913225557,-0.0005122142200539339,15.553243000254838,2.0,-51.52933807429749,1.11222,1.11242,1.10032,1.10251,-88.07176352141826,0.005262506348230335,-0.002595862539508853,59.93443373333021,2.0,-2.002570200828372,-1.0372837283728502,0.8375837583758378
126,1131,2016-02-22 10:30:00,1.10622,1.106645,1.106055,1.10649,2.4401485779355663,-0.000841073571340667,-0.00016334406447777617,30.720249822778047,1,0.3604567432245869,1.1081299999999998,1.1081299999999998,1.10558,1.10625,-16.994350282486813,-0.0008157036913225557,-0.0005122142200539339,15.553243000254838,2.0,-51.52933807429749,1.11222,1.11242,1.10032,1.10251,-88.07176352141826,0.005262506348230335,-0.002595862539508853,59.93443373333021,2.0,-2.002570200828372,-0.7471447144713713,0.58948894889481
127,1132,2016-02-22 10:35:00,1.10647,1.106665,1.10637,1.10664,1.536181594737254,-0.000809132537312518,-0.0001051224243597017,33.43412493107777,2,-4.520659986891969,1.1081299999999998,1.1081299999999998,1.10558,1.10625,-16.994350282486813,-0.0008157036913225557,-0.0005122142200539339,15.553243000254838,2.0,-51.52933807429749,1.11222,1.11242,1.10032,1.10251,-88.07176352141826,0.005262506348230335,-0.002595862539508853,59.93443373333021,2.0,-2.002570200828372,-0.9296029602959903,0.7980898089808534
128,1133,2016-02-22 10:40:00,1.10663,1.10694,1.10653,1.1069,2.4392447375552666,-0.0007541458862956317,-4.010861867425231e-05,37.96991254269319,2,-6.055949922187447,1.1081299999999998,1.1081299999999998,1.10558,1.10625,-16.994350282486813,-0.0008157036913225557,-0.0005122142200539339,15.553243000254838,2.0,-51.52933807429749,1.11222,1.11242,1.10032,1.10251,-88.07176352141826,0.005262506348230335,-0.002595862539508853,59.93443373333021,2.0,-2.002570200828372,-1.55035503550354,1.4113911391139171
129,1134,2016-02-22 10:45:00,1.10691,1.1069200000000001,1.106325,1.10651,-3.614969589067933,-0.0007335820328060461,-1.5635812147733137e-05,34.20490855077327,2,-5.3344203620548,1.1081299999999998,1.1081299999999998,1.10558,1.10625,-16.994350282486813,-0.0008157036913225557,-0.0005122142200539339,15.553243000254838,2.0,-51.52933807429749,1.11222,1.11242,1.10032,1.10251,-88.07176352141826,0.005262506348230335,-0.002595862539508853,59.93443373333021,2.0,-2.002570200828372,-2.174997499750028,2.032433243324428
130,1135,2016-02-22 10:50:00,1.1065200000000002,1.1065200000000002,1.1061549999999998,1.10615,-3.344935135379302,-0.0007378287910941861,-1.5906056348698487e-05,31.13582443790005,2,-4.793291167126572,1.1081299999999998,1.1081299999999998,1.10558,1.10625,-16.994350282486813,-0.0008157036913225557,-0.0005122142200539339,15.553243000254838,2.0,-51.52933807429749,1.11222,1.11242,1.10032,1.10251,-88.07176352141826,0.005262506348230335,-0.002595862539508853,59.93443373333021,2.0,-2.002570200828372,-2.3610161016102786,2.228582858285991
131,1136,2016-02-22 10:55:00,1.10615,1.106315,1.1059999999999999,1.10625,0.9039548022597876,-0.0007247705100823508,-2.278220269490562e-06,32.935907688853874,2,-5.154598391854041,1.1081299999999998,1.1081299999999998,1.10558,1.10625,-16.994350282486813,-0.0008157036913225557,-0.0005122142200539339,15.553243000254838,2.0,-51.52933807429749,1.11222,1.11242,1.10032,1.10251,-88.07176352141826,0.005262506348230335,-0.002595862539508853,59.93443373333021,2.0,-2.002570200828372,-2.544664466446732,2.3530653065307807
132,1137,2016-02-22 11:00:00,1.10627,1.106425,1.1059,1.10595,-2.893440028935286,-0.0007302117940750643,-6.175603409762885e-06,30.37104068712431,0,-2.8038304804248955,1.10627,1.106425,1.1033049999999998,1.10344,-25.647067353006147,-0.0012483005900503221,-0.0007558488950253603,10.616069404277724,2.0,-18.981899372358683,1.11222,1.11242,1.10032,1.10251,-88.07176352141826,0.005262506348230335,-0.002595862539508853,59.93443373333021,2.0,-2.002570200828372,-2.705060506050686,2.5595459545955737
133,1138,2016-02-22 11:05:00,1.10595,1.10599,1.1055450000000002,1.10564,-2.8038059404510736,-0.0007508827511171213,-2.1477248361455965e-05,27.94897344005981,0,-0.3618190406977725,1.10627,1.106425,1.1033049999999998,1.10344,-25.647067353006147,-0.0012483005900503221,-0.0007558488950253603,10.616069404277724,2.0,-18.981899372358683,1.11222,1.11242,1.10032,1.10251,-88.07176352141826,0.005262506348230335,-0.002595862539508853,59.93443373333021,2.0,-2.002570200828372,-2.5828282828283484,2.4439143914392187
134,1139,2016-02-22 11:10:00,1.10563,1.10574,1.1055450000000002,1.10569,0.5426475775323194,-0.0007545322730031501,-2.0101416197987765e-05,28.933403874257852,0,-0.8140179930506105,1.10627,1.106425,1.1033049999999998,1.10344,-25.647067353006147,-0.0012483005900503221,-0.0007558488950253603,10.616069404277724,2.0,-18.981899372358683,1.11222,1.11242,1.10032,1.10251,-88.07176352141826,0.005262506348230335,-0.002595862539508853,59.93443373333021,2.0,-2.002570200828372,-2.461506150615146,2.340174017401867
135,1140,2016-02-22 11:15:00,1.1057,1.1060450000000002,1.10553,1.10564,-0.5426721175061411,-0.0007527815306291874,-1.4680539059219993e-05,28.51385222114922,0,-0.8140719888129563,1.10627,1.106425,1.1033049999999998,1.10344,-25.647067353006147,-0.0012483005900503221,-0.0007558488950253603,10.616069404277724,2.0,-18.981899372358683,1.11222,1.11242,1.10032,1.10251,-88.07176352141826,0.005262506348230335,-0.002595862539508853,59.93443373333021,2.0,-2.002570200828372,-2.5180718071808426,2.412181218121978
136,1141,2016-02-22 11:20:00,1.10564,1.10574,1.10555,1.1056,-0.3617945007239509,-0.00074602204266494,-6.336840875978021e-06,28.162028985147305,0,-0.5427318403007546,1.10627,1.106425,1.1033049999999998,1.10344,-25.647067353006147,-0.0012483005900503221,-0.0007558488950253603,10.616069404277724,2.0,-18.981899372358683,1.11222,1.11242,1.10032,1.10251,-88.07176352141826,0.005262506348230335,-0.002595862539508853,59.93443373333021,2.0,-2.002570200828372,-2.6700170017002116,2.5810181018102827
137,1142,2016-02-22 11:25:00,1.10559,1.1056700000000002,1.10549,1.1056,0.09044862517948143,-0.0007322244718366289,5.9685839618665686e-06,28.162028985147305,0,-2.7140634836649142,1.10627,1.106425,1.1033049999999998,1.10344,-25.647067353006147,-0.0012483005900503221,-0.0007558488950253603,10.616069404277724,2.0,-18.981899372358683,1.11222,1.11242,1.10032,1.10251,-88.07176352141826,0.005262506348230335,-0.002595862539508853,59.93443373333021,2.0,-2.002570200828372,-3.101400140013943,2.9369636963696486
138,1143,2016-02-22 11:30:00,1.10559,1.1057,1.105275,1.10553,-0.5427261132684869,-0.0007186540163803822,1.5631231534490473e-05,27.47401360179866,2,-10.060203044299103,1.10627,1.106425,1.1033049999999998,1.10344,-25.647067353006147,-0.0012483005900503221,-0.0007558488950253603,10.616069404277724,2.0,-18.981899372358683,1.11222,1.11242,1.10032,1.10251,-88.07176352141826,0.005262506348230335,-0.002595862539508853,59.93443373333021,2.0,-2.002570200828372,-3.647624762476102,3.5060506050604108
139,1144,2016-02-22 11:35:00,1.10554,1.105695,1.10534,1.10553,-0.09045435221174923,-0.0006998321037989808,2.7562515292713733e-05,27.47401360179866,2,-13.594677326304467,1.10627,1.106425,1.1033049999999998,1.10344,-25.647067353006147,-0.0012483005900503221,-0.0007558488950253603,10.616069404277724,2.0,-18.981899372358683,1.11222,1.11242,1.10032,1.10251,-88.07176352141826,0.005262506348230335,-0.002595862539508853,59.93443373333021,2.0,-2.002570200828372,-4.48006800680043,4.362956295629375
140,1145,2016-02-22 11:40:00,1.10553,1.10566,1.1052400000000002,1.1053,-2.0808830181846782,-0.0006954578748104012,2.554939542503465e-05,25.134115343635532,2,-11.876297026890544,1.10627,1.106425,1.1033049999999998,1.10344,-25.647067353006147,-0.0012483005900503221,-0.0007558488950253603,10.616069404277724,2.0,-18.981899372358683,1.11222,1.11242,1.10032,1.10251,-88.07176352141826,0.005262506348230335,-0.002595862539508853,59.93443373333021,2.0,-2.002570200828372,-5.473867386738342,5.342764276427339
141,1146,2016-02-22 11:45:00,1.10529,1.1053099999999998,1.10346,1.10386,-7.888865673902675,-0.0007989771213314789,-6.23758808768344e-05,15.965862398436627,2,-1.541158747617009,1.10627,1.106425,1.1033049999999998,1.10344,-25.647067353006147,-0.0012483005900503221,-0.0007558488950253603,10.616069404277724,2.0,-18.981899372358683,1.11222,1.11242,1.10032,1.10251,-88.07176352141826,0.005262506348230335,-0.002595862539508853,59.93443373333021,2.0,-2.002570200828372,-5.518671867186407,5.4178717871784166
142,1147,2016-02-22 11:50:00,1.10387,1.103935,1.103345,1.1034700000000002,-3.624928634217115,-0.0008859589295702984,-0.00013238932990461503,14.430563074822018,1,4.801161190949644,1.10627,1.106425,1.1033049999999998,1.10344,-25.647067353006147,-0.0012483005900503221,-0.0007558488950253603,10.616069404277724,2.0,-18.981899372358683,1.11222,1.11242,1.10032,1.10251,-88.07176352141826,0.005262506348230335,-0.002595862539508853,59.93443373333021,2.0,-2.002570200828372,-4.45606560656053,4.335213521352055
143,1148,2016-02-22 11:55:00,1.10348,1.10368,1.1033049999999998,1.10344,-0.3625027187707533,-0.0008859589295702984,-0.00016422967088041207,14.316517250517009,1,1.9923686621321888,1.10627,1.106425,1.1033049999999998,1.10344,-25.647067353006147,-0.0012483005900503221,-0.0007558488950253603,10.616069404277724,2.0,-18.981899372358683,1.11222,1.11242,1.10032,1.10251,-88.07176352141826,0.005262506348230335,-0.002595862539508853,59.93443373333021,2.0,-2.002570200828372,-3.436223622362242,3.385688568856896
144,1149,2016-02-22 12:00:00,1.10345,1.103985,1.1034000000000002,1.10372,2.4462726053708588,-0.0008859589295702984,-0.0001503169355539318,20.621991681177434,2,-6.074784608316362,1.10345,1.1041,1.10155,1.10274,-6.438507717140834,-0.0016288445923009491,-0.000865375597266686,9.782956314636364,2.0,-0.6634605769561048,1.11222,1.11242,1.10032,1.10251,-88.07176352141826,0.005262506348230335,-0.002595862539508853,59.93443373333021,2.0,-2.002570200828372,-2.8739673967396566,2.851405140514009
145,1150,2016-02-22 12:05:00,1.1037,1.1041,1.1034450000000002,1.104,2.7173913043495377,-0.0008859589295702984,-0.00010811378425901836,26.450843786506837,2,-10.242949356257457,1.10345,1.1041,1.10155,1.10274,-6.438507717140834,-0.0016288445923009491,-0.000865375597266686,9.782956314636364,2.0,-0.6634605769561048,1.11222,1.11242,1.10032,1.10251,-88.07176352141826,0.005262506348230335,-0.002595862539508853,59.93443373333021,2.0,-2.002570200828372,-3.019531953195422,3.053605360536128
146,1151,2016-02-22 12:10:00,1.104,1.1041,1.10365,1.10365,-3.171295247588207,-0.0008859589295702984,-9.034982226135372e-05,24.071382871695448,2,-7.343681529032987,1.10345,1.1041,1.10155,1.10274,-6.438507717140834,-0.0016288445923009491,-0.000865375597266686,9.782956314636364,2.0,-0.6634605769561048,1.11222,1.11242,1.10032,1.10251,-88.07176352141826,0.005262506348230335,-0.002595862539508853,59.93443373333021,2.0,-2.002570200828372,-3.37344734473464,3.4669566956697504
147,1152,2016-02-22 12:15:00,1.10365,1.1036549999999998,1.10302,1.10303,-5.620880665077696,-0.0008859589295702984,-0.00010585993060083308,20.545526283429524,2,-9.526935240260515,1.10345,1.1041,1.10155,1.10274,-6.438507717140834,-0.0016288445923009491,-0.000865375597266686,9.782956314636364,2.0,-0.6634605769561048,1.11222,1.11242,1.10032,1.10251,-88.07176352141826,0.005262506348230335,-0.002595862539508853,59.93443373333021,2.0,-2.002570200828372,-3.1796879687970057,3.3359135913593114
148,1153,2016-02-22 12:20:00,1.10302,1.1031300000000002,1.10248,1.10286,-1.4507734435915527,-0.0008859589295702984,-0.00011245329118032606,19.693734217025963,2,-2.7249790945929737,1.10345,1.1041,1.10155,1.10274,-6.438507717140834,-0.0016288445923009491,-0.000865375597266686,9.782956314636364,2.0,-0.6634605769561048,1.11222,1.11242,1.10032,1.10251,-88.07176352141826,0.005262506348230335,-0.002595862539508853,59.93443373333021,2.0,-2.002570200828372,-2.737693769377025,2.8082408240825436
149,1154,2016-02-22 12:25:00,1.10286,1.103115,1.10264,1.10283,-0.2720274203637414,-0.0008859589295702984,-0.00010392139542135611,19.539779501486173,2,2.8048148628065213,1.10345,1.1041,1.10155,1.10274,-6.438507717140834,-0.0016288445923009491,-0.000865375597266686,9.782956314636364,2.0,-0.6634605769561048,1.11222,1.11242,1.10032,1.10251,-88.07176352141826,0.005262506348230335,-0.002595862539508853,59.93443373333021,2.0,-2.002570200828372,-2.3462946294630025,2.396899689969096
150,1155,2016-02-22 12:30:00,1.10284,1.102835,1.10155,1.10198,-7.804134376305223,-0.0008859589295702984,-0.00013845016453765176,15.776559717757035,1,9.611687176773305,1.10345,1.1041,1.10155,1.10274,-6.438507717140834,-0.0016288445923009491,-0.000865375597266686,9.782956314636364,2.0,-0.6634605769561048,1.11222,1.11242,1.10032,1.10251,-88.07176352141826,0.005262506348230335,-0.002595862539508853,59.93443373333021,2.0,-2.002570200828372,-1.4025002500250519,1.3771977197720262
151,1156,2016-02-22 12:35:00,1.10197,1.10263,1.101815,1.10256,5.351182702075991,-0.0008859589295702984,-0.00010658365385068295,26.218498968639196,1,4.169842643327726,1.10345,1.1041,1.10155,1.10274,-6.438507717140834,-0.0016288445923009491,-0.000865375597266686,9.782956314636364,2.0,-0.6634605769561048,1.11222,1.11242,1.10032,1.10251,-88.07176352141826,0.005262506348230335,-0.002595862539508853,59.93443373333021,2.0,-2.002570200828372,-0.3915091509151279,0.3353635363536844
152,1157,2016-02-22 12:40:00,1.10255,1.103135,1.102475,1.10313,5.257766537035753,-0.0008859589295702984,-3.516761415229327e-05,34.7767002638018,2,-3.3550040757986497,1.10345,1.1041,1.10155,1.10274,-6.438507717140834,-0.0016288445923009491,-0.000865375597266686,9.782956314636364,2.0,-0.6634605769561048,1.11222,1.11242,1.10032,1.10251,-88.07176352141826,0.005262506348230335,-0.002595862539508853,59.93443373333021,2.0,-2.002570200828372,-0.39383938393841345,0.29189918991902064
153,1158,2016-02-22 12:45:00,1.10313,1.10315,1.10275,1.10302,-0.9972620623384392,-0.0008859589295702984,1.3977700028928354e-05,33.9580833866619,2,-4.081004239551421,1.10345,1.1041,1.10155,1.10274,-6.438507717140834,-0.0016288445923009491,-0.000865375597266686,9.782956314636364,2.0,-0.6634605769561048,1.11222,1.11242,1.10032,1.10251,-88.07176352141826,0.005262506348230335,-0.002595862539508853,59.93443373333021,2.0,-2.002570200828372,-0.7840284028402178,0.6728972897289104
154,1159,2016-02-22 12:50:00,1.10301,1.10317,1.102715,1.103,-0.0906618313695876,-0.0008859589295702984,5.229960807127628e-05,33.80228592173694,2,-8.164230203188637,1.10345,1.1041,1.10155,1.10274,-6.438507717140834,-0.0016288445923009491,-0.000865375597266686,9.782956314636364,2.0,-0.6634605769561048,1.11222,1.11242,1.10032,1.10251,-88.07176352141826,0.005262506348230335,-0.002595862539508853,59.93443373333021,2.0,-2.002570200828372,-1.069106910690929,0.9737673767375394
155,1160,2016-02-22 12:55:00,1.10299,1.10319,1.1027200000000001,1.10274,-2.2670801820906235,-0.0008859589295702984,6.639327638432199e-05,31.76216747247873,2,-1.6343434618180623,1.10345,1.1041,1.10155,1.10274,-6.438507717140834,-0.0016288445923009491,-0.000865375597266686,9.782956314636364,2.0,-0.6634605769561048,1.11222,1.11242,1.10032,1.10251,-88.07176352141826,0.005262506348230335,-0.002595862539508853,59.93443373333021,2.0,-2.002570200828372,-1.2005000500049205,1.0936993699369206
156,1161,2016-02-22 13:00:00,1.10275,1.10286,1.10199,1.10256,-1.72326222609121,-0.0008859589295702984,6.951642943088727e-05,30.39447698164701,2,4.168627201108738,1.10275,1.103675,1.100575,1.10061,-19.443763004150505,-0.00207834380098948,-0.000865375597266686,7.781779815733472,1.0,9.97596742678672,1.11222,1.11242,1.10032,1.10251,-88.07176352141826,0.005262506348230335,-0.002595862539508853,59.93443373333021,2.0,-2.002570200828372,-1.1399639963996264,0.9996299629962763
157,1162,2016-02-22 13:05:00,1.10255,1.1026,1.102005,1.10209,-4.173887795006805,-0.0008859589295702984,4.6934190687699126e-05,27.11167907823021,1,12.964131474443883,1.10275,1.103675,1.100575,1.10061,-19.443763004150505,-0.00207834380098948,-0.000865375597266686,7.781779815733472,1.0,9.97596742678672,1.11222,1.11242,1.10032,1.10251,-88.07176352141826,0.005262506348230335,-0.002595862539508853,59.93443373333021,2.0,-2.002570200828372,-0.5129712971297066,0.43537353735373896
158,1163,2016-02-22 13:10:00,1.10209,1.1027049999999998,1.1019700000000001,1.10256,4.262806559279952,-0.0008859589295702984,6.930574011133536e-05,34.706289571781895,1,4.077571515345158,1.10275,1.103675,1.100575,1.10061,-19.443763004150505,-0.00207834380098948,-0.000865375597266686,7.781779815733472,1.0,9.97596742678672,1.11222,1.11242,1.10032,1.10251,-88.07176352141826,0.005262506348230335,-0.002595862539508853,59.93443373333021,2.0,-2.002570200828372,-0.03283328332835095,-0.09253925392537059
159,1164,2016-02-22 13:15:00,1.10257,1.103075,1.102465,1.10302,4.079708436835592,-0.0008215977011374331,0.00011788456103137561,41.167441479149495,1,-2.9041837714081407,1.10275,1.103675,1.100575,1.10061,-19.443763004150505,-0.00207834380098948,-0.000865375597266686,7.781779815733472,1.0,9.97596742678672,1.11222,1.11242,1.10032,1.10251,-88.07176352141826,0.005262506348230335,-0.002595862539508853,59.93443373333021,2.0,-2.002570200828372,-0.29527952795272905,0.17695769576951692
160,1165,2016-02-22 13:20:00,1.103,1.103675,1.10297,1.10351,4.621616478328337,-0.0007119961907999794,0.00018198885709506355,47.16510854596837,2,-12.243808524397835,1.10275,1.103675,1.100575,1.10061,-19.443763004150505,-0.00207834380098948,-0.000865375597266686,7.781779815733472,1.0,9.97596742678672,1.11222,1.11242,1.10032,1.10251,-88.07176352141826,0.005262506348230335,-0.002595862539508853,59.93443373333021,2.0,-2.002570200828372,-1.3341434143413151,1.2735173517350198
161,1166,2016-02-22 13:25:00,1.10351,1.1036199999999998,1.1029200000000001,1.103,-4.623753399818772,-0.0006586959055976394,0.00018823131383792296,42.328346700789815,2,-8.61818589785869,1.10275,1.103675,1.100575,1.10061,-19.443763004150505,-0.00207834380098948,-0.000865375597266686,7.781779815733472,1.0,9.97596742678672,1.11222,1.11242,1.10032,1.10251,-88.07176352141826,0.005262506348230335,-0.002595862539508853,59.93443373333021,2.0,-2.002570200828372,-2.5839283928391246,2.4861386138612143
162,1167,2016-02-22 13:30:00,1.10299,1.10299,1.10251,1.10267,-2.902046849917708,-0.0006357547031674571,0.00016893801301448423,39.50530233972956,2,-7.985194576268627,1.10275,1.103675,1.100575,1.10061,-19.443763004150505,-0.00207834380098948,-0.000865375597266686,7.781779815733472,1.0,9.97596742678672,1.11222,1.11242,1.10032,1.10251,-88.07176352141826,0.005262506348230335,-0.002595862539508853,59.93443373333021,2.0,-2.002570200828372,-3.2897489748973228,3.1994699469945367
163,1168,2016-02-22 13:35:00,1.10268,1.102925,1.1021549999999998,1.10216,-4.718008274661355,-0.0006512195194607884,0.00012277855737692243,35.55829245471068,2,-7.080687913264465,1.10275,1.103675,1.100575,1.10061,-19.443763004150505,-0.00207834380098948,-0.000865375597266686,7.781779815733472,1.0,9.97596742678672,1.11222,1.11242,1.10032,1.10251,-88.07176352141826,0.005262506348230335,-0.002595862539508853,59.93443373333021,2.0,-2.002570200828372,-3.6162716271625728,3.469946994699368
164,1169,2016-02-22 13:40:00,1.10217,1.102275,1.1016549999999998,1.10206,-0.9981307732796264,-0.0006638917314347736,8.808507632234982e-05,34.82360759200911,2,-12.896960061999051,1.10275,1.103675,1.100575,1.10061,-19.443763004150505,-0.00207834380098948,-0.000865375597266686,7.781779815733472,1.0,9.97596742678672,1.11222,1.11242,1.10032,1.10251,-88.07176352141826,0.005262506348230335,-0.002595862539508853,59.93443373333021,2.0,-2.002570200828372,-3.643434343434242,3.5327932793278602
165,1170,2016-02-22 13:45:00,1.1020299999999998,1.10207,1.101635,1.10178,-2.2690555283276472,-0.0006885905672384672,5.070899241492498e-05,32.78126489745341,2,-7.539718661213418,1.10275,1.103675,1.100575,1.10061,-19.443763004150505,-0.00207834380098948,-0.000865375597266686,7.781779815733472,1.0,9.97596742678672,1.11222,1.11242,1.10032,1.10251,-88.07176352141826,0.005262506348230335,-0.002595862539508853,59.93443373333021,2.0,-2.002570200828372,-3.6998599859984838,3.597709770976993
166,1171,2016-02-22 13:50:00,1.10177,1.101775,1.101255,1.10135,-3.8135016116571934,-0.0007343963153214618,3.9225954655446645e-06,29.88278049169621,2,-7.633460897920202,1.10275,1.103675,1.100575,1.10061,-19.443763004150505,-0.00207834380098948,-0.000865375597266686,7.781779815733472,1.0,9.97596742678672,1.11222,1.11242,1.10032,1.10251,-88.07176352141826,0.005262506348230335,-0.002595862539508853,59.93443373333021,2.0,-2.002570200828372,-3.483338333833226,3.374827482748153
167,1172,2016-02-22 13:55:00,1.10136,1.101425,1.100575,1.10061,-6.814402922014213,-0.0008209461599413268,-6.610179932345654e-05,25.67541133914544,1,6.444820572043888,1.10275,1.103675,1.100575,1.10061,-19.443763004150505,-0.00207834380098948,-0.000865375597266686,7.781779815733472,1.0,9.97596742678672,1.11222,1.11242,1.10032,1.10251,-88.07176352141826,0.005262506348230335,-0.002595862539508853,59.93443373333021,2.0,-2.002570200828372,-2.541354135413448,2.411071107110633
168,1173,2016-02-22 14:00:00,1.10063,1.10114,1.100615,1.10097,3.088185872457987,-0.0008506824067522345,-7.667043690749113e-05,30.78126908448503,2,2.448567429962667,1.10063,1.10243,1.10032,1.10139,6.900371348932657,-0.002344608493825451,-0.000865375597266686,14.66574057820111,1.0,12.868849614306455,1.11222,1.11242,1.10032,1.10251,-88.07176352141826,0.005262506348230335,-0.002595862539508853,59.93443373333021,2.0,-2.002570200828372,-1.516501650164954,1.4269726972696668
169,1174,2016-02-22 14:05:00,1.10095,1.101055,1.10046,1.1005200000000002,-3.9072438483639775,-0.0008859589295702984,-0.00010093689253681316,28.17568344432796,1,0.17697017449472785,1.10063,1.10243,1.10032,1.10139,6.900371348932657,-0.002344608493825451,-0.000865375597266686,14.66574057820111,1.0,12.868849614306455,1.11222,1.11242,1.10032,1.10251,-88.07176352141826,0.005262506348230335,-0.002595862539508853,59.93443373333021,2.0,-2.002570200828372,-0.5135113511351154,0.43084308430844287
170,1175,2016-02-22 14:10:00,1.10054,1.1013950000000001,1.10032,1.10134,7.263878547949878,-0.0008632940664783372,-5.123829879951226e-05,38.40709471921753,2,0.6627322251594974,1.10063,1.10243,1.10032,1.10139,6.900371348932657,-0.002344608493825451,-0.000865375597266686,14.66574057820111,1.0,12.868849614306455,1.11222,1.11242,1.10032,1.10251,-88.07176352141826,0.005262506348230335,-0.002595862539508853,59.93443373333021,2.0,-2.002570200828372,0.171847184718414,-0.18377837783771672
171,1176,2016-02-22 14:15:00,1.10134,1.101585,1.1008,1.10124,-0.9080672696232336,-0.0008325315123438592,-1.638059573202727e-05,37.7017580329548,2,1.5707994947827313,1.10063,1.10243,1.10032,1.10139,6.900371348932657,-0.002344608493825451,-0.000865375597266686,14.66574057820111,1.0,12.868849614306455,1.11222,1.11242,1.10032,1.10251,-88.07176352141826,0.005262506348230335,-0.002595862539508853,59.93443373333021,2.0,-2.002570200828372,0.2050005000500282,-0.23600360036005008
172,1177,2016-02-22 14:20:00,1.10121,1.1013899999999999,1.100525,1.10053,-6.178841103831918,-0.0008555804341776607,-3.154361405266297e-05,33.059546365661696,1,7.2957223765225985,1.10063,1.10243,1.10032,1.10139,6.900371348932657,-0.002344608493825451,-0.000865375597266686,14.66574057820111,1.0,12.868849614306455,1.11222,1.11242,1.10032,1.10251,-88.07176352141826,0.005262506348230335,-0.002595862539508853,59.93443373333021,2.0,-2.002570200828372,0.8968296829683808,-0.9996899689969794
173,1178,2016-02-22 14:25:00,1.10054,1.1015700000000002,1.10051,1.1015700000000002,7.749640598614647,-0.0007809255389286117,3.448902495710882e-05,43.946906663723574,0,-1.0894498897272773,1.10063,1.10243,1.10032,1.10139,6.900371348932657,-0.002344608493825451,-0.000865375597266686,14.66574057820111,1.0,12.868849614306455,1.11222,1.11242,1.10032,1.10251,-88.07176352141826,0.005262506348230335,-0.002595862539508853,59.93443373333021,2.0,-2.002570200828372,1.4911091109111094,-1.6035303530353073
174,1179,2016-02-22 14:30:00,1.10159,1.10202,1.101395,1.10159,0.0,-0.0007119403584467943,8.277936435114122e-05,44.135078436887646,1,3.7200747840410258,1.10063,1.10243,1.10032,1.10139,6.900371348932657,-0.002344608493825451,-0.000865375597266686,14.66574057820111,1.0,12.868849614306455,1.11222,1.11242,1.10032,1.10251,-88.07176352141826,0.005262506348230335,-0.002595862539508853,59.93443373333021,2.0,-2.002570200828372,1.3084608460845284,-1.4134813481346973
175,1180,2016-02-22 14:35:00,1.1015700000000002,1.101625,1.101115,1.10152,-0.4539182220920498,-0.0006553629052663545,0.00011148545402526479,43.58359726050458,1,5.081376384686262,1.10063,1.10243,1.10032,1.10139,6.900371348932657,-0.002344608493825451,-0.000865375597266686,14.66574057820111,1.0,12.868849614306455,1.11222,1.11242,1.10032,1.10251,-88.07176352141826,0.005262506348230335,-0.002595862539508853,59.93443373333021,2.0,-2.002570200828372,1.2346234623461143,-1.3924792479246448
176,1181,2016-02-22 14:40:00,1.10151,1.101815,1.10126,1.10144,-0.6355316676352275,-0.0006099490840534294,0.000125519420190552,42.923484105860226,1,-0.3663140579205537,1.10063,1.10243,1.10032,1.10139,6.900371348932657,-0.002344608493825451,-0.000865375597266686,14.66574057820111,1.0,12.868849614306455,1.11222,1.11242,1.10032,1.10251,-88.07176352141826,0.005262506348230335,-0.002595862539508853,59.93443373333021,2.0,-2.002570200828372,1.4460346034602491,-1.5928492849283886
177,1182,2016-02-22 14:45:00,1.10145,1.102015,1.101445,1.10198,4.809524673768303,-0.0005243405451083039,0.00016890236730854205,48.58430578994025,2,-5.902246373497976,1.10063,1.10243,1.10032,1.10139,6.900371348932657,-0.002344608493825451,-0.000865375597266686,14.66574057820111,1.0,12.868849614306455,1.11222,1.11242,1.10032,1.10251,-88.07176352141826,0.005262506348230335,-0.002595862539508853,59.93443373333021,2.0,-2.002570200828372,1.3844384438443962,-1.5461946194619531
178,1183,2016-02-22 14:50:00,1.10197,1.10243,1.10175,1.10207,0.9073833785531864,-0.00044411344997907776,0.0001993035699502146,49.48357161778324,2,0.940010846563486,1.10063,1.10243,1.10032,1.10139,6.900371348932657,-0.002344608493825451,-0.000865375597266686,14.66574057820111,1.0,12.868849614306455,1.11222,1.11242,1.10032,1.10251,-88.07176352141826,0.005262506348230335,-0.002595862539508853,59.93443373333021,2.0,-2.002570200828372,0.8882388238824146,-1.0333633363336525
179,1184,2016-02-22 14:55:00,1.10206,1.102225,1.1012400000000002,1.10139,-6.083222110242042,-0.0004304413560745069,0.00017038053108382842,43.31876398273501,1,6.1159895252480725,1.10063,1.10243,1.10032,1.10139,6.900371348932657,-0.002344608493825451,-0.000865375597266686,14.66574057820111,1.0,12.868849614306455,1.11222,1.11242,1.10032,1.10251,-88.07176352141826,0.005262506348230335,-0.002595862539508853,59.93443373333021,2.0,-2.002570200828372,0.9753175317530967,-1.1920892089207968
180,1185,2016-02-22 15:00:00,1.10139,1.10142,1.1007,1.10131,-0.7264076418091183,-0.00042120605337370165,0.00014369266702770692,42.645634170073116,1,4.392261955891904,1.10139,1.1035,1.1007,1.1027,11.879931078261745,-0.00242199982304081,-0.000865375597266686,24.81664478999544,2.0,-11.722291843565102,1.11222,1.11242,1.10032,1.10251,-88.07176352141826,0.005262506348230335,-0.002595862539508853,59.93443373333021,2.0,-2.002570200828372,1.8543254325431384,-1.9822482248223483
181,1186,2016-02-22 15:05:00,1.10132,1.1023649999999998,1.1011549999999999,1.10233,7.749640598614647,-0.0003278028270026212,0.0001896767147190299,52.73104585719453,2,-0.4543840223357751,1.10139,1.1035,1.1007,1.1027,11.879931078261745,-0.00242199982304081,-0.000865375597266686,24.81664478999544,2.0,-11.722291843565102,1.11222,1.11242,1.10032,1.10251,-88.07176352141826,0.005262506348230335,-0.002595862539508853,59.93443373333021,2.0,-2.002570200828372,2.087838783878274,-2.2095009500948697
182,1187,2016-02-22 15:10:00,1.10234,1.102425,1.1018850000000002,1.10224,-0.9072434315574556,-0.00025806750346979435,0.00020752963060148544,51.864435598211024,0,1.2692673955053315,1.10139,1.1035,1.1007,1.1027,11.879931078261745,-0.00242199982304081,-0.000865375597266686,24.81664478999544,2.0,-11.722291843565102,1.11222,1.11242,1.10032,1.10251,-88.07176352141826,0.005262506348230335,-0.002595862539508853,59.93443373333021,2.0,-2.002570200828372,1.7315831583156316,-1.8392839283926294
183,1188,2016-02-22 15:15:00,1.10225,1.102375,1.10194,1.10198,-2.4501352111652888,-0.00022123136675933355,0.00019549261384955703,49.341615250128285,1,6.349382564410683,1.10139,1.1035,1.1007,1.1027,11.879931078261745,-0.00242199982304081,-0.000865375597266686,24.81664478999544,2.0,-11.722291843565102,1.11222,1.11242,1.10032,1.10251,-88.07176352141826,0.005262506348230335,-0.002595862539508853,59.93443373333021,2.0,-2.002570200828372,1.81191119111887,-1.9354135413538789
184,1189,2016-02-22 15:20:00,1.10199,1.102425,1.1018,1.10231,2.902994620386969,-0.0001635252041882751,0.0002025590211364924,52.49979898017297,1,6.438228379199972,1.10139,1.1035,1.1007,1.1027,11.879931078261745,-0.00242199982304081,-0.000865375597266686,24.81664478999544,2.0,-11.722291843565102,1.11222,1.11242,1.10032,1.10251,-88.07176352141826,0.005262506348230335,-0.002595862539508853,59.93443373333021,2.0,-2.002570200828372,1.99066906690654,-2.100110011000956
185,1190,2016-02-22 15:25:00,1.1023,1.102465,1.101995,1.10239,0.8164079862836516,-0.0001100685217845232,0.00020481256283219547,53.26052903837677,1,7.797250720228107,1.10139,1.1035,1.1007,1.1027,11.879931078261745,-0.00242199982304081,-0.000865375597266686,24.81664478999544,2.0,-11.722291843565102,1.11222,1.11242,1.10032,1.10251,-88.07176352141826,0.005262506348230335,-0.002595862539508853,59.93443373333021,2.0,-2.002570200828372,1.9568256825681902,-2.129412941294098
186,1191,2016-02-22 15:30:00,1.10238,1.1027,1.102275,1.10267,2.6299799577400624,-4.459598119121999e-05,0.00021622808274039893,55.921352822035104,1,0.7238339000976435,1.10139,1.1035,1.1007,1.1027,11.879931078261745,-0.00242199982304081,-0.000865375597266686,24.81664478999544,2.0,-11.722291843565102,1.11222,1.11242,1.10032,1.10251,-88.07176352141826,0.005262506348230335,-0.002595862539508853,59.93443373333021,2.0,-2.002570200828372,1.8523052305229553,-1.9949294929492025
187,1192,2016-02-22 15:35:00,1.10267,1.103005,1.10253,1.103,2.9918404351762597,3.353317148091506e-05,0.0002354857883300272,58.89166949424201,0,2.4452549512309543,1.10139,1.1035,1.1007,1.1027,11.879931078261745,-0.00242199982304081,-0.000865375597266686,24.81664478999544,2.0,-11.722291843565102,1.11222,1.11242,1.10032,1.10251,-88.07176352141826,0.005262506348230335,-0.002595862539508853,59.93443373333021,2.0,-2.002570200828372,1.421582158215682,-1.524622462246105
188,1193,2016-02-22 15:40:00,1.10299,1.10331,1.10295,1.10323,2.1754303273117843,0.00011271090452624756,0.00025173081710028774,60.87079831350201,2,-4.98999218935756,1.10139,1.1035,1.1007,1.1027,11.879931078261745,-0.00242199982304081,-0.000865375597266686,24.81664478999544,2.0,-11.722291843565102,1.11222,1.11242,1.10032,1.10251,-88.07176352141826,0.005262506348230335,-0.002595862539508853,59.93443373333021,2.0,-2.002570200828372,0.6301230123011305,-0.7610761076106686
189,1194,2016-02-22 15:45:00,1.10324,1.103275,1.10266,1.10275,-4.443436862390401,0.0001351696879146047,0.00021935168039091598,54.92744305523617,1,0.3602274078894696,1.10139,1.1035,1.1007,1.1027,11.879931078261745,-0.00242199982304081,-0.000865375597266686,24.81664478999544,2.0,-11.722291843565102,1.11222,1.11242,1.10032,1.10251,-88.07176352141826,0.005262506348230335,-0.002595862539508853,59.93443373333021,2.0,-2.002570200828372,0.08887888788879002,-0.21077107710770965
190,1195,2016-02-22 15:50:00,1.10275,1.10329,1.102655,1.10327,4.7132614863095705,0.0001927066870035521,0.00022151094358389067,59.53669869378221,2,-7.346285656681508,1.10139,1.1035,1.1007,1.1027,11.879931078261745,-0.00242199982304081,-0.000865375597266686,24.81664478999544,2.0,-11.722291843565102,1.11222,1.11242,1.10032,1.10251,-88.07176352141826,0.005262506348230335,-0.002595862539508853,59.93443373333021,2.0,-2.002570200828372,-0.4713671367136083,0.32114211421136707
191,1196,2016-02-22 15:55:00,1.1032799999999998,1.1035,1.10251,1.1027,-5.2598168132767285,0.00019011935937229832,0.0001751388927621095,53.123674188605925,0,-2.630721086177099,1.10139,1.1035,1.1007,1.1027,11.879931078261745,-0.00242199982304081,-0.000865375597266686,24.81664478999544,2.0,-11.722291843565102,1.11222,1.11242,1.10032,1.10251,-88.07176352141826,0.005262506348230335,-0.002595862539508853,59.93443373333021,2.0,-2.002570200828372,-1.0058305830582754,0.8935993599359665
192,1197,2016-02-22 16:00:00,1.1027,1.102955,1.1024,1.1028,0.9067827348566284,0.0001939028564204026,0.00014313791184817105,54.0586317603494,2,-5.26128197985641,1.1027,1.102965,1.10162,1.10173,-8.804335000407681,-0.002532411835126425,-0.0008306756835565562,22.666576029347826,1.0,7.059638919086456,1.11222,1.11242,1.10032,1.10251,-88.07176352141826,0.005262506348230335,-0.002595862539508853,59.93443373333021,2.0,-2.002570200828372,-1.2176217621762366,1.1302330233023639
193,1198,2016-02-22 16:05:00,1.10281,1.102965,1.10232,1.10248,-2.993251578261406,0.00016913035004573196,9.469232437880028e-05,50.581922813597146,2,-3.901335303325117,1.1027,1.102965,1.10162,1.10173,-8.804335000407681,-0.002532411835126425,-0.0008306756835565562,22.666576029347826,1.0,7.059638919086456,1.11222,1.11242,1.10032,1.10251,-88.07176352141826,0.005262506348230335,-0.002595862539508853,59.93443373333021,2.0,-2.002570200828372,-1.3914191419141604,1.3296629662966306
194,1199,2016-02-22 16:10:00,1.10249,1.10273,1.102355,1.10243,-0.544252242772321,0.00014380567582006345,5.549412012250542e-05,50.04038518458121,2,-1.1798173434157375,1.1027,1.102965,1.10162,1.10173,-8.804335000407681,-0.002532411835126425,-0.0008306756835565562,22.666576029347826,1.0,7.059638919086456,1.11222,1.11242,1.10032,1.10251,-88.07176352141826,0.005262506348230335,-0.002595862539508853,59.93443373333021,2.0,-2.002570200828372,-1.3495149514951006,1.2823082308230613
195,1200,2016-02-22 16:15:00,1.1024200000000002,1.102665,1.10215,1.1022299999999998,-1.7237781588226817,0.0001063711797650857,1.444769925402215e-05,47.834323675282675,1,3.6274694855078566,1.1027,1.102965,1.10162,1.10173,-8.804335000407681,-0.002532411835126425,-0.0008306756835565562,22.666576029347826,1.0,7.059638919086456,1.11222,1.11242,1.10032,1.10251,-88.07176352141826,0.005262506348230335,-0.002595862539508853,59.93443373333021,2.0,-2.002570200828372,-1.2131813181316888,1.1754775477546515
196,1201,2016-02-22 16:20:00,1.10224,1.102375,1.101935,1.10206,-1.6333049017301144,6.226869790149081e-05,-2.37238260876582e-05,45.97883402538202,1,1.2687946374625554,1.1027,1.102965,1.10162,1.10173,-8.804335000407681,-0.002532411835126425,-0.0008306756835565562,22.666576029347826,1.0,7.059638919086456,1.11222,1.11242,1.10032,1.10251,-88.07176352141826,0.005262506348230335,-0.002595862539508853,59.93443373333021,2.0,-2.002570200828372,-0.8969396939691932,0.8318631863184135
197,1202,2016-02-22 16:25:00,1.10206,1.102425,1.101985,1.1023,2.1772657171370584,4.615115572437212e-05,-3.187309461182152e-05,48.98729416764957,1,-3.5402410811256195,1.1027,1.102965,1.10162,1.10173,-8.804335000407681,-0.002532411835126425,-0.0008306756835565562,22.666576029347826,1.0,7.059638919086456,1.11222,1.11242,1.10032,1.10251,-88.07176352141826,0.005262506348230335,-0.002595862539508853,59.93443373333021,2.0,-2.002570200828372,-0.6820982098208693,0.6340234023401123
198,1203,2016-02-22 16:30:00,1.1023,1.102805,1.102255,1.10264,3.083508670100912,6.012001976540837e-05,-1.4323384456628213e-05,52.982101864094105,2,-3.1763810914360318,1.1027,1.102965,1.10162,1.10173,-8.804335000407681,-0.002532411835126425,-0.0008306756835565562,22.666576029347826,1.0,7.059638919086456,1.11222,1.11242,1.10032,1.10251,-88.07176352141826,0.005262506348230335,-0.002595862539508853,59.93443373333021,2.0,-2.002570200828372,-1.0249724972497132,1.0135013501349883
199,1204,2016-02-22 16:35:00,1.10265,1.10278,1.102205,1.10221,-3.9919797497754153,3.607716373199565e-05,-3.069299239203275e-05,47.87578620106039,0,0.5434256288723478,1.1027,1.102965,1.10162,1.10173,-8.804335000407681,-0.002532411835126425,-0.0008306756835565562,22.666576029347826,1.0,7.059638919086456,1.11222,1.11242,1.10032,1.10251,-88.07176352141826,0.005262506348230335,-0.002595862539508853,59.93443373333021,2.0,-2.002570200828372,-1.3422142214221033,1.3761076107610237
200,1205,2016-02-22 16:40:00,1.10221,1.10233,1.10192,1.10192,-2.6317700014511165,-6.3048706389068335e-06,-5.846002141034819e-05,44.743761406610034,1,-1.3631213801958544,1.1027,1.102965,1.10162,1.10173,-8.804335000407681,-0.002532411835126425,-0.0008306756835565562,22.666576029347826,1.0,7.059638919086456,1.11222,1.11242,1.10032,1.10251,-88.07176352141826,0.005262506348230335,-0.002595862539508853,59.93443373333021,2.0,-2.002570200828372,-1.2151715171516009,1.2413241324131257
201,1206,2016-02-22 16:45:00,1.10191,1.10238,1.101915,1.10229,3.4473686597905,-9.922648329663277e-06,-4.966223928088371e-05,49.30095483353427,2,-9.169212934178685,1.1027,1.102965,1.10162,1.10173,-8.804335000407681,-0.002532411835126425,-0.0008306756835565562,22.666576029347826,1.0,7.059638919086456,1.11222,1.11242,1.10032,1.10251,-88.07176352141826,0.005262506348230335,-0.002595862539508853,59.93443373333021,2.0,-2.002570200828372,-1.2694169416940484,1.2788178817880451
202,1207,2016-02-22 16:50:00,1.10227,1.102555,1.1021100000000001,1.10224,-0.2721730294670352,-1.663261491535728e-05,-4.509776469326218e-05,48.71624165299134,2,-4.449448865245164,1.1027,1.102965,1.10162,1.10173,-8.804335000407681,-0.002532411835126425,-0.0008306756835565562,22.666576029347826,1.0,7.059638919086456,1.11222,1.11242,1.10032,1.10251,-88.07176352141826,0.005262506348230335,-0.002595862539508853,59.93443373333021,2.0,-2.002570200828372,-1.6893589358935255,1.6726372637263043
203,1208,2016-02-22 16:55:00,1.1022299999999998,1.10229,1.10162,1.10173,-4.538317010519319,-6.238392645774304e-05,-7.267926098851835e-05,43.10109947606357,2,-3.543170063767404,1.1027,1.102965,1.10162,1.10173,-8.804335000407681,-0.002532411835126425,-0.0008306756835565562,22.666576029347826,1.0,7.059638919086456,1.11222,1.11242,1.10032,1.10251,-88.07176352141826,0.005262506348230335,-0.002595862539508853,59.93443373333021,2.0,-2.002570200828372,-1.7660766076608596,1.7570557055706233
204,1209,2016-02-22 17:00:00,1.10172,1.10178,1.1012049999999998,1.10124,-4.358722894192328,-0.00013660636226497938,-0.00011752135743660371,38.50854158454924,1,1.1787467578228212,1.10172,1.103505,1.101065,1.1028,9.793253536452395,-0.00250470145331172,-0.0006423722413934807,29.883109940228408,2.0,-2.461505773828756,1.11222,1.11242,1.10032,1.10251,-88.07176352141826,0.005262506348230335,-0.002595862539508853,59.93443373333021,2.0,-2.002570200828372,-1.1768876887690127,1.1596059605961773
205,1210,2016-02-22 17:05:00,1.10123,1.10176,1.10115,1.10172,4.4475910394664835,-0.00015491047735860516,-0.00010866037802418366,44.72219365423843,2,3.355114486482569,1.10172,1.103505,1.101065,1.1028,9.793253536452395,-0.00250470145331172,-0.0006423722413934807,29.883109940228408,2.0,-2.461505773828756,1.11222,1.11242,1.10032,1.10251,-88.07176352141826,0.005262506348230335,-0.002595862539508853,59.93443373333021,2.0,-2.002570200828372,-0.6767976797681101,0.6014801480149313
206,1211,2016-02-22 17:10:00,1.10171,1.1017199999999998,1.1013000000000002,1.10131,-3.6320382090415593,-0.00020019249941394252,-0.00012315392006361682,40.91871144019411,1,8.5294805218399,1.10172,1.103505,1.101065,1.1028,9.793253536452395,-0.00250470145331172,-0.0006423722413934807,29.883109940228408,2.0,-2.461505773828756,1.11222,1.11242,1.10032,1.10251,-88.07176352141826,0.005262506348230335,-0.002595862539508853,59.93443373333021,2.0,-2.002570200828372,-0.3054405440545728,0.15502550255042846
207,1212,2016-02-22 17:15:00,1.1013,1.10148,1.10115,1.10134,0.3631939273978971,-0.0002309953087229477,-0.00012316538349809757,41.312016524507044,1,4.354342502954556,1.10172,1.103505,1.101065,1.1028,9.793253536452395,-0.00250470145331172,-0.0006423722413934807,29.883109940228408,2.0,-2.461505773828756,1.11222,1.11242,1.10032,1.10251,-88.07176352141826,0.005262506348230335,-0.002595862539508853,59.93443373333021,2.0,-2.002570200828372,0.4381438143812633,-0.5327332733271539
208,1213,2016-02-22 17:20:00,1.10133,1.10208,1.101325,1.10206,6.623958768126231,-0.00019506024127324828,-6.97842528387185e-05,49.9274178849605,2,-8.172482333681605,1.10172,1.103505,1.101065,1.1028,9.793253536452395,-0.00250470145331172,-0.0006423722413934807,29.883109940228408,2.0,-2.461505773828756,1.11222,1.11242,1.10032,1.10251,-88.07176352141826,0.005262506348230335,-0.002595862539508853,59.93443373333021,2.0,-2.002570200828372,0.5431943194317183,-0.6257625762573896
209,1214,2016-02-22 17:25:00,1.10206,1.10236,1.102055,1.1022299999999998,1.5423278263157731,-0.00015112182385501605,-2.0676668336389015e-05,51.729238636257676,2,-6.083563280600567,1.10172,1.103505,1.101065,1.1028,9.793253536452395,-0.00250470145331172,-0.0006423722413934807,29.883109940228408,2.0,-2.461505773828756,1.11222,1.11242,1.10032,1.10251,-88.07176352141826,0.005262506348230335,-0.002595862539508853,59.93443373333021,2.0,-2.002570200828372,-0.014191419142060598,-0.05097509750959103
210,1215,2016-02-22 17:30:00,1.10222,1.10222,1.1017549999999998,1.1018,-3.811944091487448,-0.00014927694611888145,-1.5065432480203507e-05,47.111370254492684,2,0.90477025438411,1.10172,1.103505,1.101065,1.1028,9.793253536452395,-0.00250470145331172,-0.0006423722413934807,29.883109940228408,2.0,-2.461505773828756,1.11222,1.11242,1.10032,1.10251,-88.07176352141826,0.005262506348230335,-0.002595862539508853,59.93443373333021,2.0,-2.002570200828372,-0.3173517351734881,0.29625962596256095
211,1216,2016-02-22 17:35:00,1.10181,1.101815,1.101065,1.10116,-5.902866068509932,-0.00019718449836414462,-5.0378387780373355e-05,41.21414210283006,1,14.557276921508686,1.10172,1.103505,1.101065,1.1028,9.793253536452395,-0.00250470145331172,-0.0006423722413934807,29.883109940228408,2.0,-2.461505773828756,1.11222,1.11242,1.10032,1.10251,-88.07176352141826,0.005262506348230335,-0.002595862539508853,59.93443373333021,2.0,-2.002570200828372,0.17415741574170382,-0.2636163616363131
212,1217,2016-02-22 17:40:00,1.10115,1.1015450000000002,1.10114,1.10155,3.631246879396813,-0.0002013606774924348,-4.3643653526930816e-05,45.67664104412671,1,11.016708315598144,1.10172,1.103505,1.101065,1.1028,9.793253536452395,-0.00250470145331172,-0.0006423722413934807,29.883109940228408,2.0,-2.461505773828756,1.11222,1.11242,1.10032,1.10251,-88.07176352141826,0.005262506348230335,-0.002595862539508853,59.93443373333021,2.0,-2.002570200828372,0.9382738273828725,-1.0600160016003168
213,1218,2016-02-22 17:45:00,1.10153,1.1019,1.101445,1.10188,3.176389443497228,-0.00017601311780635062,-1.4636875072677326e-05,49.191255911109245,1,-0.04854680180176008,1.10172,1.103505,1.101065,1.1028,9.793253536452395,-0.00250470145331172,-0.0006423722413934807,29.883109940228408,2.0,-2.461505773828756,1.11222,1.11242,1.10032,1.10251,-88.07176352141826,0.005262506348230335,-0.002595862539508853,59.93443373333021,2.0,-2.002570200828372,1.1942694269427983,-1.279677967796908
214,1219,2016-02-22 17:50:00,1.10189,1.1029,1.101805,1.1028,7.749640598614647,-8.075775773574989e-05,6.449478799833875e-05,57.455340425043296,2,-7.798187400416408,1.10172,1.103505,1.101065,1.1028,9.793253536452395,-0.00250470145331172,-0.0006423722413934807,29.883109940228408,2.0,-2.461505773828756,1.11222,1.11242,1.10032,1.10251,-88.07176352141826,0.005262506348230335,-0.002595862539508853,59.93443373333021,2.0,-2.002570200828372,0.5291529152916347,-0.6208220822083407
215,1220,2016-02-22 17:55:00,1.10279,1.103505,1.10273,1.1028,0.09067827348626688,-5.207173546573074e-06,0.00011203629775001245,57.455340425043296,2,-10.70308200543581,1.10172,1.103505,1.101065,1.1028,9.793253536452395,-0.00250470145331172,-0.0006423722413934807,29.883109940228408,2.0,-2.461505773828756,1.11222,1.11242,1.10032,1.10251,-88.07176352141826,0.005262506348230335,-0.002595862539508853,59.93443373333021,2.0,-2.002570200828372,-0.9134313431342308,0.7082708270826067
216,1221,2016-02-22 18:00:00,1.10279,1.103035,1.101735,1.10184,-7.888865673902675,-2.2536975978981744e-05,7.576519625408303e-05,48.005943864056654,2,-4.44854448646807,1.10279,1.103035,1.1008950000000002,1.10139,-12.711210379609813,-0.002566926066382313,-0.0005636774835712598,26.38851824483305,1.0,14.420337907382464,1.11222,1.11242,1.10032,1.10251,-88.07176352141826,0.005262506348230335,-0.002595862539508853,59.93443373333021,2.0,-2.002570200828372,-1.6296429642962948,1.4125912591257608
217,1222,2016-02-22 18:05:00,1.10185,1.102225,1.1017649999999999,1.10185,0.0,-3.5059904084366884e-05,5.059381451895833e-05,48.101694199511506,2,-3.2683463947579314,1.10279,1.103035,1.1008950000000002,1.10139,-12.711210379609813,-0.002566926066382313,-0.0005636774835712598,26.38851824483305,1.0,14.420337907382464,1.11222,1.11242,1.10032,1.10251,-88.07176352141826,0.005262506348230335,-0.002595862539508853,59.93443373333021,2.0,-2.002570200828372,-1.6557655765574633,1.4614261426140471
218,1223,2016-02-22 18:10:00,1.10186,1.10189,1.10134,1.10155,-2.8142163315331348,-6.84033958584518e-05,1.3800258195898725e-05,45.40051543411442,0,0.09054213489017417,1.10279,1.103035,1.1008950000000002,1.10139,-12.711210379609813,-0.002566926066382313,-0.0005636774835712598,26.38851824483305,1.0,14.420337907382464,1.11222,1.11242,1.10032,1.10251,-88.07176352141826,0.005262506348230335,-0.002595862539508853,59.93443373333021,2.0,-2.002570200828372,-1.5931893189317012,1.4168316831681156
219,1224,2016-02-22 18:15:00,1.10155,1.10158,1.10127,1.1013700000000002,-1.6343281549349356,-0.00010810666268024072,-2.0722406900712162e-05,43.81083291835282,0,-0.3634947927102785,1.10279,1.103035,1.1008950000000002,1.10139,-12.711210379609813,-0.002566926066382313,-0.0005636774835712598,26.38851824483305,1.0,14.420337907382464,1.11222,1.11242,1.10032,1.10251,-88.07176352141826,0.005262506348230335,-0.002595862539508853,59.93443373333021,2.0,-2.002570200828372,-1.2386538653864818,1.0748874887488247
220,1225,2016-02-22 18:20:00,1.10138,1.101695,1.10138,1.10151,1.1801980917101391,-0.0001268131348319823,-3.1543103241963e-05,45.4118222041667,0,-1.4528944025704391,1.10279,1.103035,1.1008950000000002,1.10139,-12.711210379609813,-0.002566926066382313,-0.0005636774835712598,26.38851824483305,1.0,14.420337907382464,1.11222,1.11242,1.10032,1.10251,-88.07176352141826,0.005262506348230335,-0.002595862539508853,59.93443373333021,2.0,-2.002570200828372,-0.9532053205321065,0.7968096809681567
221,1226,2016-02-22 18:25:00,1.10152,1.10158,1.10134,1.10158,0.544672198114971,-0.00013443999324325162,-3.1335969322585845e-05,46.23667535156814,2,-3.9955323083275096,1.10279,1.103035,1.1008950000000002,1.10139,-12.711210379609813,-0.002566926066382313,-0.0005636774835712598,26.38851824483305,1.0,14.420337907382464,1.11222,1.11242,1.10032,1.10251,-88.07176352141826,0.005262506348230335,-0.002595862539508853,59.93443373333021,2.0,-2.002570200828372,-0.9256125612561371,0.7570357035703764
222,1227,2016-02-22 18:30:00,1.1015700000000002,1.10158,1.1012849999999998,1.10134,-2.0883650825353883,-0.0001580286715627821,-4.393971811369305e-05,43.7933351304992,0,-1.543910630414199,1.10279,1.103035,1.1008950000000002,1.10139,-12.711210379609813,-0.002566926066382313,-0.0005636774835712598,26.38851824483305,1.0,14.420337907382464,1.11222,1.11242,1.10032,1.10251,-88.07176352141826,0.005262506348230335,-0.002595862539508853,59.93443373333021,2.0,-2.002570200828372,-0.8434143414341247,0.643364336433613
223,1228,2016-02-22 18:35:00,1.10133,1.101475,1.1012,1.10134,0.09079848184997832,-0.00017470893324822434,-4.849598383930822e-05,43.7933351304992,0,-0.4542538197386068,1.10279,1.103035,1.1008950000000002,1.10139,-12.711210379609813,-0.002566926066382313,-0.0005636774835712598,26.38851824483305,1.0,14.420337907382464,1.11222,1.11242,1.10032,1.10251,-88.07176352141826,0.005262506348230335,-0.002595862539508853,59.93443373333021,2.0,-2.002570200828372,-0.5699569956994885,0.41794179417934224
224,1229,2016-02-22 18:40:00,1.10134,1.1015450000000002,1.10099,1.10112,-1.9979657076421002,-0.00020333638689651323,-6.169874999007767e-05,41.463911786710135,0,2.724038566011933,1.10279,1.103035,1.1008950000000002,1.10139,-12.711210379609813,-0.002566926066382313,-0.0005636774835712598,26.38851824483305,1.0,14.420337907382464,1.11222,1.11242,1.10032,1.10251,-88.07176352141826,0.005262506348230335,-0.002595862539508853,59.93443373333021,2.0,-2.002570200828372,-0.18726872687262777,0.002880288028755788
225,1230,2016-02-22 18:45:00,1.10111,1.10119,1.1008950000000002,1.10115,0.3632565953779231,-0.00022105491739710104,-6.353382439253239e-05,41.91761110873349,0,0.5445319819857732,1.10279,1.103035,1.1008950000000002,1.10139,-12.711210379609813,-0.002566926066382313,-0.0005636774835712598,26.38851824483305,1.0,14.420337907382464,1.11222,1.11242,1.10032,1.10251,-88.07176352141826,0.005262506348230335,-0.002595862539508853,59.93443373333021,2.0,-2.002570200828372,0.35552555255521306,-0.5435543554354901
226,1231,2016-02-22 18:50:00,1.10114,1.10127,1.1010300000000002,1.10127,1.1804552925255702,-0.00022284516303239243,-5.225925602225901e-05,43.794204603879,1,3.6304044705156233,1.10279,1.103035,1.1008950000000002,1.10139,-12.711210379609813,-0.002566926066382313,-0.0005636774835712598,26.38851824483305,1.0,14.420337907382464,1.11222,1.11242,1.10032,1.10251,-88.07176352141826,0.005262506348230335,-0.002595862539508853,59.93443373333021,2.0,-2.002570200828372,0.8348934893488894,-1.0122212221221618
227,1232,2016-02-22 18:55:00,1.10126,1.101455,1.1011099999999998,1.10139,1.1803266781084405,-0.00021213558154431486,-3.3239739627345174e-05,45.68409845525938,1,4.174450438410837,1.10279,1.103035,1.1008950000000002,1.10139,-12.711210379609813,-0.002566926066382313,-0.0005636774835712598,26.38851824483305,1.0,14.420337907382464,1.11222,1.11242,1.10032,1.10251,-88.07176352141826,0.005262506348230335,-0.002595862539508853,59.93443373333021,2.0,-2.002570200828372,1.1683168316831016,-1.3563656365635837
228,1233,2016-02-22 19:00:00,1.1013700000000002,1.101375,1.1011549999999999,1.10117,-1.8162499886482373,-0.0002188772418421081,-3.198511994011071e-05,42.84007818833675,1,10.889237215977356,1.1013700000000002,1.102905,1.1011549999999999,1.10247,9.977595762243876,-0.002500270979000075,-0.00039761791695121663,32.86458955846706,1.0,2.3570472913623512,1.11222,1.11242,1.10032,1.10251,-88.07176352141826,0.005262506348230335,-0.002595862539508853,59.93443373333021,2.0,-2.002570200828372,1.7429542954294566,-1.8992699269925901
229,1234,2016-02-22 19:05:00,1.1011799999999998,1.101725,1.101175,1.10165,4.266327781055422,-0.0001833742435928265,2.814302647336734e-06,50.13420948160879,1,5.624950714123076,1.1013700000000002,1.102905,1.1011549999999999,1.10247,9.977595762243876,-0.002500270979000075,-0.00039761791695121663,32.86458955846706,1.0,2.3570472913623512,1.11222,1.11242,1.10032,1.10251,-88.07176352141826,0.005262506348230335,-0.002595862539508853,59.93443373333021,2.0,-2.002570200828372,2.200350035003454,-2.3602860286027605
230,1235,2016-02-22 19:10:00,1.10166,1.101875,1.101515,1.10185,1.7243726460036526,-0.00013751435329978356,3.893935435230375e-05,52.8349078330844,1,2.721043893385376,1.1013700000000002,1.102905,1.1011549999999999,1.10247,9.977595762243876,-0.002500270979000075,-0.00039761791695121663,32.86458955846706,1.0,2.3570472913623512,1.11222,1.11242,1.10032,1.10251,-88.07176352141826,0.005262506348230335,-0.002595862539508853,59.93443373333021,2.0,-2.002570200828372,2.2860686068606286,-2.450405040503937
231,1236,2016-02-22 19:15:00,1.10183,1.102495,1.10176,1.10237,4.8985367889182845,-5.8535643203461156e-05,9.433445155890092e-05,59.04550024010918,0,-1.7238506015535988,1.1013700000000002,1.102905,1.1011549999999999,1.10247,9.977595762243876,-0.002500270979000075,-0.00039761791695121663,32.86458955846706,1.0,2.3570472913623512,1.11222,1.11242,1.10032,1.10251,-88.07176352141826,0.005262506348230335,-0.002595862539508853,59.93443373333021,2.0,-2.002570200828372,1.9797379737972383,-2.13190319031886
232,1237,2016-02-22 19:20:00,1.10236,1.102685,1.10225,1.10225,-0.9979587207988616,-5.563313148382322e-06,0.00011784542529118384,57.174485572657844,0,-0.9980821962230814,1.1013700000000002,1.102905,1.1011549999999999,1.10247,9.977595762243876,-0.002500270979000075,-0.00039761791695121663,32.86458955846706,1.0,2.3570472913623512,1.11222,1.11242,1.10032,1.10251,-88.07176352141826,0.005262506348230335,-0.002595862539508853,59.93443373333021,2.0,-2.002570200828372,1.5171817181716505,-1.6660766076606124
233,1238,2016-02-22 19:25:00,1.10226,1.10243,1.10209,1.1021299999999998,-1.1795341747340466,2.64299746512986e-05,0.0001198709704726918,55.287779627248476,0,2.4492107978237567,1.1013700000000002,1.102905,1.1011549999999999,1.10247,9.977595762243876,-0.002500270979000075,-0.00039761791695121663,32.86458955846706,1.0,2.3570472913623512,1.11222,1.11242,1.10032,1.10251,-88.07176352141826,0.005262506348230335,-0.002595862539508853,59.93443373333021,2.0,-2.002570200828372,1.3666866686668724,-1.5069506950695069
234,1239,2016-02-22 19:30:00,1.10214,1.102325,1.10185,1.10219,0.4536422939793095,5.598106937010352e-05,0.00011953765215319736,56.06838901387006,1,6.2571382122460175,1.1013700000000002,1.102905,1.1011549999999999,1.10247,9.977595762243876,-0.002500270979000075,-0.00039761791695121663,32.86458955846706,1.0,2.3570472913623512,1.11222,1.11242,1.10032,1.10251,-88.07176352141826,0.005262506348230335,-0.002595862539508853,59.93443373333021,2.0,-2.002570200828372,1.4082908290830167,-1.5350135013502597
235,1240,2016-02-22 19:35:00,1.1022,1.10231,1.10184,1.10217,-0.27219031546834416,7.69002339575664e-05,0.00011236545339252822,55.7191878053401,1,2.628995638838199,1.1013700000000002,1.102905,1.1011549999999999,1.10247,9.977595762243876,-0.002500270979000075,-0.00039761791695121663,32.86458955846706,1.0,2.3570472913623512,1.11222,1.11242,1.10032,1.10251,-88.07176352141826,0.005262506348230335,-0.002595862539508853,59.93443373333021,2.0,-2.002570200828372,1.5312531253125488,-1.6346034603460784
236,1241,2016-02-22 19:40:00,1.10216,1.102435,1.102055,1.10241,2.267758819312792,0.00011155883602498308,0.00011761924436795591,59.01771281940672,1,0.2705314035064367,1.1013700000000002,1.102905,1.1011549999999999,1.10247,9.977595762243876,-0.002500270979000075,-0.00039761791695121663,32.86458955846706,1.0,2.3570472913623512,1.11222,1.11242,1.10032,1.10251,-88.07176352141826,0.005262506348230335,-0.002595862539508853,59.93443373333021,2.0,-2.002570200828372,1.5911091109111213,-1.7010401040104626
237,1242,2016-02-22 19:45:00,1.10241,1.102905,1.102395,1.10288,4.261569708401572,0.00017493456316031164,0.0001447959772026276,64.5818892801684,2,-2.3586073431226144,1.1013700000000002,1.102905,1.1011549999999999,1.10247,9.977595762243876,-0.002500270979000075,-0.00039761791695121663,32.86458955846706,1.0,2.3570472913623512,1.11222,1.11242,1.10032,1.10251,-88.07176352141826,0.005262506348230335,-0.002595862539508853,59.93443373333021,2.0,-2.002570200828372,1.1983898389839562,-1.3284328432843984
238,1243,2016-02-22 19:50:00,1.1029,1.1029,1.10241,1.10247,-3.9003328888761635,0.0001898878016490801,0.00012779937255311688,57.27637329432274,0,1.9951580296576528,1.1013700000000002,1.102905,1.1011549999999999,1.10247,9.977595762243876,-0.002500270979000075,-0.00039761791695121663,32.86458955846706,1.0,2.3570472913623512,1.11222,1.11242,1.10032,1.10251,-88.07176352141826,0.005262506348230335,-0.002595862539508853,59.93443373333021,2.0,-2.002570200828372,0.9167516751674609,-1.003700370036953
239,1244,2016-02-22 19:55:00,1.10248,1.102775,1.102435,1.10247,-0.09070541601897074,0.00019943933833799216,0.00010988072739362314,57.27637329432274,0,1.9951761264838723,1.1013700000000002,1.102905,1.1011549999999999,1.10247,9.977595762243876,-0.002500270979000075,-0.00039761791695121663,32.86458955846706,1.0,2.3570472913623512,1.11222,1.11242,1.10032,1.10251,-88.07176352141826,0.005262506348230335,-0.002595862539508853,59.93443373333021,2.0,-2.002570200828372,1.020202020201848,-1.1039703970395462
240,1245,2016-02-22 20:00:00,1.10247,1.1028,1.102465,1.10265,1.6324309617725203,0.00021900889741521823,0.00010356022917667932,59.60310420176692,1,3.263871164238795,1.10247,1.103445,1.10234,1.1025,0.2721088435371836,-0.0024171620532273948,-0.00025160719294282973,33.04081087071836,1.0,-0.0012104306426232725,1.11222,1.11242,1.10032,1.10251,-88.07176352141826,0.005262506348230335,-0.002595862539508853,59.93443373333021,2.0,-2.002570200828372,1.0741074107409139,-1.1519051905188948
241,1246,2016-02-22 20:05:00,1.10265,1.102855,1.1026049999999998,1.1027,0.4534324839041037,0.00023583394914328262,9.630822472379494e-05,60.25067900764093,0,2.4477814911088736,1.10247,1.103445,1.10234,1.1025,0.2721088435371836,-0.0024171620532273948,-0.00025160719294282973,33.04081087071836,1.0,-0.0012104306426232725,1.11222,1.11242,1.10032,1.10251,-88.07176352141826,0.005262506348230335,-0.002595862539508853,59.93443373333021,2.0,-2.002570200828372,0.9979497949793684,-1.086298629862877
242,1247,2016-02-22 20:10:00,1.1027,1.102835,1.10234,1.10269,-0.09068731919275147,0.0002455306825583925,8.480396651112387e-05,60.04336832753194,0,2.719795760927484,1.10247,1.103445,1.10234,1.1025,0.2721088435371836,-0.0024171620532273948,-0.00025160719294282973,33.04081087071836,1.0,-0.0012104306426232725,1.11222,1.11242,1.10032,1.10251,-88.07176352141826,0.005262506348230335,-0.002595862539508853,59.93443373333021,2.0,-2.002570200828372,1.0072007200718691,-1.0608360836082387
243,1248,2016-02-22 20:15:00,1.1027,1.103175,1.1027,1.10302,2.9011259995274425,0.0002766545542363108,9.274227055123372e-05,64.39693983533118,0,2.265962330694609,1.10247,1.103445,1.10234,1.1025,0.2721088435371836,-0.0024171620532273948,-0.00025160719294282973,33.04081087071836,1.0,-0.0012104306426232725,1.11222,1.11242,1.10032,1.10251,-88.07176352141826,0.005262506348230335,-0.002595862539508853,59.93443373333021,2.0,-2.002570200828372,0.8415941594158938,-0.886418641864146
244,1249,2016-02-22 20:20:00,1.10301,1.103135,1.102935,1.10297,-0.3626571892258176,0.00029389799154233565,8.798856628580685e-05,63.27205134106767,2,-3.1757900174497573,1.10247,1.103445,1.10234,1.1025,0.2721088435371836,-0.0024171620532273948,-0.00025160719294282973,33.04081087071836,1.0,-0.0012104306426232725,1.11222,1.11242,1.10032,1.10251,-88.07176352141826,0.005262506348230335,-0.002595862539508853,59.93443373333021,2.0,-2.002570200828372,0.514411441144097,-0.5701570157015532
245,1250,2016-02-22 20:25:00,1.10296,1.103055,1.102785,1.1029799999999998,0.18132695062585924,0.00030485626303233815,7.915747022064747e-05,63.40971670767145,2,-2.540938497050646,1.10247,1.103445,1.10234,1.1025,0.2721088435371836,-0.0024171620532273948,-0.00025160719294282973,33.04081087071836,1.0,-0.0012104306426232725,1.11222,1.11242,1.10032,1.10251,-88.07176352141826,0.005262506348230335,-0.002595862539508853,59.93443373333021,2.0,-2.002570200828372,0.2739973997400026,-0.3428642864286703
246,1251,2016-02-22 20:30:00,1.10299,1.103445,1.1029200000000001,1.10326,2.4472925692945684,0.00033230384026206034,8.528403796029575e-05,67.12534254343804,2,-3.356125741147603,1.10247,1.103445,1.10234,1.1025,0.2721088435371836,-0.0024171620532273948,-0.00025160719294282973,33.04081087071836,1.0,-0.0012104306426232725,1.11222,1.11242,1.10032,1.10251,-88.07176352141826,0.005262506348230335,-0.002595862539508853,59.93443373333021,2.0,-2.002570200828372,-0.16488648864868605,0.06565656565640027
247,1252,2016-02-22 20:35:00,1.10325,1.103415,1.1025900000000002,1.10261,-5.8044095373701845,0.00029816956213424284,4.091980786598255e-05,53.5346602155196,1,3.173624479673553,1.10247,1.103445,1.10234,1.1025,0.2721088435371836,-0.0024171620532273948,-0.00025160719294282973,33.04081087071836,1.0,-0.0012104306426232725,1.11222,1.11242,1.10032,1.10251,-88.07176352141826,0.005262506348230335,-0.002595862539508853,59.93443373333021,2.0,-2.002570200828372,-0.3772377237722142,0.29646964696454653
248,1253,2016-02-22 20:40:00,1.10261,1.10273,1.1024599999999998,1.1027,0.8161784710249703,0.0002752077252861085,1.4366376814278547e-05,54.89635636587803,0,-1.7241866444131988,1.10247,1.103445,1.10234,1.1025,0.2721088435371836,-0.0024171620532273948,-0.00025160719294282973,33.04081087071836,1.0,-0.0012104306426232725,1.11222,1.11242,1.10032,1.10251,-88.07176352141826,0.005262506348230335,-0.002595862539508853,59.93443373333021,2.0,-2.002570200828372,-0.12491249124906868,0.07303730373032102
249,1254,2016-02-22 20:45:00,1.10269,1.1028950000000002,1.102525,1.10287,1.6321053251976116,0.00026764266535916903,5.441053509871248e-06,57.43385880805467,2,-1.7238906165308407,1.10247,1.103445,1.10234,1.1025,0.2721088435371836,-0.0024171620532273948,-0.00025160719294282973,33.04081087071836,1.0,-0.0012104306426232725,1.11222,1.11242,1.10032,1.10251,-88.07176352141826,0.005262506348230335,-0.002595862539508853,59.93443373333021,2.0,-2.002570200828372,-0.04813481348132605,0.021772177217698797
250,1255,2016-02-22 20:50:00,1.10285,1.1029799999999998,1.102815,1.10293,0.7253406834509711,0.00026345189002752184,1.0002225425791698e-06,58.32502198590808,2,-2.267858306421379,1.10247,1.103445,1.10234,1.1025,0.2721088435371836,-0.0024171620532273948,-0.00025160719294282973,33.04081087071836,1.0,-0.0012104306426232725,1.11222,1.11242,1.10032,1.10251,-88.07176352141826,0.005262506348230335,-0.002595862539508853,59.93443373333021,2.0,-2.002570200828372,-0.15281528152813784,0.13976397639762317
251,1256,2016-02-22 20:55:00,1.10295,1.103035,1.1024950000000002,1.1025,-4.0816326530617815,0.0002228642239985313,-3.166995478912912e-05,50.21168304168785,1,4.805587657489276,1.10247,1.103445,1.10234,1.1025,0.2721088435371836,-0.0024171620532273948,-0.00025160719294282973,33.04081087071836,1.0,-0.0012104306426232725,1.11222,1.11242,1.10032,1.10251,-88.07176352141826,0.005262506348230335,-0.002595862539508853,59.93443373333021,2.0,-2.002570200828372,-0.2197319731972888,0.21822182218218733
0,1257,2016-02-23 00:00:00,1.1025200000000002,1.10278,1.102475,1.10276,2.1763575029926545,-3.5682045391949295e-05,2.0418526969158712e-05,54.21238364639822,0,1.0880430891181911,1.1025200000000002,1.103385,1.102475,1.10282,2.720298870168904,-0.0019642582104071327,0.00016234869334810038,36.3684125980562,1.0,15.02982129406116,1.1025200000000002,1.10529,1.099005,1.10235,-1.5421599310564111,0.004118032663170901,-0.002992268979654629,59.60690234823759,2.0,-76.4188022552936,0.0,0.0
1,1258,2016-02-23 00:05:00,1.10275,1.10309,1.102715,1.10284,0.8160748612685931,-1.2269781180851425e-05,3.506463294420527e-05,56.266135633456535,0,-1.7232432645675728,1.1025200000000002,1.103385,1.102475,1.10282,2.720298870168904,-0.0019642582104071327,0.00016234869334810038,36.3684125980562,1.0,15.02982129406116,1.1025200000000002,1.10529,1.099005,1.10235,-1.5421599310564111,0.004118032663170901,-0.002992268979654629,59.60690234823759,2.0,-76.4188022552936,0.0,0.0
2,1259,2016-02-23 00:10:00,1.10283,1.103015,1.10275,1.10293,0.9066758543152241,1.3392474610629534e-05,4.858151098854898e-05,58.52023695666785,0,-1.6324128844703512,1.1025200000000002,1.103385,1.102475,1.10282,2.720298870168904,-0.0019642582104071327,0.00016234869334810038,36.3684125980562,1.0,15.02982129406116,1.1025200000000002,1.10529,1.099005,1.10235,-1.5421599310564111,0.004118032663170901,-0.002992268979654629,59.60690234823759,2.0,-76.4188022552936,0.0,0.0
3,1260,2016-02-23 00:15:00,1.10294,1.103135,1.102855,1.10287,-0.634707626465626,2.8559284993123768e-05,5.099865709683458e-05,56.43202471646802,0,0.9062795101175242,1.1025200000000002,1.103385,1.102475,1.10282,2.720298870168904,-0.0019642582104071327,0.00016234869334810038,36.3684125980562,1.0,15.02982129406116,1.1025200000000002,1.10529,1.099005,1.10235,-1.5421599310564111,0.004118032663170901,-0.002992268979654629,59.60690234823759,2.0,-76.4188022552936,0.0,0.0
4,1261,2016-02-23 00:20:00,1.10286,1.102875,1.1026,1.10264,-1.9952114924171709,2.1769073355493163e-05,3.536675636736317e-05,49.18641408803728,0,1.1785100641456596,1.1025200000000002,1.103385,1.102475,1.10282,2.720298870168904,-0.0019642582104071327,0.00016234869334810038,36.3684125980562,1.0,15.02982129406116,1.1025200000000002,1.10529,1.099005,1.10235,-1.5421599310564111,0.004118032663170901,-0.002992268979654629,59.60690234823759,2.0,-76.4188022552936,0.0,0.0
5,1262,2016-02-23 00:25:00,1.10264,1.102785,1.10261,1.10275,0.9975062344124458,2.4975955139616698e-05,3.0858910521189365e-05,52.338285918679006,0,2.7194890793192226,1.1025200000000002,1.103385,1.102475,1.10282,2.720298870168904,-0.0019642582104071327,0.00016234869334810038,36.3684125980562,1.0,15.02982129406116,1.1025200000000002,1.10529,1.099005,1.10235,-1.5421599310564111,0.004118032663170901,-0.002992268979654629,59.60690234823759,2.0,-76.4188022552936,0.0,0.0
6,1263,2016-02-23 00:30:00,1.10274,1.102985,1.10273,1.10295,1.903984768122249,4.3158259042774816e-05,3.923297153947799e-05,57.5000602426789,1,3.3533453335848837,1.1025200000000002,1.103385,1.102475,1.10282,2.720298870168904,-0.0019642582104071327,0.00016234869334810038,36.3684125980562,1.0,15.02982129406116,1.1025200000000002,1.10529,1.099005,1.10235,-1.5421599310564111,0.004118032663170901,-0.002992268979654629,59.60690234823759,2.0,-76.4188022552936,0.0,0.0
7,1264,2016-02-23 00:35:00,1.10293,1.10295,1.102715,1.10274,-1.7229809383890349,4.0159685074758755e-05,2.8987518057169543e-05,51.22670655199997,1,3.353923247797612,1.1025200000000002,1.103385,1.102475,1.10282,2.720298870168904,-0.0019642582104071327,0.00016234869334810038,36.3684125980562,1.0,15.02982129406116,1.1025200000000002,1.10529,1.099005,1.10235,-1.5421599310564111,0.004118032663170901,-0.002992268979654629,59.60690234823759,2.0,-76.4188022552936,0.0,0.0
8,1265,2016-02-23 00:40:00,1.10274,1.103055,1.102735,1.10302,2.5384852495860093,5.968889709340174e-05,3.8813384060650025e-05,57.83260201628131,0,-1.723507613946845,1.1025200000000002,1.103385,1.102475,1.10282,2.720298870168904,-0.0019642582104071327,0.00016234869334810038,36.3684125980562,1.0,15.02982129406116,1.1025200000000002,1.10529,1.099005,1.10235,-1.5421599310564111,0.004118032663170901,-0.002992268979654629,59.60690234823759,2.0,-76.4188022552936,0.0,0.0
9,1266,2016-02-23 00:45:00,1.10302,1.103385,1.102975,1.1033,2.537841022387909,9.664552876498256e-05,6.061601258578466e-05,63.20019757241364,2,0.27042818272197433,1.1025200000000002,1.103385,1.102475,1.10282,2.720298870168904,-0.0019642582104071327,0.00016234869334810038,36.3684125980562,1.0,15.02982129406116,1.1025200000000002,1.10529,1.099005,1.10235,-1.5421599310564111,0.004118032663170901,-0.002992268979654629,59.60690234823759,2.0,-76.4188022552936,0.0,0.0
10,1267,2016-02-23 00:50:00,1.1033,1.103365,1.10311,1.10311,-1.7224030241763058,0.00010934208601476314,5.865005586845219e-05,57.82155141117463,1,3.6239456205132727,1.1025200000000002,1.103385,1.102475,1.10282,2.720298870168904,-0.0019642582104071327,0.00016234869334810038,36.3684125980562,1.0,15.02982129406116,1.1025200000000002,1.10529,1.099005,1.10235,-1.5421599310564111,0.004118032663170901,-0.002992268979654629,59.60690234823759,2.0,-76.4188022552936,0.0,0.0
11,1268,2016-02-23 00:55:00,1.1031,1.103135,1.10282,1.10282,-2.5389456121584484,9.490956436097876e-05,3.5374027371734244e-05,50.725597436529895,1,8.065495989184008,1.1025200000000002,1.103385,1.102475,1.10282,2.720298870168904,-0.0019642582104071327,0.00016234869334810038,36.3684125980562,1.0,15.02982129406116,1.1025200000000002,1.10529,1.099005,1.10235,-1.5421599310564111,0.004118032663170901,-0.002992268979654629,59.60690234823759,2.0,-76.4188022552936,0.0,0.0
12,1269,2016-02-23 01:00:00,1.10282,1.103325,1.102815,1.10332,4.531776819056729,0.00012240648255978923,5.029675645643579e-05,59.869855316249705,1,5.345411834583482,1.10282,1.1045950000000002,1.102815,1.10434,13.763877066847055,-0.0017258355904079534,0.00032061705067782347,45.6686443483765,2.0,0.17934203227859524,1.1025200000000002,1.10529,1.099005,1.10235,-1.5421599310564111,0.004118032663170901,-0.002992268979654629,59.60690234823759,2.0,-76.4188022552936,0.0,0.0
13,1270,2016-02-23 01:05:00,1.10336,1.103545,1.103225,1.10354,1.6311144136149935,0.0001601045639685328,7.039587029214344e-05,63.11349060927866,1,-0.0917396788320306,1.10282,1.1045950000000002,1.102815,1.10434,13.763877066847055,-0.0017258355904079534,0.00032061705067782347,45.6686443483765,2.0,0.17934203227859524,1.1025200000000002,1.10529,1.099005,1.10235,-1.5421599310564111,0.004118032663170901,-0.002992268979654629,59.60690234823759,2.0,-76.4188022552936,0.0,0.0
14,1271,2016-02-23 01:10:00,1.10354,1.10392,1.10334,1.10375,1.9026047565122848,0.0002045676811524011,9.18871899808094e-05,65.94322762373564,0,-0.7258378300489443,1.10282,1.1045950000000002,1.102815,1.10434,13.763877066847055,-0.0017258355904079534,0.00032061705067782347,45.6686443483765,2.0,0.17934203227859524,1.1025200000000002,1.10529,1.099005,1.10235,-1.5421599310564111,0.004118032663170901,-0.002992268979654629,59.60690234823759,2.0,-76.4188022552936,0.0,0.0
15,1272,2016-02-23 01:15:00,1.10374,1.10417,1.103665,1.10394,1.8116926644562017,0.00025222889625498013,0.00011163872406671071,68.31184270912777,2,-0.0011377884453604992,1.10282,1.1045950000000002,1.102815,1.10434,13.763877066847055,-0.0017258355904079534,0.00032061705067782347,45.6686443483765,2.0,0.17934203227859524,1.1025200000000002,1.10529,1.099005,1.10235,-1.5421599310564111,0.004118032663170901,-0.002992268979654629,59.60690234823759,2.0,-76.4188022552936,0.0,0.0
16,1273,2016-02-23 01:20:00,1.10393,1.103925,1.10346,1.10351,-3.806037099800518,0.00025239390642073367,8.944298738597141e-05,58.410746143404424,1,5.978517026339698,1.10282,1.1045950000000002,1.102815,1.10434,13.763877066847055,-0.0017258355904079534,0.00032061705067782347,45.6686443483765,2.0,0.17934203227859524,1.1025200000000002,1.10529,1.099005,1.10235,-1.5421599310564111,0.004118032663170901,-0.002992268979654629,59.60690234823759,2.0,-76.4188022552936,0.0,0.0
17,1274,2016-02-23 01:25:00,1.10352,1.10373,1.1034950000000001,1.10366,1.2685066052953715,0.000261612716021542,7.892943758942378e-05,60.5583297510527,1,4.076004135324734,1.10282,1.1045950000000002,1.102815,1.10434,13.763877066847055,-0.0017258355904079534,0.00032061705067782347,45.6686443483765,2.0,0.17934203227859524,1.1025200000000002,1.10529,1.099005,1.10235,-1.5421599310564111,0.004118032663170901,-0.002992268979654629,59.60690234823759,2.0,-76.4188022552936,0.0,0.0
18,1275,2016-02-23 01:30:00,1.10365,1.103985,1.103575,1.10393,2.536392706059786,0.0002873925501416519,8.376741736762691e-05,64.14713585920433,0,2.9885455570966,1.10282,1.1045950000000002,1.102815,1.10434,13.763877066847055,-0.0017258355904079534,0.00032061705067782347,45.6686443483765,2.0,0.17934203227859524,1.1025200000000002,1.10529,1.099005,1.10235,-1.5421599310564111,0.004118032663170901,-0.002992268979654629,59.60690234823759,2.0,-76.4188022552936,0.0,0.0
19,1276,2016-02-23 01:35:00,1.10391,1.10418,1.10387,1.10415,2.17361771498454,0.0003218651546501583,9.459201750090664e-05,66.79808519913608,1,3.0783544889800334,1.10282,1.1045950000000002,1.102815,1.10434,13.763877066847055,-0.0017258355904079534,0.00032061705067782347,45.6686443483765,2.0,0.17934203227859524,1.1025200000000002,1.10529,1.099005,1.10235,-1.5421599310564111,0.004118032663170901,-0.002992268979654629,59.60690234823759,2.0,-76.4188022552936,0.0,0.0
20,1277,2016-02-23 01:40:00,1.10416,1.104235,1.104085,1.10409,-0.6340062857195925,0.0003404193017191304,9.051693165590294e-05,65.37829422434524,1,2.082427964153536,1.10282,1.1045950000000002,1.102815,1.10434,13.763877066847055,-0.0017258355904079534,0.00032061705067782347,45.6686443483765,2.0,0.17934203227859524,1.1025200000000002,1.10529,1.099005,1.10235,-1.5421599310564111,0.004118032663170901,-0.002992268979654629,59.60690234823759,2.0,-76.4188022552936,0.0,0.0
21,1278,2016-02-23 01:45:00,1.1041,1.10451,1.1040900000000002,1.10426,1.4489341278316517,0.00036463785795004533,9.178839030945428e-05,67.48692617273392,0,0.09015337918989684,1.10282,1.1045950000000002,1.102815,1.10434,13.763877066847055,-0.0017258355904079534,0.00032061705067782347,45.6686443483765,2.0,0.17934203227859524,1.1025200000000002,1.10529,1.099005,1.10235,-1.5421599310564111,0.004118032663170901,-0.002992268979654629,59.60690234823759,2.0,-76.4188022552936,0.0,0.0
22,1279,2016-02-23 01:50:00,1.10427,1.104555,1.1041850000000002,1.1045200000000002,2.2634266468679742,0.0004001978338237233,0.0001018786929465058,70.451094299459,2,-3.441251385998812,1.10282,1.1045950000000002,1.102815,1.10434,13.763877066847055,-0.0017258355904079534,0.00032061705067782347,45.6686443483765,2.0,0.17934203227859524,1.1025200000000002,1.10529,1.099005,1.10235,-1.5421599310564111,0.004118032663170901,-0.002992268979654629,59.60690234823759,2.0,-76.4188022552936,0.0,0.0
23,1280,2016-02-23 01:55:00,1.1045200000000002,1.1045950000000002,1.1042399999999999,1.10434,-1.6299328105460902,0.0004091385803481895,8.865555157677756e-05,65.96718716341917,0,-0.1813414856876472,1.10282,1.1045950000000002,1.102815,1.10434,13.763877066847055,-0.0017258355904079534,0.00032061705067782347,45.6686443483765,2.0,0.17934203227859524,1.1025200000000002,1.10529,1.099005,1.10235,-1.5421599310564111,0.004118032663170901,-0.002992268979654629,59.60690234823759,2.0,-76.4188022552936,0.0,0.0
24,1281,2016-02-23 02:00:00,1.10434,1.10458,1.1041850000000002,1.10428,-0.5433404571319868,0.0004066945660254895,6.896922980326203e-05,64.49368928169127,0,-2.7177948635331237,1.10434,1.10458,1.103695,1.10396,-3.442153701221484,-0.0015496829896630706,0.0003974157211381654,43.93961658009322,1.0,-2.3584442858883614,1.1025200000000002,1.10529,1.099005,1.10235,-1.5421599310564111,0.004118032663170901,-0.002992268979654629,59.60690234823759,2.0,-76.4188022552936,0.0,0.0
25,1282,2016-02-23 02:05:00,1.10426,1.104325,1.104055,1.10412,-1.267978118320735,0.0003873815113166757,3.972494007555856e-05,60.60600807934945,0,-1.4498167452123885,1.10434,1.10458,1.103695,1.10396,-3.442153701221484,-0.0015496829896630706,0.0003974157211381654,43.93961658009322,1.0,-2.3584442858883614,1.1025200000000002,1.10529,1.099005,1.10235,-1.5421599310564111,0.004118032663170901,-0.002992268979654629,59.60690234823759,2.0,-76.4188022552936,0.0,0.0
26,1283,2016-02-23 02:10:00,1.1041299999999998,1.104555,1.10402,1.10431,1.6299770897650747,0.0003829922916864792,2.8268576356289698e-05,63.42549559219665,2,-2.083471171353616,1.10434,1.10458,1.103695,1.10396,-3.442153701221484,-0.0015496829896630706,0.0003974157211381654,43.93961658009322,1.0,-2.3584442858883614,1.1025200000000002,1.10529,1.099005,1.10235,-1.5421599310564111,0.004118032663170901,-0.002992268979654629,59.60690234823759,2.0,-76.4188022552936,0.0,0.0
27,1284,2016-02-23 02:15:00,1.10431,1.104375,1.1039599999999998,1.10397,-3.0797938349774627,0.0003480663527548612,-5.3258900602627226e-06,55.737740451632995,0,1.7208619019506868,1.10434,1.10458,1.103695,1.10396,-3.442153701221484,-0.0015496829896630706,0.0003974157211381654,43.93961658009322,1.0,-2.3584442858883614,1.1025200000000002,1.10529,1.099005,1.10235,-1.5421599310564111,0.004118032663170901,-0.002992268979654629,59.60690234823759,2.0,-76.4188022552936,0.0,0.0
28,1285,2016-02-23 02:20:00,1.10397,1.103975,1.103695,1.10397,0.0,0.0003167361572642413,-2.932486844070601e-05,55.737740451632995,0,0.905696196878332,1.10434,1.10458,1.103695,1.10396,-3.442153701221484,-0.0015496829896630706,0.0003974157211381654,43.93961658009322,1.0,-2.3584442858883614,1.1025200000000002,1.10529,1.099005,1.10235,-1.5421599310564111,0.004118032663170901,-0.002992268979654629,59.60690234823759,2.0,-76.4188022552936,0.0,0.0
29,1286,2016-02-23 02:25:00,1.10395,1.1041850000000002,1.1037050000000002,1.10406,0.9963226636238474,0.000295759666127493,-4.024108766196346e-05,57.32568449981573,0,2.2637422455046896,1.10434,1.10458,1.103695,1.10396,-3.442153701221484,-0.0015496829896630706,0.0003974157211381654,43.93961658009322,1.0,-2.3584442858883614,1.1025200000000002,1.10529,1.099005,1.10235,-1.5421599310564111,0.004118032663170901,-0.002992268979654629,59.60690234823759,2.0,-76.4188022552936,0.0,0.0
30,1287,2016-02-23 02:30:00,1.10407,1.10419,1.104035,1.10415,0.7245392383268393,0.0002831340999531751,-4.229332306902514e-05,58.91309668185239,0,1.8108510961333144,1.10434,1.10458,1.103695,1.10396,-3.442153701221484,-0.0015496829896630706,0.0003974157211381654,43.93961658009322,1.0,-2.3584442858883614,1.1025200000000002,1.10529,1.099005,1.10235,-1.5421599310564111,0.004118032663170901,-0.002992268979654629,59.60690234823759,2.0,-76.4188022552936,0.0,0.0
31,1288,2016-02-23 02:35:00,1.10416,1.1042299999999998,1.1040299999999998,1.10407,-0.8151657050723548,0.00026363390879158294,-4.9434811384493876e-05,56.88741362712186,0,-1.6315766620292909,1.10434,1.10458,1.103695,1.10396,-3.442153701221484,-0.0015496829896630706,0.0003974157211381654,43.93961658009322,1.0,-2.3584442858883614,1.1025200000000002,1.10529,1.099005,1.10235,-1.5421599310564111,0.004118032663170901,-0.002992268979654629,59.60690234823759,2.0,-76.4188022552936,0.0,0.0
32,1289,2016-02-23 02:40:00,1.10407,1.10434,1.103965,1.10433,2.354368712250205,0.00026609234695507133,-3.75810985768044e-05,61.5184695380481,2,-3.5330304135915602,1.10434,1.10458,1.103695,1.10396,-3.442153701221484,-0.0015496829896630706,0.0003974157211381654,43.93961658009322,1.0,-2.3584442858883614,1.1025200000000002,1.10529,1.099005,1.10235,-1.5421599310564111,0.004118032663170901,-0.002992268979654629,59.60690234823759,2.0,-76.4188022552936,0.0,0.0
33,1290,2016-02-23 02:45:00,1.10434,1.1045,1.1042399999999999,1.10437,0.2716480889554632,0.0002681769654939714,-2.8397184030323467e-05,62.19135080087388,2,-2.355560653038473,1.10434,1.10458,1.103695,1.10396,-3.442153701221484,-0.0015496829896630706,0.0003974157211381654,43.93961658009322,1.0,-2.3584442858883614,1.1025200000000002,1.10529,1.099005,1.10235,-1.5421599310564111,0.004118032663170901,-0.002992268979654629,59.60690234823759,2.0,-76.4188022552936,0.0,0.0
34,1291,2016-02-23 02:50:00,1.10438,1.10439,1.103815,1.10391,-4.25759346323496,0.00023005890918703637,-5.321219226980681e-05,51.12086212716225,0,1.9926002149880961,1.10434,1.10458,1.103695,1.10396,-3.442153701221484,-0.0015496829896630706,0.0003974157211381654,43.93961658009322,1.0,-2.3584442858883614,1.1025200000000002,1.10529,1.099005,1.10235,-1.5421599310564111,0.004118032663170901,-0.002992268979654629,59.60690234823759,2.0,-76.4188022552936,0.0,0.0
35,1292,2016-02-23 02:55:00,1.10391,1.104085,1.103895,1.10396,0.4529149606879372,0.00020156118519532032,-6.536793300921837e-05,52.118564084227636,0,2.535809425704444,1.10434,1.10458,1.103695,1.10396,-3.442153701221484,-0.0015496829896630706,0.0003974157211381654,43.93961658009322,1.0,-2.3584442858883614,1.1025200000000002,1.10529,1.099005,1.10235,-1.5421599310564111,0.004118032663170901,-0.002992268979654629,59.60690234823759,2.0,-76.4188022552936,0.0,0.0
36,1293,2016-02-23 03:00:00,1.10396,1.104125,1.10386,1.10412,1.4491178495085495,0.00018970044776334127,-6.178293635295792e-05,55.265274145808746,0,0.8150164272275856,1.10396,1.10489,1.10386,1.10448,4.708097928435589,-0.0013525300062913193,0.0004756549636079333,46.902162641460116,2.0,-8.878957257368608,1.1025200000000002,1.10529,1.099005,1.10235,-1.5421599310564111,0.004118032663170901,-0.002992268979654629,59.60690234823759,2.0,-76.4188022552936,0.0,0.0
37,1294,2016-02-23 03:05:00,1.10414,1.10419,1.103985,1.10415,0.09056740479160903,0.00018063918113986333,-5.6675362381148704e-05,55.851135773210146,0,1.3583117820934598,1.10396,1.10489,1.10386,1.10448,4.708097928435589,-0.0013525300062913193,0.0004756549636079333,46.902162641460116,2.0,-8.878957257368608,1.1025200000000002,1.10529,1.099005,1.10235,-1.5421599310564111,0.004118032663170901,-0.002992268979654629,59.60690234823759,2.0,-76.4188022552936,0.0,0.0
38,1295,2016-02-23 03:10:00,1.10417,1.104285,1.10414,1.10428,0.9961241714042856,0.00018185170237638992,-4.437027291569771e-05,58.39394397693443,0,1.3581584559047335,1.10396,1.10489,1.10386,1.10448,4.708097928435589,-0.0013525300062913193,0.0004756549636079333,46.902162641460116,2.0,-8.878957257368608,1.1025200000000002,1.10529,1.099005,1.10235,-1.5421599310564111,0.004118032663170901,-0.002992268979654629,59.60690234823759,2.0,-76.4188022552936,0.0,0.0
39,1296,2016-02-23 03:15:00,1.10429,1.1043950000000002,1.104095,1.10426,-0.27167514896830897,0.00017913385773393742,-3.767049404652017e-05,57.84198275568977,0,2.8067408736330663,1.10396,1.10489,1.10386,1.10448,4.708097928435589,-0.0013525300062913193,0.0004756549636079333,46.902162641460116,2.0,-8.878957257368608,1.1025200000000002,1.10529,1.099005,1.10235,-1.5421599310564111,0.004118032663170901,-0.002992268979654629,59.60690234823759,2.0,-76.4188022552936,0.0,0.0
40,1297,2016-02-23 03:20:00,1.10427,1.10439,1.104125,1.10434,0.6338627596574831,0.00018134484717124977,-2.8367603687366272e-05,59.49140779494513,0,0.8147360523150782,1.10396,1.10489,1.10386,1.10448,4.708097928435589,-0.0013525300062913193,0.0004756549636079333,46.902162641460116,2.0,-8.878957257368608,1.1025200000000002,1.10529,1.099005,1.10235,-1.5421599310564111,0.004118032663170901,-0.002992268979654629,59.60690234823759,2.0,-76.4188022552936,0.0,0.0
41,1298,2016-02-23 03:25:00,1.10434,1.1046049999999998,1.10431,1.10445,0.9959708452155596,0.0001897854246826203,-1.5941620940796613e-05,61.7097473322157,0,-0.09069362835942993,1.10396,1.10489,1.10386,1.10448,4.708097928435589,-0.0013525300062913193,0.0004756549636079333,46.902162641460116,2.0,-8.878957257368608,1.1025200000000002,1.10529,1.099005,1.10235,-1.5421599310564111,0.004118032663170901,-0.002992268979654629,59.60690234823759,2.0,-76.4188022552936,0.0,0.0
42,1299,2016-02-23 03:30:00,1.10446,1.10489,1.1044450000000001,1.10459,1.1769072687600242,0.00020540370706689792,-2.5867084521517656e-07,64.38310438352613,0,-1.810882316894436,1.10396,1.10489,1.10386,1.10448,4.708097928435589,-0.0013525300062913193,0.0004756549636079333,46.902162641460116,2.0,-8.878957257368608,1.1025200000000002,1.10529,1.099005,1.10235,-1.5421599310564111,0.004118032663170901,-0.002992268979654629,59.60690234823759,2.0,-76.4188022552936,0.0,0.0
43,1300,2016-02-23 03:35:00,1.1046,1.104775,1.104425,1.10445,-1.3581420616605049,0.0002041313789400423,-1.2247991776566697e-06,59.88074061432297,0,0.0905018134314054,1.10396,1.10489,1.10386,1.10448,4.708097928435589,-0.0013525300062913193,0.0004756549636079333,46.902162641460116,2.0,-8.878957257368608,1.1025200000000002,1.10529,1.099005,1.10235,-1.5421599310564111,0.004118032663170901,-0.002992268979654629,59.60690234823759,2.0,-76.4188022552936,0.0,0.0
44,1301,2016-02-23 03:40:00,1.10446,1.10458,1.10433,1.10447,0.09054116454105146,0.00020240369873869568,-2.3619835032026386e-06,60.30777296562749,0,-3.9351109646035276e-05,1.10396,1.10489,1.10386,1.10448,4.708097928435589,-0.0013525300062913193,0.0004756549636079333,46.902162641460116,2.0,-8.878957257368608,1.1025200000000002,1.10529,1.099005,1.10235,-1.5421599310564111,0.004118032663170901,-0.002992268979654629,59.60690234823759,2.0,-76.4188022552936,0.0,0.0
45,1302,2016-02-23 03:45:00,1.10446,1.104545,1.104345,1.1044,-0.5432814197749817,0.0001931594626978228,-9.284975635260436e-06,57.98155473626936,0,0.9053903321647744,1.10396,1.10489,1.10386,1.10448,4.708097928435589,-0.0013525300062913193,0.0004756549636079333,46.902162641460116,2.0,-8.878957257368608,1.1025200000000002,1.10529,1.099005,1.10235,-1.5421599310564111,0.004118032663170901,-0.002992268979654629,59.60690234823759,2.0,-76.4188022552936,0.0,0.0
46,1303,2016-02-23 03:50:00,1.1044200000000002,1.10451,1.10439,1.10448,0.5432420686653356,0.00019009734656672,-9.877673413090655e-06,59.88592158642268,0,-0.9055198609858336,1.10396,1.10489,1.10386,1.10448,4.708097928435589,-0.0013525300062913193,0.0004756549636079333,46.902162641460116,2.0,-8.878957257368608,1.1025200000000002,1.10529,1.099005,1.10235,-1.5421599310564111,0.004118032663170901,-0.002992268979654629,59.60690234823759,2.0,-76.4188022552936,0.0,0.0
47,1304,2016-02-23 03:55:00,1.10448,1.1046200000000002,1.1043850000000002,1.10448,0.0,0.00018553190120407242,-1.155449502059059e-05,59.88592158642268,2,-4.075666140593392,1.10396,1.10489,1.10386,1.10448,4.708097928435589,-0.0013525300062913193,0.0004756549636079333,46.902162641460116,2.0,-8.878957257368608,1.1025200000000002,1.10529,1.099005,1.10235,-1.5421599310564111,0.004118032663170901,-0.002992268979654629,59.60690234823759,2.0,-76.4188022552936,0.0,0.0
48,1305,2016-02-23 04:00:00,1.10448,1.104765,1.104425,1.1045200000000002,0.3621482634994387,0.00018303154485210804,-1.1243881098043947e-05,60.913181468165924,2,-4.437814404092831,1.10448,1.104765,1.10373,1.10436,-1.0866021949355098,-0.001192224620387039,0.000508768279609771,46.2941705353832,2.0,-5.980284862833768,1.1025200000000002,1.10529,1.099005,1.10235,-1.5421599310564111,0.004118032663170901,-0.002992268979654629,59.60690234823759,2.0,-76.4188022552936,0.0,0.0
49,1306,2016-02-23 04:05:00,1.10453,1.10453,1.10373,1.10439,-1.2676681244852723,0.00016861637625908976,-2.052723975284979e-05,55.902648364416784,2,-0.0010046642501473355,1.10448,1.104765,1.10373,1.10436,-1.0866021949355098,-0.001192224620387039,0.000508768279609771,46.2941705353832,2.0,-5.980284862833768,1.1025200000000002,1.10529,1.099005,1.10235,-1.5421599310564111,0.004118032663170901,-0.002992268979654629,59.60690234823759,2.0,-76.4188022552936,0.0,0.0
50,1307,2016-02-23 04:10:00,1.1044,1.104525,1.10385,1.10405,-3.1701462796075583,0.00012827837948381493,-4.86921892224997e-05,45.38722954659018,1,1.720181244424118,1.10448,1.104765,1.10373,1.10436,-1.0866021949355098,-0.001192224620387039,0.000508768279609771,46.2941705353832,2.0,-5.980284862833768,1.1025200000000002,1.10529,1.099005,1.10235,-1.5421599310564111,0.004118032663170901,-0.002992268979654629,59.60690234823759,2.0,-76.4188022552936,0.0,0.0
51,1308,2016-02-23 04:15:00,1.10405,1.104095,1.103815,1.10405,0.0,9.5212673981937e-05,-6.54063157795021e-05,45.38722954659018,1,2.8973229632317965,1.10448,1.104765,1.10373,1.10436,-1.0866021949355098,-0.001192224620387039,0.000508768279609771,46.2941705353832,2.0,-5.980284862833768,1.1025200000000002,1.10529,1.099005,1.10235,-1.5421599310564111,0.004118032663170901,-0.002992268979654629,59.60690234823759,2.0,-76.4188022552936,0.0,0.0
52,1309,2016-02-23 04:20:00,1.10405,1.1044450000000001,1.10397,1.1044,3.169141615357411,9.614167766014424e-05,-5.158184968103589e-05,55.40250976728122,0,-1.4490882921524526,1.10448,1.104765,1.10373,1.10436,-1.0866021949355098,-0.001192224620387039,0.000508768279609771,46.2941705353832,2.0,-5.980284862833768,1.1025200000000002,1.10529,1.099005,1.10235,-1.5421599310564111,0.004118032663170901,-0.002992268979654629,59.60690234823759,2.0,-76.4188022552936,0.0,0.0
53,1310,2016-02-23 04:25:00,1.1044,1.10443,1.104115,1.10424,-1.448960370933293,8.301036512681215e-05,-5.177052977149439e-05,50.81480190276885,0,-1.2681290080774963,1.10448,1.104765,1.10373,1.10436,-1.0866021949355098,-0.001192224620387039,0.000508768279609771,46.2941705353832,2.0,-5.980284862833768,1.1025200000000002,1.10529,1.099005,1.10235,-1.5421599310564111,0.004118032663170901,-0.002992268979654629,59.60690234823759,2.0,-76.4188022552936,0.0,0.0
54,1311,2016-02-23 04:30:00,1.10424,1.10443,1.10419,1.10437,1.1771417188076774,8.214668305539519e-05,-4.210736947432909e-05,54.13779401065185,0,-2.2641326362606007,1.10448,1.104765,1.10373,1.10436,-1.0866021949355098,-0.001192224620387039,0.000508768279609771,46.2941705353832,2.0,-5.980284862833768,1.1025200000000002,1.10529,1.099005,1.10235,-1.5421599310564111,0.004118032663170901,-0.002992268979654629,59.60690234823759,2.0,-76.4188022552936,0.0,0.0
55,1312,2016-02-23 04:35:00,1.10438,1.10443,1.104235,1.10425,-1.1772696400268368,7.096121495853147e-05,-4.263427005695424e-05,50.73066912465682,0,-0.5434733315056486,1.10448,1.104765,1.10373,1.10436,-1.0866021949355098,-0.001192224620387039,0.000508768279609771,46.2941705353832,2.0,-5.980284862833768,1.1025200000000002,1.10529,1.099005,1.10235,-1.5421599310564111,0.004118032663170901,-0.002992268979654629,59.60690234823759,2.0,-76.4188022552936,0.0,0.0
56,1313,2016-02-23 04:40:00,1.10424,1.10425,1.104085,1.1041,-1.268001086858337,4.942318479783658e-05,-5.133784017411931e-05,46.768477918654135,0,2.4449812306679157,1.10448,1.104765,1.10373,1.10436,-1.0866021949355098,-0.001192224620387039,0.000508768279609771,46.2941705353832,2.0,-5.980284862833768,1.1025200000000002,1.10529,1.099005,1.10235,-1.5421599310564111,0.004118032663170901,-0.002992268979654629,59.60690234823759,2.0,-76.4188022552936,0.0,0.0
57,1314,2016-02-23 04:45:00,1.10411,1.1041450000000002,1.1039599999999998,1.1041299999999998,0.1811380906245734,3.437859495925011e-05,-5.3105944010164615e-05,47.649128117022215,0,0.8148171571967491,1.10448,1.104765,1.10373,1.10436,-1.0866021949355098,-0.001192224620387039,0.000508768279609771,46.2941705353832,2.0,-5.980284862833768,1.1025200000000002,1.10529,1.099005,1.10235,-1.5421599310564111,0.004118032663170901,-0.002992268979654629,59.60690234823759,2.0,-76.4188022552936,0.0,0.0
58,1315,2016-02-23 04:50:00,1.10412,1.10429,1.10409,1.10418,0.5433896647281149,2.618834827683436e-05,-4.9036952554064295e-05,49.15880409125165,0,1.358098566189287,1.10448,1.104765,1.10373,1.10436,-1.0866021949355098,-0.001192224620387039,0.000508768279609771,46.2941705353832,2.0,-5.980284862833768,1.1025200000000002,1.10529,1.099005,1.10235,-1.5421599310564111,0.004118032663170901,-0.002992268979654629,59.60690234823759,2.0,-76.4188022552936,0.0,0.0
59,1316,2016-02-23 04:55:00,1.10417,1.1043950000000002,1.10417,1.10436,1.7204534753152274,3.3832019984192385e-05,-3.311462467736502e-05,54.27133060317399,0,0.9957871525325546,1.10448,1.104765,1.10373,1.10436,-1.0866021949355098,-0.001192224620387039,0.000508768279609771,46.2941705353832,2.0,-5.980284862833768,1.1025200000000002,1.10529,1.099005,1.10235,-1.5421599310564111,0.004118032663170901,-0.002992268979654629,59.60690234823759,2.0,-76.4188022552936,-0.27801780178020025,0.23733373337336017
60,1317,2016-02-23 05:00:00,1.10435,1.10439,1.104155,1.10419,-1.4490259828465932,2.587384801722159e-05,-3.285823731546866e-05,49.235624601752605,0,2.173172425491657,1.10435,1.10448,1.10351,1.10369,-5.979940019388441,-0.0011064899206572054,0.0004756023834716838,42.94672611503256,2.0,-5.167366554001092,1.1025200000000002,1.10529,1.099005,1.10235,-1.5421599310564111,0.004118032663170901,-0.002992268979654629,59.60690234823759,2.0,-76.4188022552936,-0.24243424342437714,0.2019801980198337
61,1318,2016-02-23 05:05:00,1.10417,1.10438,1.104125,1.10429,1.0866710737206529,2.7321162310744995e-05,-2.51287384175562e-05,52.05387252098397,0,1.1770482550675043,1.10435,1.10448,1.10351,1.10369,-5.979940019388441,-0.0011064899206572054,0.0004756023834716838,42.94672611503256,2.0,-5.167366554001092,1.1025200000000002,1.10529,1.099005,1.10235,-1.5421599310564111,0.004118032663170901,-0.002992268979654629,59.60690234823759,2.0,-76.4188022552936,-0.22954295429546445,0.17846784678470837
62,1319,2016-02-23 05:10:00,1.1043,1.10446,1.104275,1.10445,1.3581420616584952,4.090727849725973e-05,-9.234097784833175e-06,56.23990919199718,0,-0.4527443553248678,1.10435,1.10448,1.10351,1.10369,-5.979940019388441,-0.0011064899206572054,0.0004756023834716838,42.94672611503256,2.0,-5.167366554001092,1.1025200000000002,1.10529,1.099005,1.10235,-1.5421599310564111,0.004118032663170901,-0.002992268979654629,59.60690234823759,2.0,-76.4188022552936,-0.43332333233321113,0.3976197619761634
63,1320,2016-02-23 05:15:00,1.10443,1.10448,1.104365,1.1044,-0.27164070988749084,4.7096887720199376e-05,-2.4355908495148217e-06,54.63462415476994,2,-4.438812816723843,1.10435,1.10448,1.10351,1.10369,-5.979940019388441,-0.0011064899206572054,0.0004756023834716838,42.94672611503256,2.0,-5.167366554001092,1.1025200000000002,1.10529,1.099005,1.10235,-1.5421599310564111,0.004118032663170901,-0.002992268979654629,59.60690234823759,2.0,-76.4188022552936,-0.7471947194719148,0.7103810381037581
64,1321,2016-02-23 05:20:00,1.10439,1.10446,1.104375,1.1044,0.09054690329650046,5.1409579986616556e-05,1.501681133521877e-06,54.63462415476994,2,-3.5329648577940844,1.10435,1.10448,1.10351,1.10369,-5.979940019388441,-0.0011064899206572054,0.0004756023834716838,42.94672611503256,2.0,-5.167366554001092,1.1025200000000002,1.10529,1.099005,1.10235,-1.5421599310564111,0.004118032663170901,-0.002992268979654629,59.60690234823759,2.0,-76.4188022552936,-1.0618361836184045,1.0485148514851803
65,1322,2016-02-23 05:25:00,1.10439,1.1043950000000002,1.104325,1.10436,-0.27165054873387745,5.1011722588700785e-05,8.830589884848915e-07,53.225065649592636,2,-4.80143443843033,1.10435,1.10448,1.10351,1.10369,-5.979940019388441,-0.0011064899206572054,0.0004756023834716838,42.94672611503256,2.0,-5.167366554001092,1.1025200000000002,1.10529,1.099005,1.10235,-1.5421599310564111,0.004118032663170901,-0.002992268979654629,59.60690234823759,2.0,-76.4188022552936,-1.4520652065207302,1.4350135013502356
66,1323,2016-02-23 05:30:00,1.10435,1.1043599999999998,1.10379,1.10388,-4.257709171286466,1.1828082489451221e-05,-3.064046488861175e-05,39.916447629162725,0,-2.3559760826565315,1.10435,1.10448,1.10351,1.10369,-5.979940019388441,-0.0011064899206572054,0.0004756023834716838,42.94672611503256,2.0,-5.167366554001092,1.1025200000000002,1.10529,1.099005,1.10235,-1.5421599310564111,0.004118032663170901,-0.002992268979654629,59.60690234823759,2.0,-76.4188022552936,-1.53242324232431,1.5243324332434165
67,1324,2016-02-23 05:35:00,1.10387,1.10398,1.103745,1.10398,0.9963948622262586,-1.1028935622325877e-05,-4.279798640031108e-05,43.10806559520535,2,-2.174535986741564,1.10435,1.10448,1.10351,1.10369,-5.979940019388441,-0.0011064899206572054,0.0004756023834716838,42.94672611503256,2.0,-5.167366554001092,1.1025200000000002,1.10529,1.099005,1.10235,-1.5421599310564111,0.004118032663170901,-0.002992268979654629,59.60690234823759,2.0,-76.4188022552936,-1.4236423642364524,1.4216421642164878
68,1325,2016-02-23 05:40:00,1.10398,1.104015,1.10376,1.10381,-1.5401201293701223,-4.2372423480596666e-05,-5.93131794068655e-05,39.28737462447422,0,-0.9062313127980052,1.10435,1.10448,1.10351,1.10369,-5.979940019388441,-0.0011064899206572054,0.0004756023834716838,42.94672611503256,2.0,-5.167366554001092,1.1025200000000002,1.10529,1.099005,1.10235,-1.5421599310564111,0.004118032663170901,-0.002992268979654629,59.60690234823759,2.0,-76.4188022552936,-1.3880688068806837,1.3823082308230974
69,1326,2016-02-23 05:45:00,1.1038,1.10385,1.1035149999999998,1.1036,-1.8122508155126675,-8.31985473186414e-05,-8.011144259592819e-05,35.14369768777662,0,0.7248075572240402,1.10435,1.10448,1.10351,1.10369,-5.979940019388441,-0.0011064899206572054,0.0004756023834716838,42.94672611503256,2.0,-5.167366554001092,1.1025200000000002,1.10529,1.099005,1.10235,-1.5421599310564111,0.004118032663170901,-0.002992268979654629,59.60690234823759,2.0,-76.4188022552936,-1.1322932293228587,1.1259725972596497
70,1327,2016-02-23 05:50:00,1.10359,1.103735,1.10351,1.10372,1.1778349581412266,-0.00010466404551290331,-8.126155263215207e-05,39.09664248993022,0,-2.9906154235022453,1.10435,1.10448,1.10351,1.10369,-5.979940019388441,-0.0011064899206572054,0.0004756023834716838,42.94672611503256,2.0,-5.167366554001092,1.1025200000000002,1.10529,1.099005,1.10235,-1.5421599310564111,0.004118032663170901,-0.002992268979654629,59.60690234823759,2.0,-76.4188022552936,-0.9338733873386261,0.8781678167815662
71,1328,2016-02-23 05:55:00,1.10372,1.1038649999999999,1.1036549999999998,1.10369,-0.27181545542656443,-0.00012268215326605159,-7.942372830824028e-05,38.46544677938042,2,-4.803700753992199,1.10435,1.10448,1.10351,1.10369,-5.979940019388441,-0.0011064899206572054,0.0004756023834716838,42.94672611503256,2.0,-5.167366554001092,1.1025200000000002,1.10529,1.099005,1.10235,-1.5421599310564111,0.004118032663170901,-0.002992268979654629,59.60690234823759,2.0,-76.4188022552936,-0.8554355435543367,0.8026402640263742
72,1329,2016-02-23 06:00:00,1.1037,1.10387,1.103675,1.10368,-0.18121194549062208,-0.0001361985379357833,-7.435209038237758e-05,38.24380628296563,2,-1.5413832353252548,1.1037,1.10411,1.10316,1.1035,-1.8124150430446573,-0.0010418659830264687,0.00043218105688193646,42.018840141647075,2.0,-29.620754162985072,1.1025200000000002,1.10529,1.099005,1.10235,-1.5421599310564111,0.004118032663170901,-0.002992268979654629,59.60690234823759,2.0,-76.4188022552936,-0.810901090109037,0.7520152015201723
73,1330,2016-02-23 06:05:00,1.10369,1.103695,1.103275,1.10341,-2.5375880225850587,-0.00016677463945247162,-8.394255351925272e-05,32.75579576393949,0,2.0835355714076083,1.1037,1.10411,1.10316,1.1035,-1.8124150430446573,-0.0010418659830264687,0.00043218105688193646,42.018840141647075,2.0,-29.620754162985072,1.1025200000000002,1.10529,1.099005,1.10235,-1.5421599310564111,0.004118032663170901,-0.002992268979654629,59.60690234823759,2.0,-76.4188022552936,-0.5924492449245208,0.5367236723672675
74,1331,2016-02-23 06:10:00,1.1034,1.103425,1.10317,1.10317,-2.0849007859165174,-0.00020797500799751842,-0.00010011433765143964,28.79964270019564,1,7.067170878535597,1.1037,1.10411,1.10316,1.1035,-1.8124150430446573,-0.0010418659830264687,0.00043218105688193646,42.018840141647075,2.0,-29.620754162985072,1.1025200000000002,1.10529,1.099005,1.10235,-1.5421599310564111,0.004118032663170901,-0.002992268979654629,59.60690234823759,2.0,-76.4188022552936,0.00463046304628027,-0.07498749874985348
75,1332,2016-02-23 06:15:00,1.10316,1.10353,1.10316,1.1035,3.0811055731763206,-0.0002115596271368148,-8.295916543258876e-05,39.60150064286694,1,4.257814281771234,1.1037,1.10411,1.10316,1.1035,-1.8124150430446573,-0.0010418659830264687,0.00043218105688193646,42.018840141647075,2.0,-29.620754162985072,1.1025200000000002,1.10529,1.099005,1.10235,-1.5421599310564111,0.004118032663170901,-0.002992268979654629,59.60690234823759,2.0,-76.4188022552936,0.5039903990399488,-0.6063906390639487
76,1333,2016-02-23 06:20:00,1.1035,1.1036299999999999,1.1034450000000002,1.10362,1.0873307841478046,-0.00020238450393095242,-5.902723378138112e-05,42.988615072889225,1,3.1704834976234286,1.1037,1.10411,1.10316,1.1035,-1.8124150430446573,-0.0010418659830264687,0.00043218105688193646,42.018840141647075,2.0,-29.620754162985072,1.1025200000000002,1.10529,1.099005,1.10235,-1.5421599310564111,0.004118032663170901,-0.002992268979654629,59.60690234823759,2.0,-76.4188022552936,0.7197319731973795,-0.8064906490649658
77,1334,2016-02-23 06:25:00,1.10361,1.1039450000000002,1.103585,1.10393,2.8987345212114715,-0.0001681602962462225,-1.984242087732098e-05,50.682871156878306,0,0.18116680479438202,1.1037,1.10411,1.10316,1.1035,-1.8124150430446573,-0.0010418659830264687,0.00043218105688193646,42.018840141647075,2.0,-29.620754162985072,1.1025200000000002,1.10529,1.099005,1.10235,-1.5421599310564111,0.004118032663170901,-0.002992268979654629,59.60690234823759,2.0,-76.4188022552936,0.6094209420941713,-0.709810981098063
78,1335,2016-02-23 06:30:00,1.10393,1.103965,1.103765,1.10396,0.2717489764119578,-0.0001370369392710291,9.024748878297943e-06,51.36691060605622,0,-2.1744251404591624,1.1037,1.10411,1.10316,1.1035,-1.8124150430446573,-0.0010418659830264687,0.00043218105688193646,42.018840141647075,2.0,-29.620754162985072,1.1025200000000002,1.10529,1.099005,1.10235,-1.5421599310564111,0.004118032663170901,-0.002992268979654629,59.60690234823759,2.0,-76.4188022552936,0.28581858185803527,-0.4167716771675608
79,1336,2016-02-23 06:35:00,1.10397,1.104,1.103875,1.10397,0.0,-0.00011029314746124895,2.8614832550462487e-05,51.60785767149507,2,-4.1680636213076285,1.1037,1.10411,1.10316,1.1035,-1.8124150430446573,-0.0010418659830264687,0.00043218105688193646,42.018840141647075,2.0,-29.620754162985072,1.1025200000000002,1.10529,1.099005,1.10235,-1.5421599310564111,0.004118032663170901,-0.002992268979654629,59.60690234823759,2.0,-76.4188022552936,-0.03357335733586208,-0.08166816681655124
80,1337,2016-02-23 06:40:00,1.10398,1.10411,1.1038450000000002,1.10397,-0.09058217161757576,-8.80831322545017e-05,4.065987820576781e-05,51.60785767149507,2,-4.168102201842888,1.1037,1.10411,1.10316,1.1035,-1.8124150430446573,-0.0010418659830264687,0.00043218105688193646,42.018840141647075,2.0,-29.620754162985072,1.1025200000000002,1.10529,1.099005,1.10235,-1.5421599310564111,0.004118032663170901,-0.002992268979654629,59.60690234823759,2.0,-76.4188022552936,-0.3482748274827319,0.24314431443142745
81,1338,2016-02-23 06:45:00,1.10396,1.10398,1.103715,1.10373,-2.0838429688415867,-8.882362595596939e-05,3.193550760344013e-05,45.35351917432571,0,1.8108799955793318,1.1037,1.10411,1.10316,1.1035,-1.8124150430446573,-0.0010418659830264687,0.00043218105688193646,42.018840141647075,2.0,-29.620754162985072,1.1025200000000002,1.10529,1.099005,1.10235,-1.5421599310564111,0.004118032663170901,-0.002992268979654629,59.60690234823759,2.0,-76.4188022552936,-0.4965396539654116,0.39442944294430826
82,1339,2016-02-23 06:50:00,1.10373,1.1038350000000001,1.10338,1.10351,-1.9936384808484653,-0.00010594140733477528,1.185418097970736e-05,40.50738054267081,1,2.4455520157191915,1.1037,1.10411,1.10316,1.1035,-1.8124150430446573,-0.0010418659830264687,0.00043218105688193646,42.018840141647075,2.0,-29.620754162985072,1.1025200000000002,1.10529,1.099005,1.10235,-1.5421599310564111,0.004118032663170901,-0.002992268979654629,59.60690234823759,2.0,-76.4188022552936,-0.2988498849886139,0.19330933093320737
83,1340,2016-02-23 06:55:00,1.10351,1.103745,1.103375,1.1035,-0.09062075215283656,-0.0001189431858243939,-9.180780079289671e-07,40.29660737205779,1,1.2676546688367452,1.1037,1.10411,1.10316,1.1035,-1.8124150430446573,-0.0010418659830264687,0.00043218105688193646,42.018840141647075,2.0,-29.620754162985072,1.1025200000000002,1.10529,1.099005,1.10235,-1.5421599310564111,0.004118032663170901,-0.002992268979654629,59.60690234823759,2.0,-76.4188022552936,0.054115411541069844,-0.1713871387137852
84,1341,2016-02-23 07:00:00,1.10351,1.10426,1.103125,1.10394,3.8951392285806334,-9.267457141226564e-05,2.028042912335942e-05,52.1053909022995,0,-1.1779597321020119,1.10351,1.10434,1.10207,1.10371,1.812070199599333,-0.0009626094394921123,0.0004091500803330341,43.47253884947285,2.0,-23.44117926427816,1.1025200000000002,1.10529,1.099005,1.10235,-1.5421599310564111,0.004118032663170901,-0.002992268979654629,59.60690234823759,2.0,-76.4188022552936,0.08025802580257706,-0.16024602460245732
85,1342,2016-02-23 07:05:00,1.10393,1.1040549999999998,1.103675,1.10378,-1.3589664607086058,-8.380116044670595e-05,2.332307207113532e-05,48.359621532871074,0,2.6264816941887297,1.10351,1.10434,1.10207,1.10371,1.812070199599333,-0.0009626094394921123,0.0004091500803330341,43.47253884947285,2.0,-23.44117926427816,1.1025200000000002,1.10529,1.099005,1.10235,-1.5421599310564111,0.004118032663170901,-0.002992268979654629,59.60690234823759,2.0,-76.4188022552936,-0.09575957595756386,0.07009700970093703
86,1343,2016-02-23 07:10:00,1.10379,1.10385,1.1035700000000002,1.10365,-1.2685180990352831,-8.626442922921029e-05,1.6687842630904787e-05,45.49771147541888,1,2.44561940334125,1.10351,1.10434,1.10207,1.10371,1.812070199599333,-0.0009626094394921123,0.0004091500803330341,43.47253884947285,2.0,-23.44117926427816,1.1025200000000002,1.10529,1.099005,1.10235,-1.5421599310564111,0.004118032663170901,-0.002992268979654629,59.60690234823759,2.0,-76.4188022552936,-0.08279827982799913,0.02354235423543911
87,1344,2016-02-23 07:15:00,1.10365,1.10434,1.10348,1.10381,1.4495248276418766,-7.444773748632727e-05,2.280362749903025e-05,49.46189163442135,0,0.5431467915189774,1.10351,1.10434,1.10207,1.10371,1.812070199599333,-0.0009626094394921123,0.0004091500803330341,43.47253884947285,2.0,-23.44117926427816,1.1025200000000002,1.10529,1.099005,1.10235,-1.5421599310564111,0.004118032663170901,-0.002992268979654629,59.60690234823759,2.0,-76.4188022552936,-0.0762276227623196,0.04542454245428026
88,1345,2016-02-23 07:20:00,1.10381,1.104285,1.10353,1.10408,2.4454749655821355,-4.280277686175005e-05,4.355887049888599e-05,55.362142189042,2,-9.791193847965834,1.10351,1.10434,1.10207,1.10371,1.812070199599333,-0.0009626094394921123,0.0004091500803330341,43.47253884947285,2.0,-23.44117926427816,1.1025200000000002,1.10529,1.099005,1.10235,-1.5421599310564111,0.004118032663170901,-0.002992268979654629,59.60690234823759,2.0,-76.4188022552936,-0.461076107610777,0.4026902690269126
89,1346,2016-02-23 07:25:00,1.10408,1.104105,1.1038,1.10392,-1.4493803898827629,-3.0285468373802974e-05,4.4860943189466465e-05,51.52333466475251,2,-8.432496665365326,1.10351,1.10434,1.10207,1.10371,1.812070199599333,-0.0009626094394921123,0.0004091500803330341,43.47253884947285,2.0,-23.44117926427816,1.1025200000000002,1.10529,1.099005,1.10235,-1.5421599310564111,0.004118032663170901,-0.002992268979654629,59.60690234823759,2.0,-76.4188022552936,-0.9475347534753737,0.8859685968597023
90,1347,2016-02-23 07:30:00,1.10393,1.10425,1.103715,1.10388,-0.4529477841803957,-2.332420994743956e-05,4.14577612926639e-05,50.57910149387615,2,-2.994413648061422,1.10351,1.10434,1.10207,1.10371,1.812070199599333,-0.0009626094394921123,0.0004091500803330341,43.47253884947285,2.0,-23.44117926427816,1.1025200000000002,1.10529,1.099005,1.10235,-1.5421599310564111,0.004118032663170901,-0.002992268979654629,59.60690234823759,2.0,-76.4188022552936,-1.3913591359136694,1.3067906790679649
91,1348,2016-02-23 07:35:00,1.10387,1.103885,1.10256,1.10275,-7.888865673902675,-0.0001077468797279213,-3.4371926790254275e-05,32.473645409059685,1,9.333742464152143,1.10351,1.10434,1.10207,1.10371,1.812070199599333,-0.0009626094394921123,0.0004091500803330341,43.47253884947285,2.0,-23.44117926427816,1.1025200000000002,1.10529,1.099005,1.10235,-1.5421599310564111,0.004118032663170901,-0.002992268979654629,59.60690234823759,2.0,-76.4188022552936,-0.9134413441344318,0.8456145614561473
92,1349,2016-02-23 07:40:00,1.10275,1.102835,1.10207,1.10274,-0.09068320728225572,-0.00017345983320593558,-8.006790421461485e-05,32.363238418590676,1,8.880804611555002,1.10351,1.10434,1.10207,1.10371,1.812070199599333,-0.0009626094394921123,0.0004091500803330341,43.47253884947285,2.0,-23.44117926427816,1.1025200000000002,1.10529,1.099005,1.10235,-1.5421599310564111,0.004118032663170901,-0.002992268979654629,59.60690234823759,2.0,-76.4188022552936,0.43911391139110406,-0.4269726972697056
93,1350,2016-02-23 07:45:00,1.10273,1.10351,1.1025900000000002,1.1032799999999998,4.985135233123509,-0.00017989066760382144,-6.919899089000056e-05,43.52859428038559,1,6.069661189729168,1.10351,1.10434,1.10207,1.10371,1.812070199599333,-0.0009626094394921123,0.0004091500803330341,43.47253884947285,2.0,-23.44117926427816,1.1025200000000002,1.10529,1.099005,1.10235,-1.5421599310564111,0.004118032663170901,-0.002992268979654629,59.60690234823759,2.0,-76.4188022552936,1.3139613961396224,-1.3838583858386095
94,1351,2016-02-23 07:50:00,1.10329,1.10378,1.103215,1.10378,4.4392904383108895,-0.00014299299463793602,-2.584105433929209e-05,51.51037065693418,1,3.2605840376571833,1.10351,1.10434,1.10207,1.10371,1.812070199599333,-0.0009626094394921123,0.0004091500803330341,43.47253884947285,2.0,-23.44117926427816,1.1025200000000002,1.10529,1.099005,1.10235,-1.5421599310564111,0.004118032663170901,-0.002992268979654629,59.60690234823759,2.0,-76.4188022552936,1.5047904790480429,-1.5033803380339177
95,1352,2016-02-23 07:55:00,1.10377,1.10389,1.103485,1.10371,-0.5436210598793976,-0.00011803905719021122,-7.096935132538463e-07,50.435587721200065,1,11.315585291021467,1.10351,1.10434,1.10207,1.10371,1.812070199599333,-0.0009626094394921123,0.0004091500803330341,43.47253884947285,2.0,-23.44117926427816,1.1025200000000002,1.10529,1.099005,1.10235,-1.5421599310564111,0.004118032663170901,-0.002992268979654629,59.60690234823759,2.0,-76.4188022552936,1.4700570057006923,-1.4419741974198435
96,1353,2016-02-23 08:00:00,1.10372,1.10434,1.1037050000000002,1.10396,2.173991811297673,-7.720005711342459e-05,3.210344525082624e-05,54.11770700461115,1,3.2557249971928943,1.10372,1.10529,1.1029950000000002,1.10315,-5.167021710555767,-0.0009342163134808957,0.0003500345650754009,40.552688626873156,2.0,-35.831902520653685,1.1025200000000002,1.10529,1.099005,1.10235,-1.5421599310564111,0.004118032663170901,-0.002992268979654629,59.60690234823759,2.0,-76.4188022552936,1.386618661866261,-1.37247724772482
97,1354,2016-02-23 08:05:00,1.10397,1.10448,1.10377,1.10415,1.6302132862389078,-2.9167221644588178e-05,6.410902457573013e-05,56.74759029969246,1,-6.263353962948687,1.10372,1.10529,1.1029950000000002,1.10315,-5.167021710555767,-0.0009342163134808957,0.0003500345650754009,40.552688626873156,2.0,-35.831902520653685,1.1025200000000002,1.10529,1.099005,1.10235,-1.5421599310564111,0.004118032663170901,-0.002992268979654629,59.60690234823759,2.0,-76.4188022552936,0.9897589758975952,-1.0070407040704044
98,1355,2016-02-23 08:10:00,1.10416,1.10529,1.10402,1.10499,7.5113801934848885,7.580627875558577e-05,0.00013526601998072328,66.02054502918611,2,-11.3284172224842,1.10372,1.10529,1.1029950000000002,1.10315,-5.167021710555767,-0.0009342163134808957,0.0003500345650754009,40.552688626873156,2.0,-35.831902520653685,1.1025200000000002,1.10529,1.099005,1.10235,-1.5421599310564111,0.004118032663170901,-0.002992268979654629,59.60690234823759,2.0,-76.4188022552936,-0.14833483348328338,0.08308830883082105
99,1356,2016-02-23 08:15:00,1.10499,1.105165,1.10422,1.10434,-5.885868482530898,0.00010533473315743612,0.0001318355795060589,56.01323721736289,2,-5.170740672690097,1.10372,1.10529,1.1029950000000002,1.10315,-5.167021710555767,-0.0009342163134808957,0.0003500345650754009,40.552688626873156,2.0,-35.831902520653685,1.1025200000000002,1.10529,1.099005,1.10235,-1.5421599310564111,0.004118032663170901,-0.002992268979654629,59.60690234823759,2.0,-76.4188022552936,-1.4407940794079483,1.2953795379537638
100,1357,2016-02-23 08:20:00,1.10434,1.104655,1.103225,1.1034,-7.888865673902675,5.228341129948078e-05,6.302740611848284e-05,45.31565575516268,1,10.467765599827226,1.10372,1.10529,1.1029950000000002,1.10315,-5.167021710555767,-0.0009342163134808957,0.0003500345650754009,40.552688626873156,2.0,-35.831902520653685,1.1025200000000002,1.10529,1.099005,1.10235,-1.5421599310564111,0.004118032663170901,-0.002992268979654629,59.60690234823759,2.0,-76.4188022552936,-1.5183718371837953,1.3404740474047658
101,1358,2016-02-23 08:25:00,1.10343,1.103915,1.103085,1.1037,2.4463169339493747,3.405478692308783e-05,3.583902539367192e-05,48.68406798134549,1,1.2295084349516283,1.10372,1.10529,1.1029950000000002,1.10315,-5.167021710555767,-0.0009342163134808957,0.0003500345650754009,40.552688626873156,2.0,-35.831902520653685,1.1025200000000002,1.10529,1.099005,1.10235,-1.5421599310564111,0.004118032663170901,-0.002992268979654629,59.60690234823759,2.0,-76.4188022552936,-1.1279527952794905,0.9818081808180312
102,1359,2016-02-23 08:30:00,1.10369,1.10395,1.103425,1.10372,0.2718080672632053,2.0980454013663774e-05,1.8211753987398293e-05,48.91000713251303,1,-3.753554094413848,1.10372,1.10529,1.1029950000000002,1.10315,-5.167021710555767,-0.0009342163134808957,0.0003500345650754009,40.552688626873156,2.0,-35.831902520653685,1.1025200000000002,1.10529,1.099005,1.10235,-1.5421599310564111,0.004118032663170901,-0.002992268979654629,59.60690234823759,2.0,-76.4188022552936,-1.119531953195258,1.0484548454844742
103,1360,2016-02-23 08:35:00,1.10371,1.105055,1.10368,1.105,7.749640598614647,0.00011260619940922643,8.786999950636878e-05,60.804378294992006,2,-17.03286454454326,1.10372,1.10529,1.1029950000000002,1.10315,-5.167021710555767,-0.0009342163134808957,0.0003500345650754009,40.552688626873156,2.0,-35.831902520653685,1.1025200000000002,1.10529,1.099005,1.10235,-1.5421599310564111,0.004118032663170901,-0.002992268979654629,59.60690234823759,2.0,-76.4188022552936,-2.275547554755444,2.308570857085698
104,1361,2016-02-23 08:40:00,1.105,1.105075,1.1039,1.10425,-6.791940230926225,0.00012328043070874983,7.883538464471372e-05,53.01597589911934,2,-9.96897580253536,1.10372,1.10529,1.1029950000000002,1.10315,-5.167021710555767,-0.0009342163134808957,0.0003500345650754009,40.552688626873156,2.0,-35.831902520653685,1.1025200000000002,1.10529,1.099005,1.10235,-1.5421599310564111,0.004118032663170901,-0.002992268979654629,59.60690234823759,2.0,-76.4188022552936,-4.115711571157014,4.051505150515042
105,1362,2016-02-23 08:45:00,1.10426,1.104475,1.103715,1.10374,-4.711254462102271,8.955476656224981e-05,3.608777639857096e-05,48.46949261224202,2,-6.526940951689519,1.10372,1.10529,1.1029950000000002,1.10315,-5.167021710555767,-0.0009342163134808957,0.0003500345650754009,40.552688626873156,2.0,-35.831902520653685,1.1025200000000002,1.10529,1.099005,1.10235,-1.5421599310564111,0.004118032663170901,-0.002992268979654629,59.60690234823759,2.0,-76.4188022552936,-5.258535853585173,5.16036603660358
106,1363,2016-02-23 08:50:00,1.10375,1.103765,1.1030799999999998,1.10314,-5.529669851514761,1.4247710418135995e-05,-3.137542379643429e-05,43.719333777426606,2,-8.886136774077432,1.10372,1.10529,1.1029950000000002,1.10315,-5.167021710555767,-0.0009342163134808957,0.0003500345650754009,40.552688626873156,2.0,-35.831902520653685,1.1025200000000002,1.10529,1.099005,1.10235,-1.5421599310564111,0.004118032663170901,-0.002992268979654629,59.60690234823759,2.0,-76.4188022552936,-5.830893089308738,5.758065806580561
107,1364,2016-02-23 08:55:00,1.10312,1.1034350000000002,1.1029950000000002,1.10315,0.27194851108167056,-4.411819066807432e-05,-7.179305990611568e-05,43.818159285402004,2,-13.335460259051663,1.10372,1.10529,1.1029950000000002,1.10315,-5.167021710555767,-0.0009342163134808957,0.0003500345650754009,40.552688626873156,2.0,-35.831902520653685,1.1025200000000002,1.10529,1.099005,1.10235,-1.5421599310564111,0.004118032663170901,-0.002992268979654629,59.60690234823759,2.0,-76.4188022552936,-6.4704970497048695,6.298189818981876
108,1365,2016-02-23 09:00:00,1.1031799999999998,1.103325,1.1027049999999998,1.10304,-1.2692196112564276,-9.811861812125676e-05,-0.00010063478988743852,42.925264726822775,2,-16.9726107516466,1.1031799999999998,1.103325,1.099155,1.10029,-26.265802652028647,-0.0011294727952273489,0.0001238224666631584,29.61326294056218,1.0,7.235433157738908,1.1025200000000002,1.10529,1.099005,1.10235,-1.5421599310564111,0.004118032663170901,-0.002992268979654629,59.60690234823759,2.0,-76.4188022552936,-7.477027702770232,7.261506150615037
109,1366,2016-02-23 09:05:00,1.10305,1.1031049999999998,1.101345,1.10163,-7.888865673902675,-0.00025178711691631333,-0.000203442630945996,33.50155122805931,2,-12.810272499532488,1.1031799999999998,1.103325,1.099155,1.10029,-26.265802652028647,-0.0011294727952273489,0.0001238224666631584,29.61326294056218,1.0,7.235433157738908,1.1025200000000002,1.10529,1.099005,1.10235,-1.5421599310564111,0.004118032663170901,-0.002992268979654629,59.60690234823759,2.0,-76.4188022552936,-7.793089308931,7.602920292029215
110,1367,2016-02-23 09:10:00,1.10163,1.1018,1.10117,1.10117,-4.17737497389256,-0.0004060084522468088,-0.00025782615519595776,31.102560149052692,2,-9.541897534729827,1.1031799999999998,1.103325,1.099155,1.10029,-26.265802652028647,-0.0011294727952273489,0.0001238224666631584,29.61326294056218,1.0,7.235433157738908,1.1025200000000002,1.10529,1.099005,1.10235,-1.5421599310564111,0.004118032663170901,-0.002992268979654629,59.60690234823759,2.0,-76.4188022552936,-7.216921692169368,7.012391239123966
111,1368,2016-02-23 09:15:00,1.10115,1.101275,1.10031,1.10061,-4.906370103851363,-0.0005668826214972889,-0.00025782615519595776,28.433215944910568,2,-10.183453325140448,1.1031799999999998,1.103325,1.099155,1.10029,-26.265802652028647,-0.0011294727952273489,0.0001238224666631584,29.61326294056218,1.0,7.235433157738908,1.1025200000000002,1.10529,1.099005,1.10235,-1.5421599310564111,0.004118032663170901,-0.002992268979654629,59.60690234823759,2.0,-76.4188022552936,-6.359515951595274,6.174367436743833
112,1369,2016-02-23 09:20:00,1.10063,1.1009,1.1000100000000002,1.10022,-3.726527421788565,-0.0007175745475880291,-0.00025782615519595776,26.713709149920454,2,-4.547331555750758,1.1031799999999998,1.103325,1.099155,1.10029,-26.265802652028647,-0.0011294727952273489,0.0001238224666631584,29.61326294056218,1.0,7.235433157738908,1.1025200000000002,1.10529,1.099005,1.10235,-1.5421599310564111,0.004118032663170901,-0.002992268979654629,59.60690234823759,2.0,-76.4188022552936,-5.2064506450646055,5.06673667366758
113,1370,2016-02-23 09:25:00,1.10021,1.100595,1.09992,1.10011,-0.9090000090899,-0.0008362354634987579,-0.00025782615519595776,26.23185056155701,2,0.3610503670433505,1.1031799999999998,1.103325,1.099155,1.10029,-26.265802652028647,-0.0011294727952273489,0.0001238224666631584,29.61326294056218,1.0,7.235433157738908,1.1025200000000002,1.10529,1.099005,1.10235,-1.5421599310564111,0.004118032663170901,-0.002992268979654629,59.60690234823759,2.0,-76.4188022552936,-4.07893789378945,3.9791579157916934
114,1371,2016-02-23 09:30:00,1.10012,1.100225,1.099155,1.09951,-5.547925894261985,-0.0008859589295702984,-0.00025782615519595776,23.718694591205825,1,3.999833284678304,1.1031799999999998,1.103325,1.099155,1.10029,-26.265802652028647,-0.0011294727952273489,0.0001238224666631584,29.61326294056218,1.0,7.235433157738908,1.1025200000000002,1.10529,1.099005,1.10235,-1.5421599310564111,0.004118032663170901,-0.002992268979654629,59.60690234823759,2.0,-76.4188022552936,-2.701250125012552,2.6021802180218656
115,1372,2016-02-23 09:35:00,1.0995,1.099985,1.0994449999999998,1.09971,1.9095943476011263,-0.0008859589295702984,-0.00025782615519595776,26.25491516413648,1,6.6337108765939785,1.1031799999999998,1.103325,1.099155,1.10029,-26.265802652028647,-0.0011294727952273489,0.0001238224666631584,29.61326294056218,1.0,7.235433157738908,1.1025200000000002,1.10529,1.099005,1.10235,-1.5421599310564111,0.004118032663170901,-0.002992268979654629,59.60690234823759,2.0,-76.4188022552936,-1.1311931193119755,1.0171117111711647
116,1373,2016-02-23 09:40:00,1.09973,1.100225,1.09948,1.10017,3.999381913704208,-0.0008859589295702984,-0.00025782615519595776,31.86598179719904,0,0.7257412269288559,1.1031799999999998,1.103325,1.099155,1.10029,-26.265802652028647,-0.0011294727952273489,0.0001238224666631584,29.61326294056218,1.0,7.235433157738908,1.1025200000000002,1.10529,1.099005,1.10235,-1.5421599310564111,0.004118032663170901,-0.002992268979654629,59.60690234823759,2.0,-76.4188022552936,-0.37024702470258675,0.20718071807193747
117,1374,2016-02-23 09:45:00,1.10018,1.1003500000000002,1.099365,1.09997,-1.9091429766270307,-0.0008859589295702984,-0.00025782615519595776,30.769772504767605,1,3.0892974651514544,1.1031799999999998,1.103325,1.099155,1.10029,-26.265802652028647,-0.0011294727952273489,0.0001238224666631584,29.61326294056218,1.0,7.235433157738908,1.1025200000000002,1.10529,1.099005,1.10235,-1.5421599310564111,0.004118032663170901,-0.002992268979654629,59.60690234823759,2.0,-76.4188022552936,0.28037803780363335,-0.3962796279626391
118,1375,2016-02-23 09:50:00,1.09998,1.1005950000000002,1.09995,1.10048,4.5434719395168015,-0.0008859589295702984,-0.0001908895761971893,36.74539542595181,0,1.3623430380119792,1.1031799999999998,1.103325,1.099155,1.10029,-26.265802652028647,-0.0011294727952273489,0.0001238224666631584,29.61326294056218,1.0,7.235433157738908,1.1025200000000002,1.10529,1.099005,1.10235,-1.5421599310564111,0.004118032663170901,-0.002992268979654629,59.60690234823759,2.0,-76.4188022552936,0.6862586258625532,-0.7920492049204576
119,1376,2016-02-23 09:55:00,1.1005,1.1005950000000002,1.1001599999999998,1.10029,-1.9085877359609151,-0.0008859589295702984,-0.0001285026632977046,35.515485545559564,1,3.0892166647817123,1.1031799999999998,1.103325,1.099155,1.10029,-26.265802652028647,-0.0011294727952273489,0.0001238224666631584,29.61326294056218,1.0,7.235433157738908,1.1025200000000002,1.10529,1.099005,1.10235,-1.5421599310564111,0.004118032663170901,-0.002992268979654629,59.60690234823759,2.0,-76.4188022552936,0.8441344134413432,-1.010261026102608
120,1377,2016-02-23 10:00:00,1.10027,1.10048,1.100195,1.10032,0.4544132615955674,-0.0008859589295702984,-7.286363890178267e-05,35.88041874919455,1,3.634122049562093,1.10027,1.101865,1.100195,1.10115,7.991645098306242,-0.001200976046792368,4.185537207851138e-05,35.26798300673022,2.0,-0.5745770448699854,1.1025200000000002,1.10529,1.099005,1.10235,-1.5421599310564111,0.004118032663170901,-0.002992268979654629,59.60690234823759,2.0,-76.4188022552936,1.3161416141613966,-1.425302530253012
121,1378,2016-02-23 10:05:00,1.10034,1.100735,1.1002900000000002,1.10065,2.8165175123773265,-0.0008859589295702984,-5.059379772363371e-06,39.90893582864479,0,1.0901360827109297,1.10027,1.101865,1.100195,1.10115,7.991645098306242,-0.001200976046792368,4.185537207851138e-05,35.26798300673022,2.0,-0.5745770448699854,1.1025200000000002,1.10529,1.099005,1.10235,-1.5421599310564111,0.004118032663170901,-0.002992268979654629,59.60690234823759,2.0,-76.4188022552936,1.482428242824318,-1.5881488148815306
122,1379,2016-02-23 10:10:00,1.10065,1.100935,1.100495,1.10063,-0.1817141091911812,-0.0008287822291523916,4.449075051703817e-05,39.74595063239561,1,7.082425438851322,1.10027,1.101865,1.100195,1.10115,7.991645098306242,-0.001200976046792368,4.185537207851138e-05,35.26798300673022,2.0,-0.5745770448699854,1.1025200000000002,1.10529,1.099005,1.10235,-1.5421599310564111,0.004118032663170901,-0.002992268979654629,59.60690234823759,2.0,-76.4188022552936,1.5952195219522602,-1.6627962796280327
123,1380,2016-02-23 10:15:00,1.10064,1.10094,1.1004450000000001,1.10075,0.999318646375948,-0.0007622290842967949,8.883511629810797e-05,41.29508263922289,1,8.080147541185095,1.10027,1.101865,1.100195,1.10115,7.991645098306242,-0.001200976046792368,4.185537207851138e-05,35.26798300673022,2.0,-0.5745770448699854,1.1025200000000002,1.10529,1.099005,1.10235,-1.5421599310564111,0.004118032663170901,-0.002992268979654629,59.60690234823759,2.0,-76.4188022552936,1.7422142214222698,-1.7845284528453849
124,1381,2016-02-23 10:20:00,1.10076,1.1008850000000001,1.100595,1.10079,0.272531545526163,-0.0006982090524663143,0.000122284118502871,41.83192932466963,1,5.083686273046077,1.10027,1.101865,1.100195,1.10115,7.991645098306242,-0.001200976046792368,4.185537207851138e-05,35.26798300673022,2.0,-0.5745770448699854,1.1025200000000002,1.10529,1.099005,1.10235,-1.5421599310564111,0.004118032663170901,-0.002992268979654629,59.60690234823759,2.0,-76.4188022552936,1.878437843784604,-1.914541454145619
125,1382,2016-02-23 10:25:00,1.1008,1.1014400000000002,1.100715,1.10144,5.810575246949211,-0.0005882422576992674,0.0001858007306159344,49.85660642704215,0,-0.7268889739031354,1.10027,1.101865,1.100195,1.10115,7.991645098306242,-0.001200976046792368,4.185537207851138e-05,35.26798300673022,2.0,-0.5745770448699854,1.1025200000000002,1.10529,1.099005,1.10235,-1.5421599310564111,0.004118032663170901,-0.002992268979654629,59.60690234823759,2.0,-76.4188022552936,1.5613761376140374,-1.608290829083184
126,1383,2016-02-23 10:30:00,1.10141,1.101785,1.1012499999999998,1.10163,1.9970407487097208,-0.0004802256263838345,0.0002350538895450939,51.94359059021001,0,-2.451541696790703,1.10027,1.101865,1.100195,1.10115,7.991645098306242,-0.001200976046792368,4.185537207851138e-05,35.26798300673022,2.0,-0.5745770448699854,1.1025200000000002,1.10529,1.099005,1.10235,-1.5421599310564111,0.004118032663170901,-0.002992268979654629,59.60690234823759,2.0,-76.4188022552936,0.6905590559058113,-0.7802180218024051
127,1384,2016-02-23 10:35:00,1.10165,1.101725,1.1013350000000002,1.10135,-2.7239297226128563,-0.0004124607371609468,0.0002422550230143853,48.72513447943072,0,-1.1805723810061974,1.10027,1.101865,1.100195,1.10115,7.991645098306242,-0.001200976046792368,4.185537207851138e-05,35.26798300673022,2.0,-0.5745770448699854,1.1025200000000002,1.10529,1.099005,1.10235,-1.5421599310564111,0.004118032663170901,-0.002992268979654629,59.60690234823759,2.0,-76.4188022552936,-0.016891689168798133,-0.08149814981510857
128,1385,2016-02-23 10:40:00,1.10134,1.101865,1.1011350000000002,1.10134,0.0,-0.0003554659010212013,0.00023939988732330465,48.60929366910805,0,-1.725457274072074,1.10027,1.101865,1.100195,1.10115,7.991645098306242,-0.001200976046792368,4.185537207851138e-05,35.26798300673022,2.0,-0.5745770448699854,1.1025200000000002,1.10529,1.099005,1.10235,-1.5421599310564111,0.004118032663170901,-0.002992268979654629,59.60690234823759,2.0,-76.4188022552936,-0.44179417941781507,0.3607160716070252
129,1386,2016-02-23 10:45:00,1.10134,1.1015099999999998,1.1010149999999999,1.1013700000000002,0.2723880258221533,-0.00030436777127063053,0.00023239841365910033,49.00101391675814,2,-9.450087334172911,1.10027,1.101865,1.100195,1.10115,7.991645098306242,-0.001200976046792368,4.185537207851138e-05,35.26798300673022,2.0,-0.5745770448699854,1.1025200000000002,1.10529,1.099005,1.10235,-1.5421599310564111,0.004118032663170901,-0.002992268979654629,59.60690234823759,2.0,-76.4188022552936,-0.9850485048504477,0.9213521352134728
130,1387,2016-02-23 10:50:00,1.10136,1.10148,1.101,1.1012,-1.4529604068283506,-0.00027442629900131804,0.0002098719087427304,46.82298864658284,2,-7.1792648188967405,1.10027,1.101865,1.100195,1.10115,7.991645098306242,-0.001200976046792368,4.185537207851138e-05,35.26798300673022,2.0,-0.5745770448699854,1.1025200000000002,1.10529,1.099005,1.10235,-1.5421599310564111,0.004118032663170901,-0.002992268979654629,59.60690234823759,2.0,-76.4188022552936,-1.4789978997900082,1.402350235023514
131,1388,2016-02-23 10:55:00,1.10121,1.101375,1.1011099999999998,1.10115,-0.5448848930658764,-0.00025182911931453944,0.00018597527074360712,46.17293220025264,2,-4.908095888507582,1.10027,1.101865,1.100195,1.10115,7.991645098306242,-0.001200976046792368,4.185537207851138e-05,35.26798300673022,2.0,-0.5745770448699854,1.1025200000000002,1.10529,1.099005,1.10235,-1.5421599310564111,0.004118032663170901,-0.002992268979654629,59.60690234823759,2.0,-76.4188022552936,-1.9473947394739426,1.8138913891389006
132,1389,2016-02-23 11:00:00,1.10116,1.10127,1.10022,1.10034,-7.452242034278685,-0.0002958703133570939,0.00011354726136084211,37.16999635936039,0,2.1807080211114624,1.10116,1.10127,1.0991400000000002,1.09923,-17.557744966931278,-0.0013964731692803767,-0.00012291340032759778,29.55857332969501,1.0,9.530519505294263,1.1025200000000002,1.10529,1.099005,1.10235,-1.5421599310564111,0.004118032663170901,-0.002992268979654629,59.60690234823759,2.0,-76.4188022552936,-1.8179117911791989,1.6752875287529492
133,1390,2016-02-23 11:05:00,1.10034,1.100645,1.100155,1.10043,0.8178621084478201,-0.00031982429372234833,7.167462479647018e-05,38.60248010398851,1,3.4521785071600903,1.10116,1.10127,1.0991400000000002,1.09923,-17.557744966931278,-0.0013964731692803767,-0.00012291340032759778,29.55857332969501,1.0,9.530519505294263,1.1025200000000002,1.10529,1.099005,1.10235,-1.5421599310564111,0.004118032663170901,-0.002992268979654629,59.60690234823759,2.0,-76.4188022552936,-1.266476647664908,1.109500950095134
134,1391,2016-02-23 11:10:00,1.10044,1.100645,1.100315,1.10063,1.7262840373232826,-0.00031899252000600065,5.800511881025436e-05,41.77915861047715,0,0.090512062916696,1.10116,1.10127,1.0991400000000002,1.09923,-17.557744966931278,-0.0013964731692803767,-0.00012291340032759778,29.55857332969501,1.0,9.530519505294263,1.1025200000000002,1.10529,1.099005,1.10235,-1.5421599310564111,0.004118032663170901,-0.002992268979654629,59.60690234823759,2.0,-76.4188022552936,-1.0408040804081564,0.8935793579359053
135,1392,2016-02-23 11:15:00,1.10064,1.10095,1.1005850000000001,1.1006,-0.3634381246596402,-0.0003170987654419477,4.791909869944586e-05,41.43286589747497,0,1.089886012566929,1.10116,1.10127,1.0991400000000002,1.09923,-17.557744966931278,-0.0013964731692803767,-0.00012291340032759778,29.55857332969501,1.0,9.530519505294263,1.1025200000000002,1.10529,1.099005,1.10235,-1.5421599310564111,0.004118032663170901,-0.002992268979654629,59.60690234823759,2.0,-76.4188022552936,-1.0318031803181376,0.8952095209521983
136,1393,2016-02-23 11:20:00,1.1006,1.101045,1.10056,1.10083,2.0893325944964483,-0.00029365381510904065,5.709123922588232e-05,45.18415908940914,0,-2.6349775843289245,1.10116,1.10127,1.0991400000000002,1.09923,-17.557744966931278,-0.0013964731692803767,-0.00012291340032759778,29.55857332969501,1.0,9.530519505294263,1.1025200000000002,1.10529,1.099005,1.10235,-1.5421599310564111,0.004118032663170901,-0.002992268979654629,59.60690234823759,2.0,-76.4188022552936,-1.269366936693759,1.1397739773978321
137,1394,2016-02-23 11:25:00,1.10084,1.100965,1.10053,1.10066,-1.6353824069201115,-0.0002855000356161153,5.2196014975046166e-05,42.9922478795505,2,-3.908025079704637,1.10116,1.10127,1.0991400000000002,1.09923,-17.557744966931278,-0.0013964731692803767,-0.00012291340032759778,29.55857332969501,1.0,9.530519505294263,1.1025200000000002,1.10529,1.099005,1.10235,-1.5421599310564111,0.004118032663170901,-0.002992268979654629,59.60690234823759,2.0,-76.4188022552936,-1.6602260226022891,1.5348834883488758
138,1395,2016-02-23 11:30:00,1.10067,1.101025,1.10056,1.10074,0.6359358249905926,-0.0002694764187984865,5.457570543413988e-05,44.36012980398996,2,-12.432826578597902,1.10116,1.10127,1.0991400000000002,1.09923,-17.557744966931278,-0.0013964731692803767,-0.00012291340032759778,29.55857332969501,1.0,9.530519505294263,1.1025200000000002,1.10529,1.099005,1.10235,-1.5421599310564111,0.004118032663170901,-0.002992268979654629,59.60690234823759,2.0,-76.4188022552936,-2.0668266826683186,2.0075007500750677
139,1396,2016-02-23 11:35:00,1.10074,1.1008049999999998,1.100535,1.10056,-1.6355310023994056,-0.0002682103210775999,4.467344252402129e-05,41.92270517867307,2,-10.433437589972181,1.10116,1.10127,1.0991400000000002,1.09923,-17.557744966931278,-0.0013964731692803767,-0.00012291340032759778,29.55857332969501,1.0,9.530519505294263,1.1025200000000002,1.10529,1.099005,1.10235,-1.5421599310564111,0.004118032663170901,-0.002992268979654629,59.60690234823759,2.0,-76.4188022552936,-2.61208120812089,2.5621162116212597
140,1397,2016-02-23 11:40:00,1.10057,1.100675,1.100165,1.10025,-2.9084299022958238,-0.00028889118102726213,1.91940660594873e-05,38.04552616741375,2,-8.343762634322147,1.10116,1.10127,1.0991400000000002,1.09923,-17.557744966931278,-0.0013964731692803767,-0.00012291340032759778,29.55857332969501,1.0,9.530519505294263,1.1025200000000002,1.10529,1.099005,1.10235,-1.5421599310564111,0.004118032663170901,-0.002992268979654629,59.60690234823759,2.0,-76.4188022552936,-2.966826682668291,2.950465046504659
141,1398,2016-02-23 11:45:00,1.10026,1.10026,1.099185,1.09928,-7.888865673902675,-0.0003791808441673261,-5.687647766446135e-05,29.005945184442677,0,2.546276225461748,1.10116,1.10127,1.0991400000000002,1.09923,-17.557744966931278,-0.0013964731692803767,-0.00012291340032759778,29.55857332969501,1.0,9.530519505294263,1.1025200000000002,1.10529,1.099005,1.10235,-1.5421599310564111,0.004118032663170901,-0.002992268979654629,59.60690234823759,2.0,-76.4188022552936,-2.524832483248342,2.4970797079708293
142,1399,2016-02-23 11:50:00,1.09929,1.09948,1.0991650000000002,1.09933,0.3638579862263193,-0.0004416108555256316,-9.544519121821336e-05,29.93013029727304,0,-0.09169417469017603,1.10116,1.10127,1.0991400000000002,1.09923,-17.557744966931278,-0.0013964731692803767,-0.00012291340032759778,29.55857332969501,1.0,9.530519505294263,1.1025200000000002,1.10529,1.099005,1.10235,-1.5421599310564111,0.004118032663170901,-0.002992268979654629,59.60690234823759,2.0,-76.4188022552936,-1.5286228622862341,1.4864086408640986
143,1400,2016-02-23 11:55:00,1.09932,1.09951,1.0991400000000002,1.09923,-0.8187549466457932,-0.0004934678632222411,-0.00011784175913185833,29.113828074702877,1,5.364056725949438,1.10116,1.10127,1.0991400000000002,1.09923,-17.557744966931278,-0.0013964731692803767,-0.00012291340032759778,29.55857332969501,1.0,9.530519505294263,1.1025200000000002,1.10529,1.099005,1.10235,-1.5421599310564111,0.004118032663170901,-0.002992268979654629,59.60690234823759,2.0,-76.4188022552936,-0.6001100110010047,0.5131413141313109
144,1401,2016-02-23 12:00:00,1.09924,1.099685,1.099015,1.0995700000000002,3.0011731858812216,-0.0005013505004405339,-0.00010057951708012084,35.550016936715565,0,0.5441230253591915,1.09924,1.1013000000000002,1.099005,1.10109,16.801533026363945,-0.001385350137961483,-8.943229520696322e-05,39.73654042789879,2.0,11.506540498415582,1.1025200000000002,1.10529,1.099005,1.10235,-1.5421599310564111,0.004118032663170901,-0.002992268979654629,59.60690234823759,2.0,-76.4188022552936,0.06475647564759358,-0.18992899289929743
145,1402,2016-02-23 12:05:00,1.09958,1.0996350000000001,1.099005,1.09933,-2.2741124139256046,-0.0005209582589398298,-9.61498204635334e-05,33.25472651517184,1,4.091205733613977,1.09924,1.1013000000000002,1.099005,1.10109,16.801533026363945,-0.001385350137961483,-8.943229520696322e-05,39.73654042789879,2.0,11.506540498415582,1.1025200000000002,1.10529,1.099005,1.10235,-1.5421599310564111,0.004118032663170901,-0.002992268979654629,59.60690234823759,2.0,-76.4188022552936,0.6903390339033519,-0.7843184318431414
146,1403,2016-02-23 12:10:00,1.09934,1.099895,1.099045,1.09985,4.6369959539938215,-0.0004889021351552891,-5.127495734319416e-05,41.99351394007796,0,2.090405658065377,1.09924,1.1013000000000002,1.099005,1.10109,16.801533026363945,-0.001385350137961483,-8.943229520696322e-05,39.73654042789879,2.0,11.506540498415582,1.1025200000000002,1.10529,1.099005,1.10235,-1.5421599310564111,0.004118032663170901,-0.002992268979654629,59.60690234823759,2.0,-76.4188022552936,1.144424442444264,-1.2721972197219913
147,1404,2016-02-23 12:15:00,1.09985,1.099985,1.099615,1.09965,-1.818760514709025,-0.0004741698201087273,-2.9234113837305957e-05,39.83334002696189,1,5.363407558665879,1.09924,1.1013000000000002,1.099005,1.10109,16.801533026363945,-0.001385350137961483,-8.943229520696322e-05,39.73654042789879,2.0,11.506540498415582,1.1025200000000002,1.10529,1.099005,1.10235,-1.5421599310564111,0.004118032663170901,-0.002992268979654629,59.60690234823759,2.0,-76.4188022552936,1.4374137413741541,-1.5297229722972334
148,1405,2016-02-23 12:20:00,1.09965,1.0998350000000001,1.0992099999999998,1.09979,1.272970294329181,-0.00044605567219324627,-8.959727374598059e-07,42.0794046156117,1,7.452270462893669,1.09924,1.1013000000000002,1.099005,1.10109,16.801533026363945,-0.001385350137961483,-8.943229520696322e-05,39.73654042789879,2.0,11.506540498415582,1.1025200000000002,1.10529,1.099005,1.10235,-1.5421599310564111,0.004118032663170901,-0.002992268979654629,59.60690234823759,2.0,-76.4188022552936,1.8784478447844424,-1.9961996199619496
149,1406,2016-02-23 12:25:00,1.09978,1.10027,1.09975,1.10007,2.6361958784452213,-0.00039660948026876136,3.884017534962008e-05,46.38990413026804,1,4.180017411995042,1.09924,1.1013000000000002,1.099005,1.10109,16.801533026363945,-0.001385350137961483,-8.943229520696322e-05,39.73654042789879,2.0,11.506540498415582,1.1025200000000002,1.10529,1.099005,1.10235,-1.5421599310564111,0.004118032663170901,-0.002992268979654629,59.60690234823759,2.0,-76.4188022552936,2.1429542954293694,-2.24177417741758
150,1407,2016-02-23 12:30:00,1.10007,1.100295,1.100025,1.1002299999999998,1.454241385891477,-0.0003405862873901988,7.589069458254622e-05,48.737591300200044,1,2.907501693035936,1.09924,1.1013000000000002,1.099005,1.10109,16.801533026363945,-0.001385350137961483,-8.943229520696322e-05,39.73654042789879,2.0,11.506540498415582,1.1025200000000002,1.10529,1.099005,1.10235,-1.5421599310564111,0.004118032663170901,-0.002992268979654629,59.60690234823759,2.0,-76.4188022552936,2.227422742274095,-2.316661666166494
151,1408,2016-02-23 12:35:00,1.10022,1.100695,1.1000900000000002,1.10059,3.3618331985569694,-0.0002640941985267986,0.00012190622675675715,53.65528075037465,0,2.7248854987488587,1.09924,1.1013000000000002,1.099005,1.10109,16.801533026363945,-0.001385350137961483,-8.943229520696322e-05,39.73654042789879,2.0,11.506540498415582,1.1025200000000002,1.10529,1.099005,1.10235,-1.5421599310564111,0.004118032663170901,-0.002992268979654629,59.60690234823759,2.0,-76.4188022552936,2.0557455745574758,-2.1445944594459787
152,1409,2016-02-23 12:40:00,1.1006,1.1005950000000002,1.1002900000000002,1.10053,-0.6360571724534042,-0.00020594120356487444,0.00014404737737494508,52.74705514426236,1,5.177324619998256,1.09924,1.1013000000000002,1.099005,1.10109,16.801533026363945,-0.001385350137961483,-8.943229520696322e-05,39.73654042789879,2.0,11.506540498415582,1.1025200000000002,1.10529,1.099005,1.10235,-1.5421599310564111,0.004118032663170901,-0.002992268979654629,59.60690234823759,2.0,-76.4188022552936,1.8118211821182244,-1.8379637963796742
153,1410,2016-02-23 12:45:00,1.10054,1.1007,1.100375,1.10056,0.1817256669323706,-0.00015563966957987674,0.00015547912908795428,53.17385509715059,1,9.897426245352833,1.09924,1.1013000000000002,1.099005,1.10109,16.801533026363945,-0.001385350137961483,-8.943229520696322e-05,39.73654042789879,2.0,11.506540498415582,1.1025200000000002,1.10529,1.099005,1.10235,-1.5421599310564111,0.004118032663170901,-0.002992268979654629,59.60690234823759,2.0,-76.4188022552936,1.7612061206120488,-1.7686068606860832
154,1411,2016-02-23 12:50:00,1.10055,1.1009099999999998,1.10053,1.1009,3.1792170042698924,-8.733345726019692e-05,0.00017902827312610734,57.82338987206337,1,3.267553616513845,1.09924,1.1013000000000002,1.099005,1.10109,16.801533026363945,-0.001385350137961483,-8.943229520696322e-05,39.73654042789879,2.0,11.506540498415582,1.1025200000000002,1.10529,1.099005,1.10235,-1.5421599310564111,0.004118032663170901,-0.002992268979654629,59.60690234823759,2.0,-76.4188022552936,1.5317231723172162,-1.5403840384038616
155,1412,2016-02-23 12:55:00,1.10089,1.1013000000000002,1.10065,1.10109,1.816381948795993,-1.7665245815923214e-05,0.00019895718765630484,60.20157856209397,1,-6.437694006184822,1.09924,1.1013000000000002,1.099005,1.10109,16.801533026363945,-0.001385350137961483,-8.943229520696322e-05,39.73654042789879,2.0,11.506540498415582,1.1025200000000002,1.10529,1.099005,1.10235,-1.5421599310564111,0.004118032663170901,-0.002992268979654629,59.60690234823759,2.0,-76.4188022552936,0.9297629762977062,-0.9599659965997379
156,1413,2016-02-23 13:00:00,1.10109,1.101925,1.100935,1.10163,4.901827292286948,8.019634714839796e-05,0.00023745502449650083,66.0592029232639,2,-12.794040307216502,1.10109,1.101925,1.099445,1.10111,0.18163489569735106,-0.001359252604729244,-5.0667809579779417e-05,39.83720175731892,2.0,3.154229252285884,1.1025200000000002,1.10529,1.099005,1.10235,-1.5421599310564111,0.004118032663170901,-0.002992268979654629,59.60690234823759,2.0,-76.4188022552936,-0.18749874987493464,0.11999199919987735
157,1414,2016-02-23 13:05:00,1.10162,1.10174,1.101025,1.10124,-3.4506556245690945,0.0001248435057712438,0.00022568174649547734,59.27382340364368,2,-10.979971489939938,1.10109,1.101925,1.099445,1.10111,0.18163489569735106,-0.001359252604729244,-5.0667809579779417e-05,39.83720175731892,2.0,3.154229252285884,1.1025200000000002,1.10529,1.099005,1.10235,-1.5421599310564111,0.004118032663170901,-0.002992268979654629,59.60690234823759,2.0,-76.4188022552936,-1.389868986898757,1.3443344334433946
158,1415,2016-02-23 13:10:00,1.10123,1.1013099999999998,1.099955,1.10019,-7.888865673902675,7.464007157786945e-05,0.0001403826498416824,45.6719254813396,2,-1.0911967209971556,1.10109,1.101925,1.099445,1.10111,0.18163489569735106,-0.001359252604729244,-5.0667809579779417e-05,39.83720175731892,2.0,3.154229252285884,1.1025200000000002,1.10529,1.099005,1.10235,-1.5421599310564111,0.004118032663170901,-0.002992268979654629,59.60690234823759,2.0,-76.4188022552936,-1.5528652865287165,1.506870687068775
159,1416,2016-02-23 13:15:00,1.10018,1.100435,1.09999,1.10002,-1.4545190087447315,2.0895043972624094e-05,6.931009778914965e-05,43.91484276354006,1,4.270708155731824,1.10109,1.101925,1.099445,1.10111,0.18163489569735106,-0.001359252604729244,-5.0667809579779417e-05,39.83720175731892,2.0,3.154229252285884,1.1025200000000002,1.10529,1.099005,1.10235,-1.5421599310564111,0.004118032663170901,-0.002992268979654629,59.60690234823759,2.0,-76.4188022552936,-0.8122112211222041,0.7497249724973418
160,1417,2016-02-23 13:20:00,1.1000299999999998,1.10025,1.09951,1.09985,-1.6365868072925307,-3.501225735891289e-05,1.0722237166090137e-05,42.167780775819146,1,10.63035986883623,1.10109,1.101925,1.099445,1.10111,0.18163489569735106,-0.001359252604729244,-5.0667809579779417e-05,39.83720175731892,2.0,3.154229252285884,1.1025200000000002,1.10529,1.099005,1.10235,-1.5421599310564111,0.004118032663170901,-0.002992268979654629,59.60690234823759,2.0,-76.4188022552936,0.07892789278916766,-0.2396939693968246
161,1418,2016-02-23 13:25:00,1.09983,1.10017,1.099445,1.10005,1.9999090950401068,-6.246085803351953e-05,-1.33810908068132e-05,44.942866093987405,1,10.719081358612256,1.10109,1.101925,1.099445,1.10111,0.18163489569735106,-0.001359252604729244,-5.0667809579779417e-05,39.83720175731892,2.0,3.154229252285884,1.1025200000000002,1.10529,1.099005,1.10235,-1.5421599310564111,0.004118032663170901,-0.002992268979654629,59.60690234823759,2.0,-76.4188022552936,1.0657865786577299,-1.1504350435042374
162,1419,2016-02-23 13:30:00,1.10005,1.100535,1.09994,1.10048,3.9073858679842477,-4.895237300028832e-05,1.0191538113441526e-07,50.44826155717333,1,5.086007258914286,1.10109,1.101925,1.099445,1.10111,0.18163489569735106,-0.001359252604729244,-5.0667809579779417e-05,39.83720175731892,2.0,3.154229252285884,1.1025200000000002,1.10529,1.099005,1.10235,-1.5421599310564111,0.004118032663170901,-0.002992268979654629,59.60690234823759,2.0,-76.4188022552936,1.5646664666465708,-1.6453745374536946
163,1420,2016-02-23 13:35:00,1.10046,1.10109,1.100215,1.1009799999999998,4.723064905811876,2.0750995812779398e-06,4.090351037016054e-05,55.96248045183501,2,-3.453157955820785,1.10109,1.101925,1.099445,1.10111,0.18163489569735106,-0.001359252604729244,-5.0667809579779417e-05,39.83720175731892,2.0,3.154229252285884,1.1025200000000002,1.10529,1.099005,1.10235,-1.5421599310564111,0.004118032663170901,-0.002992268979654629,59.60690234823759,2.0,-76.4188022552936,1.4231623162316795,-1.497749774977586
164,1421,2016-02-23 13:40:00,1.10097,1.10134,1.100635,1.1012,2.088630584816132,5.9580098332290283e-05,7.872680729693829e-05,58.16829034766504,2,-0.9100987003847134,1.10109,1.101925,1.099445,1.10111,0.18163489569735106,-0.001359252604729244,-5.0667809579779417e-05,39.83720175731892,2.0,3.154229252285884,1.1025200000000002,1.10529,1.099005,1.10235,-1.5421599310564111,0.004118032663170901,-0.002992268979654629,59.60690234823759,2.0,-76.4188022552936,0.7979997999801915,-0.9027502750276978
165,1422,2016-02-23 13:45:00,1.1012,1.10138,1.10089,1.10101,-1.7256882317137214,8.879820164620078e-05,8.635592848867904e-05,55.579052343822745,2,1.7236897855969788,1.10109,1.101925,1.099445,1.10111,0.18163489569735106,-0.001359252604729244,-5.0667809579779417e-05,39.83720175731892,2.0,3.154229252285884,1.1025200000000002,1.10529,1.099005,1.10235,-1.5421599310564111,0.004118032663170901,-0.002992268979654629,59.60690234823759,2.0,-76.4188022552936,0.25943594359451966,-0.3418541854187025
166,1423,2016-02-23 13:50:00,1.10102,1.101125,1.10045,1.1006,-3.816100308923197,7.797138000720238e-05,6.042328547974452e-05,50.368762391090186,1,2.633024597827748,1.10109,1.101925,1.099445,1.10111,0.18163489569735106,-0.001359252604729244,-5.0667809579779417e-05,39.83720175731892,2.0,3.154229252285884,1.1025200000000002,1.10529,1.099005,1.10235,-1.5421599310564111,0.004118032663170901,-0.002992268979654629,59.60690234823759,2.0,-76.4188022552936,0.23937393739382937,-0.3076207620763015
167,1424,2016-02-23 13:55:00,1.1006,1.10119,1.100365,1.10111,4.6316898402522035,0.00010928402538978864,7.338874468986462e-05,55.906091702217005,2,-4.179194929427753,1.10109,1.101925,1.099445,1.10111,0.18163489569735106,-0.001359252604729244,-5.0667809579779417e-05,39.83720175731892,2.0,3.154229252285884,1.1025200000000002,1.10529,1.099005,1.10235,-1.5421599310564111,0.004118032663170901,-0.002992268979654629,59.60690234823759,2.0,-76.4188022552936,0.12508250825085793,-0.22926292629265757
168,1425,2016-02-23 14:00:00,1.1011,1.10139,1.10099,1.1012,0.9081002542679713,0.00013975080994432787,8.308442339552307e-05,56.821613468162184,2,-5.905060684894419,1.1011,1.10139,1.0995149999999998,1.10028,-7.452648416767031,-0.0013895265874703804,-6.475343385673208e-05,37.069862777593066,1.0,16.050930948187073,1.1025200000000002,1.10529,1.099005,1.10235,-1.5421599310564111,0.004118032663170901,-0.002992268979654629,59.60690234823759,2.0,-76.4188022552936,-0.4422042204220047,0.3387138713871068
169,1426,2016-02-23 14:05:00,1.1012,1.1013450000000002,1.10086,1.10088,-2.9067654966924272,0.00013650113049346047,6.386779515572453e-05,52.63683922416283,0,-0.3639432387804282,1.1011,1.10139,1.0995149999999998,1.10028,-7.452648416767031,-0.0013895265874703804,-6.475343385673208e-05,37.069862777593066,1.0,16.050930948187073,1.1025200000000002,1.10529,1.099005,1.10235,-1.5421599310564111,0.004118032663170901,-0.002992268979654629,59.60690234823759,2.0,-76.4188022552936,-0.8803280328032763,0.780418041804181
170,1427,2016-02-23 14:10:00,1.10089,1.10107,1.1005950000000002,1.10065,-2.180529687003298,0.00011405193855318352,3.313488257235806e-05,49.7980487473424,0,-0.364042299732954,1.1011,1.10139,1.0995149999999998,1.10028,-7.452648416767031,-0.0013895265874703804,-6.475343385673208e-05,37.069862777593066,1.0,16.050930948187073,1.1025200000000002,1.10529,1.099005,1.10235,-1.5421599310564111,0.004118032663170901,-0.002992268979654629,59.60690234823759,2.0,-76.4188022552936,-0.9347134713471219,0.8220122012201277
171,1428,2016-02-23 14:15:00,1.10065,1.1009,1.10048,1.10056,-0.8177655011986941,8.798431593848299e-05,5.653807966126032e-06,48.69143647807135,0,1.0896994704656628,1.1011,1.10139,1.0995149999999998,1.10028,-7.452648416767031,-0.0013895265874703804,-6.475343385673208e-05,37.069862777593066,1.0,16.050930948187073,1.1025200000000002,1.10529,1.099005,1.10235,-1.5421599310564111,0.004118032663170901,-0.002992268979654629,59.60690234823759,2.0,-76.4188022552936,-0.8052205220521091,0.7038703870386248
172,1429,2016-02-23 14:20:00,1.10055,1.10096,1.10043,1.10084,2.634351949421564,8.889447695636932e-05,5.25117518720988e-06,52.24681392472585,2,-6.726046728516932,1.1011,1.10139,1.0995149999999998,1.10028,-7.452648416767031,-0.0013895265874703804,-6.475343385673208e-05,37.069862777593066,1.0,16.050930948187073,1.1025200000000002,1.10529,1.099005,1.10235,-1.5421599310564111,0.004118032663170901,-0.002992268979654629,59.60690234823759,2.0,-76.4188022552936,-0.8984198419841234,0.7558655865585959
173,1430,2016-02-23 14:25:00,1.10084,1.10084,1.10043,1.1006,-2.180628747955824,6.944922445506485e-05,-1.1355261851275674e-05,49.105822568616105,2,-7.8190380587655115,1.1011,1.10139,1.0995149999999998,1.10028,-7.452648416767031,-0.0013895265874703804,-6.475343385673208e-05,37.069862777593066,1.0,16.050930948187073,1.1025200000000002,1.10529,1.099005,1.10235,-1.5421599310564111,0.004118032663170901,-0.002992268979654629,59.60690234823759,2.0,-76.4188022552936,-1.0993299329932704,0.9680368036803625
174,1431,2016-02-23 14:30:00,1.1006,1.100835,1.1002,1.10067,0.6359762689999227,5.9006941447226076e-05,-1.743803588729157e-05,50.04906223732535,2,-6.363972170535659,1.1011,1.10139,1.0995149999999998,1.10028,-7.452648416767031,-0.0013895265874703804,-6.475343385673208e-05,37.069862777593066,1.0,16.050930948187073,1.1025200000000002,1.10529,1.099005,1.10235,-1.5421599310564111,0.004118032663170901,-0.002992268979654629,59.60690234823759,2.0,-76.4188022552936,-1.2216721672167385,1.1079607960796447
175,1432,2016-02-23 14:35:00,1.10066,1.100695,1.09992,1.10009,-5.181394249561032,3.885415541526882e-06,-5.804764943439262e-05,42.94676210474832,2,-2.000871324619884,1.1011,1.10139,1.0995149999999998,1.10028,-7.452648416767031,-0.0013895265874703804,-6.475343385673208e-05,37.069862777593066,1.0,16.050930948187073,1.1025200000000002,1.10529,1.099005,1.10235,-1.5421599310564111,0.004118032663170901,-0.002992268979654629,59.60690234823759,2.0,-76.4188022552936,-1.0138213821382738,0.9247724772477971
176,1433,2016-02-23 14:40:00,1.10006,1.1004,1.099525,1.0997,-3.2736200782044014,-7.045635450486643e-05,-0.00010591153558462874,38.94479265314658,1,5.362616787174508,1.1011,1.10139,1.0995149999999998,1.10028,-7.452648416767031,-0.0013895265874703804,-6.475343385673208e-05,37.069862777593066,1.0,16.050930948187073,1.1025200000000002,1.10529,1.099005,1.10235,-1.5421599310564111,0.004118032663170901,-0.002992268979654629,59.60690234823759,2.0,-76.4188022552936,-0.08158815881586198,0.016051605160519945
177,1434,2016-02-23 14:45:00,1.0997,1.10004,1.09958,1.09993,2.091042157229773,-0.00010955083127028864,-0.00011600480988004077,42.35627621879889,1,6.2698301903474425,1.1011,1.10139,1.0995149999999998,1.10028,-7.452648416767031,-0.0013895265874703804,-6.475343385673208e-05,37.069862777593066,1.0,16.050930948187073,1.1025200000000002,1.10529,1.099005,1.10235,-1.5421599310564111,0.004118032663170901,-0.002992268979654629,59.60690234823759,2.0,-76.4188022552936,0.9357835783578685,-1.0254125412541584
178,1435,2016-02-23 14:50:00,1.09994,1.099985,1.0995149999999998,1.09985,-0.8182934036452559,-0.00014531373094373026,-0.00012141416764278588,41.48793733139926,1,14.837764192607345,1.1011,1.10139,1.0995149999999998,1.10028,-7.452648416767031,-0.0013895265874703804,-6.475343385673208e-05,37.069862777593066,1.0,16.050930948187073,1.1025200000000002,1.10529,1.099005,1.10235,-1.5421599310564111,0.004118032663170901,-0.002992268979654629,59.60690234823759,2.0,-76.4188022552936,1.9251525152514897,-2.024102410240993
179,1436,2016-02-23 14:55:00,1.09983,1.1004649999999998,1.099825,1.10028,4.08986803358999,-0.0001373751055488981,-9.0780433798363e-05,47.69489405008576,1,10.384801137049744,1.1011,1.10139,1.0995149999999998,1.10028,-7.452648416767031,-0.0013895265874703804,-6.475343385673208e-05,37.069862777593066,1.0,16.050930948187073,1.1025200000000002,1.10529,1.099005,1.10235,-1.5421599310564111,0.004118032663170901,-0.002992268979654629,59.60690234823759,2.0,-76.4188022552936,2.8272027202720436,-2.8879087908790835
180,1437,2016-02-23 15:00:00,1.10031,1.100845,1.100235,1.10064,2.9982555604027064,-0.00010087190781193912,-4.342178884912321e-05,52.26080204303381,1,5.207500724640335,1.10031,1.103785,1.100225,1.10238,18.77755401948526,-0.0012298890914705927,7.590724971444406e-05,47.085413364476274,2.0,-5.7217763686891505,1.1025200000000002,1.10529,1.099005,1.10235,-1.5421599310564111,0.004118032663170901,-0.002992268979654629,59.60690234823759,2.0,-76.4188022552936,3.2666766676667813,-3.3249224922492053
181,1438,2016-02-23 15:05:00,1.10065,1.101855,1.10065,1.10169,7.749640598614647,1.2637684806415805e-05,5.607024301538538e-05,62.53374424665062,2,-6.629630336497126,1.10031,1.103785,1.100225,1.10238,18.77755401948526,-0.0012298890914705927,7.590724971444406e-05,47.085413364476274,2.0,-5.7217763686891505,1.1025200000000002,1.10529,1.099005,1.10235,-1.5421599310564111,0.004118032663170901,-0.002992268979654629,59.60690234823759,2.0,-76.4188022552936,2.7925892589258208,-2.9027202720270995
182,1439,2016-02-23 15:10:00,1.10168,1.102095,1.101375,1.10164,-0.36309502196761206,9.743707862619466e-05,0.00011269570946813137,61.85119621523425,2,-8.447005569279266,1.10031,1.103785,1.100225,1.10238,18.77755401948526,-0.0012298890914705927,7.590724971444406e-05,47.085413364476274,2.0,-5.7217763686891505,1.1025200000000002,1.10529,1.099005,1.10235,-1.5421599310564111,0.004118032663170901,-0.002992268979654629,59.60690234823759,2.0,-76.4188022552936,1.8165716571656476,-1.8968996899689312
183,1440,2016-02-23 15:15:00,1.10164,1.101715,1.1010300000000002,1.1014,-2.1790448520067005,0.00014361965693376888,0.00012710263022056451,58.54783873786999,2,-1.999695721586508,1.10031,1.103785,1.100225,1.10238,18.77755401948526,-0.0012298890914705927,7.590724971444406e-05,47.085413364476274,2.0,-5.7217763686891505,1.1025200000000002,1.10529,1.099005,1.10235,-1.5421599310564111,0.004118032663170901,-0.002992268979654629,59.60690234823759,2.0,-76.4188022552936,1.2292429242924494,-1.2094509450945434
184,1441,2016-02-23 15:20:00,1.1013700000000002,1.10153,1.10071,1.10092,-4.087490462522813,0.00013987529911840826,9.868661792416309e-05,52.50772206832132,0,2.0877947409363053,1.10031,1.103785,1.100225,1.10238,18.77755401948526,-0.0012298890914705927,7.590724971444406e-05,47.085413364476274,2.0,-5.7217763686891505,1.1025200000000002,1.10529,1.099005,1.10235,-1.5421599310564111,0.004118032663170901,-0.002992268979654629,59.60690234823759,2.0,-76.4188022552936,1.286118611861348,-1.2689468946896298
185,1442,2016-02-23 15:25:00,1.10092,1.100975,1.100225,1.10068,-2.180470254749754,0.00011620236579723552,6.001094768239229e-05,49.74438891624917,1,6.175015801515664,1.10031,1.103785,1.100225,1.10238,18.77755401948526,-0.0012298890914705927,7.590724971444406e-05,47.085413364476274,2.0,-5.7217763686891505,1.1025200000000002,1.10529,1.099005,1.10235,-1.5421599310564111,0.004118032663170901,-0.002992268979654629,59.60690234823759,2.0,-76.4188022552936,1.972817281728354,-2.0616961696171243
186,1443,2016-02-23 15:30:00,1.10068,1.1012849999999998,1.10064,1.10115,4.268264995686058,0.0001338238298245198,6.210592936774124e-05,54.76499358275849,1,9.656391404444252,1.10031,1.103785,1.100225,1.10238,18.77755401948526,-0.0012298890914705927,7.590724971444406e-05,47.085413364476274,2.0,-5.7217763686891505,1.1025200000000002,1.10529,1.099005,1.10235,-1.5421599310564111,0.004118032663170901,-0.002992268979654629,59.60690234823759,2.0,-76.4188022552936,2.6840384038404452,-2.836403640364082
187,1444,2016-02-23 15:35:00,1.10115,1.1011950000000001,1.100765,1.10115,0.0,0.00014610476226950553,5.9509489450181565e-05,54.76499358275849,1,16.816274308638388,1.10031,1.103785,1.100225,1.10238,18.77755401948526,-0.0012298890914705927,7.590724971444406e-05,47.085413364476274,2.0,-5.7217763686891505,1.1025200000000002,1.10529,1.099005,1.10235,-1.5421599310564111,0.004118032663170901,-0.002992268979654629,59.60690234823759,2.0,-76.4188022552936,3.244344434443439,-3.4451945194518943
188,1445,2016-02-23 15:40:00,1.10114,1.101405,1.10113,1.10135,1.9067508058296043,0.00017001597985721872,6.673656563031584e-05,56.89042321465474,1,7.020657828906112,1.10031,1.103785,1.100225,1.10238,18.77755401948526,-0.0012298890914705927,7.590724971444406e-05,47.085413364476274,2.0,-5.7217763686891505,1.1025200000000002,1.10529,1.099005,1.10235,-1.5421599310564111,0.004118032663170901,-0.002992268979654629,59.60690234823759,2.0,-76.4188022552936,3.9456645664565615,-4.134003400339916
189,1446,2016-02-23 15:45:00,1.10135,1.102795,1.101345,1.10256,7.749640598614647,0.0002833365522709741,0.00014404571043525696,66.99453226045529,1,-1.0011237024259971,1.10031,1.103785,1.100225,1.10238,18.77755401948526,-0.0012298890914705927,7.590724971444406e-05,47.085413364476274,2.0,-5.7217763686891505,1.1025200000000002,1.10529,1.099005,1.10235,-1.5421599310564111,0.004118032663170901,-0.002992268979654629,59.60690234823759,2.0,-76.4188022552936,3.791379137913672,-4.005520552055086
190,1447,2016-02-23 15:50:00,1.10258,1.10337,1.10253,1.10337,7.159882904194138,0.00043350695456356736,0.00023537289018228007,71.76533289952602,2,-0.4113660080054862,1.10031,1.103785,1.100225,1.10238,18.77755401948526,-0.0012298890914705927,7.590724971444406e-05,47.085413364476274,2.0,-5.7217763686891505,1.1025200000000002,1.10529,1.099005,1.10235,-1.5421599310564111,0.004118032663170901,-0.002992268979654629,59.60690234823759,2.0,-76.4188022552936,2.3480648064805774,-2.5300530053004673
191,1448,2016-02-23 15:55:00,1.10337,1.103785,1.1021900000000002,1.10238,-7.888865673902675,0.00046724721898550037,0.00021529052368337052,60.293990025722685,1,1.1300780792238472,1.10031,1.103785,1.100225,1.10238,18.77755401948526,-0.0012298890914705927,7.590724971444406e-05,47.085413364476274,2.0,-5.7217763686891505,1.1025200000000002,1.10529,1.099005,1.10235,-1.5421599310564111,0.004118032663170901,-0.002992268979654629,59.60690234823759,2.0,-76.4188022552936,1.2547054705470986,-1.452125212521299
192,1449,2016-02-23 16:00:00,1.1024,1.102635,1.1019299999999999,1.10237,-0.27214093271745865,0.00048755942365841243,0.00018848218268502609,60.18933295471774,1,-3.224512610408625,1.1024,1.1035549999999998,1.101325,1.1015,-8.170676350432348,-0.0011610005793170064,0.00011583660949442437,43.93020909270589,1.0,-5.726229457805362,1.1025200000000002,1.10529,1.099005,1.10235,-1.5421599310564111,0.004118032663170901,-0.002992268979654629,59.60690234823759,2.0,-76.4188022552936,1.0856685668567598,-1.213671367136797
193,1450,2016-02-23 16:05:00,1.10235,1.1035549999999998,1.10235,1.10351,7.749640598614647,0.000588857482320515,0.00023182419307770294,67.18270810512769,2,-15.330621202597804,1.1024,1.1035549999999998,1.101325,1.1015,-8.170676350432348,-0.0011610005793170064,0.00011583660949442437,43.93020909270589,1.0,-5.726229457805362,1.1025200000000002,1.10529,1.099005,1.10235,-1.5421599310564111,0.004118032663170901,-0.002992268979654629,59.60690234823759,2.0,-76.4188022552936,0.06289628962899711,-0.1798879887989185
194,1451,2016-02-23 16:10:00,1.10351,1.103545,1.102775,1.10281,-6.347421586673343,0.000605670975775574,0.00019891014922620944,60.190805084253796,2,-8.257180920942345,1.1024,1.1035549999999998,1.101325,1.1015,-8.170676350432348,-0.0011610005793170064,0.00011583660949442437,43.93020909270589,1.0,-5.726229457805362,1.1025200000000002,1.10529,1.099005,1.10235,-1.5421599310564111,0.004118032663170901,-0.002992268979654629,59.60690234823759,2.0,-76.4188022552936,-1.278187818781884,1.1498149814981455
195,1452,2016-02-23 16:15:00,1.1028,1.102835,1.10207,1.10229,-4.62673162234993,0.0005704602259097857,0.00013095951948833694,55.564588322215755,2,-0.9085955347226004,1.1024,1.1035549999999998,1.101325,1.1015,-8.170676350432348,-0.0011610005793170064,0.00011583660949442437,43.93020909270589,1.0,-5.726229457805362,1.1025200000000002,1.10529,1.099005,1.10235,-1.5421599310564111,0.004118032663170901,-0.002992268979654629,59.60690234823759,2.0,-76.4188022552936,-1.6978497849785248,1.619001900190051
196,1453,2016-02-23 16:20:00,1.10229,1.10284,1.10176,1.10181,-4.356467993574536,0.0004980818865458758,4.686494409954158e-05,51.62055080946023,1,2.63124223809026,1.1024,1.1035549999999998,1.101325,1.1015,-8.170676350432348,-0.0011610005793170064,0.00011583660949442437,43.93020909270589,1.0,-5.726229457805362,1.1025200000000002,1.10529,1.099005,1.10235,-1.5421599310564111,0.004118032663170901,-0.002992268979654629,59.60690234823759,2.0,-76.4188022552936,-1.4903690369036535,1.3312731273127034
197,1454,2016-02-23 16:25:00,1.10182,1.102335,1.1017,1.1019,0.7260186949821218,0.00044287855073021925,-6.6707133728921325e-06,52.304162328375575,0,-1.7255618865495326,1.1024,1.1035549999999998,1.101325,1.1015,-8.170676350432348,-0.0011610005793170064,0.00011583660949442437,43.93020909270589,1.0,-5.726229457805362,1.1025200000000002,1.10529,1.099005,1.10235,-1.5421599310564111,0.004118032663170901,-0.002992268979654629,59.60690234823759,2.0,-76.4188022552936,-1.0127612761276112,0.8714671467146605
198,1455,2016-02-23 16:30:00,1.10189,1.1023100000000001,1.1017350000000001,1.10219,2.721853763869813,0.00041771492807440863,-2.546746882296216e-05,54.533521007433684,2,-1.815788942131524,1.1024,1.1035549999999998,1.101325,1.1015,-8.170676350432348,-0.0011610005793170064,0.00011583660949442437,43.93020909270589,1.0,-5.726229457805362,1.1025200000000002,1.10529,1.099005,1.10235,-1.5421599310564111,0.004118032663170901,-0.002992268979654629,59.60690234823759,2.0,-76.4188022552936,-0.914501450145076,0.8425842584258934
199,1456,2016-02-23 16:35:00,1.10218,1.102555,1.1020850000000002,1.10209,-0.8166302207616754,0.00038526234704128193,-4.633603988487108e-05,53.603107262201824,2,-3.268337823136735,1.1024,1.1035549999999998,1.101325,1.1015,-8.170676350432348,-0.0011610005793170064,0.00011583660949442437,43.93020909270589,1.0,-5.726229457805362,1.1025200000000002,1.10529,1.099005,1.10235,-1.5421599310564111,0.004118032663170901,-0.002992268979654629,59.60690234823759,2.0,-76.4188022552936,-1.0878187818782539,1.0445044504451004
200,1457,2016-02-23 16:40:00,1.10209,1.10209,1.10158,1.10169,-3.6307854296576716,0.0003235372496845912,-8.644890979324945e-05,49.93326641869183,0,-1.5440435419134129,1.1024,1.1035549999999998,1.101325,1.1015,-8.170676350432348,-0.0011610005793170064,0.00011583660949442437,43.93020909270589,1.0,-5.726229457805362,1.1025200000000002,1.10529,1.099005,1.10235,-1.5421599310564111,0.004118032663170901,-0.002992268979654629,59.60690234823759,2.0,-76.4188022552936,-0.921422142214335,0.8687368736874788
201,1458,2016-02-23 16:45:00,1.10169,1.1021,1.1015099999999998,1.10198,2.6316267082878224,0.00029462399962199015,-9.228972788468045e-05,52.473733951692026,2,-2.178828890171764,1.1024,1.1035549999999998,1.101325,1.1015,-8.170676350432348,-0.0011610005793170064,0.00011583660949442437,43.93020909270589,1.0,-5.726229457805362,1.1025200000000002,1.10529,1.099005,1.10235,-1.5421599310564111,0.004118032663170901,-0.002992268979654629,59.60690234823759,2.0,-76.4188022552936,-0.7240324032404581,0.7074807480749339
202,1459,2016-02-23 16:50:00,1.10197,1.102055,1.101585,1.10172,-2.2691791017668868,0.00024787288917860195,-0.00011123267066245493,50.02301080976504,0,-1.5437108841342495,1.1024,1.1035549999999998,1.101325,1.1015,-8.170676350432348,-0.0011610005793170064,0.00011583660949442437,43.93020909270589,1.0,-5.726229457805362,1.1025200000000002,1.10529,1.099005,1.10235,-1.5421599310564111,0.004118032663170901,-0.002992268979654629,59.60690234823759,2.0,-76.4188022552936,-0.6368836883689758,0.5905690569058301
203,1460,2016-02-23 16:55:00,1.10171,1.10182,1.101325,1.1015,-1.9064911484343483,0.00019086990647587681,-0.00013458852269214412,47.981011016385935,1,4.083389718276155,1.1024,1.1035549999999998,1.101325,1.1015,-8.170676350432348,-0.0011610005793170064,0.00011583660949442437,43.93020909270589,1.0,-5.726229457805362,1.1025200000000002,1.10529,1.099005,1.10235,-1.5421599310564111,0.004118032663170901,-0.002992268979654629,59.60690234823759,2.0,-76.4188022552936,-0.18920892089220998,0.1396539653966739
204,1461,2016-02-23 17:00:00,1.10152,1.101775,1.1013549999999999,1.10174,1.9968413600294712,0.00016317959345846234,-0.00012982306856764686,50.36156058845682,0,2.630993205983145,1.10152,1.102765,1.1013549999999999,1.10212,5.444053279134159,-0.001044338632993469,0.0001859988446543696,46.643058710199185,2.0,-3.001905248988777,1.1025200000000002,1.10529,1.099005,1.10235,-1.5421599310564111,0.004118032663170901,-0.002992268979654629,59.60690234823759,2.0,-76.4188022552936,0.2629862986298174,-0.27852785278522196
205,1462,2016-02-23 17:05:00,1.10173,1.101885,1.10146,1.10155,-1.6340610957293722,0.00012446861210890778,-0.00013482723993376108,48.47043956276089,1,5.081640065899999,1.10152,1.102765,1.1013549999999999,1.10212,5.444053279134159,-0.001044338632993469,0.0001859988446543696,46.643058710199185,2.0,-3.001905248988777,1.1025200000000002,1.10529,1.099005,1.10235,-1.5421599310564111,0.004118032663170901,-0.002992268979654629,59.60690234823759,2.0,-76.4188022552936,0.6560356035602841,-0.7162216221621499
206,1463,2016-02-23 17:10:00,1.10156,1.1022,1.1015450000000002,1.10197,3.720609453976056,0.00012622532344908066,-0.00010645642287487064,52.69880602848051,0,-0.9985515605245476,1.10152,1.102765,1.1013549999999999,1.10212,5.444053279134159,-0.001044338632993469,0.0001859988446543696,46.643058710199185,2.0,-3.001905248988777,1.1025200000000002,1.10529,1.099005,1.10235,-1.5421599310564111,0.004118032663170901,-0.002992268979654629,59.60690234823759,2.0,-76.4188022552936,0.931143114311376,-0.9902790279027361
207,1464,2016-02-23 17:15:00,1.10198,1.102125,1.101815,1.10204,0.5444448477364614,0.0001317472446025203,-8.074760137714482e-05,53.38535574046104,0,-1.2707418684167886,1.10152,1.102765,1.1013549999999999,1.10212,5.444053279134159,-0.001044338632993469,0.0001859988446543696,46.643058710199185,2.0,-3.001905248988777,1.1025200000000002,1.10529,1.099005,1.10235,-1.5421599310564111,0.004118032663170901,-0.002992268979654629,59.60690234823759,2.0,-76.4188022552936,0.8702470247025318,-0.9396839683969018
208,1465,2016-02-23 17:20:00,1.10206,1.10216,1.1019800000000002,1.10215,0.8165857641874833,0.00014334707177843242,-5.531821936098619e-05,54.5028954739859,1,4.2613028770993635,1.10152,1.102765,1.1013549999999999,1.10212,5.444053279134159,-0.001044338632993469,0.0001859988446543696,46.643058710199185,2.0,-3.001905248988777,1.1025200000000002,1.10529,1.099005,1.10235,-1.5421599310564111,0.004118032663170901,-0.002992268979654629,59.60690234823759,2.0,-76.4188022552936,0.7381438143815647,-0.7996899689970214
209,1466,2016-02-23 17:25:00,1.10215,1.1022599999999998,1.1018599999999998,1.10189,-2.3595821724484924,0.0001300609298588995,-5.488348902441529e-05,51.36816642066918,1,6.07668217071509,1.10152,1.102765,1.1013549999999999,1.10212,5.444053279134159,-0.001044338632993469,0.0001859988446543696,46.643058710199185,2.0,-3.001905248988777,1.1025200000000002,1.10529,1.099005,1.10235,-1.5421599310564111,0.004118032663170901,-0.002992268979654629,59.60690234823759,2.0,-76.4188022552936,0.7881588158816794,-0.8634663466347503
210,1467,2016-02-23 17:30:00,1.10188,1.101915,1.101615,1.10191,0.27225453984422043,0.00011976482516584673,-5.2143674973974464e-05,51.59877640491593,1,6.257913577342348,1.10152,1.102765,1.1013549999999999,1.10212,5.444053279134159,-0.001044338632993469,0.0001859988446543696,46.643058710199185,2.0,-3.001905248988777,1.1025200000000002,1.10529,1.099005,1.10235,-1.5421599310564111,0.004118032663170901,-0.002992268979654629,59.60690234823759,2.0,-76.4188022552936,1.1027402740274763,-1.2106510651065898
211,1468,2016-02-23 17:35:00,1.1019,1.1026,1.101885,1.1026,6.348630509703636,0.00016537597020493955,-5.226023947905339e-06,58.848861378522365,0,-2.5401630853699584,1.10152,1.102765,1.1013549999999999,1.10212,5.444053279134159,-0.001044338632993469,0.0001859988446543696,46.643058710199185,2.0,-3.001905248988777,1.1025200000000002,1.10529,1.099005,1.10235,-1.5421599310564111,0.004118032663170901,-0.002992268979654629,59.60690234823759,2.0,-76.4188022552936,0.9339033903391102,-1.0374437443745117
212,1469,2016-02-23 17:40:00,1.10259,1.102765,1.102455,1.10253,-0.5442028788327663,0.00019364252577469543,1.8432425297480426e-05,57.90129709761568,2,-3.4477077476392317,1.10152,1.102765,1.1013549999999999,1.10212,5.444053279134159,-0.001044338632993469,0.0001859988446543696,46.643058710199185,2.0,-3.001905248988777,1.1025200000000002,1.10529,1.099005,1.10235,-1.5421599310564111,0.004118032663170901,-0.002992268979654629,59.60690234823759,2.0,-76.4188022552936,0.3443644364436759,-0.41332133213323874
213,1470,2016-02-23 17:45:00,1.1025200000000002,1.102575,1.102325,1.10257,0.4534859464714758,0.00021677281830623232,3.3250174263213826e-05,58.31434825890666,2,-4.5363793498039175,1.10152,1.102765,1.1013549999999999,1.10212,5.444053279134159,-0.001044338632993469,0.0001859988446543696,46.643058710199185,2.0,-3.001905248988777,1.1025200000000002,1.10529,1.099005,1.10235,-1.5421599310564111,0.004118032663170901,-0.002992268979654629,59.60690234823759,2.0,-76.4188022552936,-0.16116611661169095,0.15582558255829498
214,1471,2016-02-23 17:50:00,1.10256,1.102585,1.102255,1.10229,-2.449446153008668,0.00021008831452529184,2.1252536385818715e-05,54.29825552120025,2,-3.8113058427989017,1.10152,1.102765,1.1013549999999999,1.10212,5.444053279134159,-0.001044338632993469,0.0001859988446543696,46.643058710199185,2.0,-3.001905248988777,1.1025200000000002,1.10529,1.099005,1.10235,-1.5421599310564111,0.004118032663170901,-0.002992268979654629,59.60690234823759,2.0,-76.4188022552936,-0.533823382338319,0.5047304730473944
215,1472,2016-02-23 17:55:00,1.10228,1.1023049999999999,1.10171,1.10212,-1.4517475411020395,0.00018889574530067682,4.7973728962893286e-08,51.958551531680676,0,0.4531259971738222,1.10152,1.102765,1.1013549999999999,1.10212,5.444053279134159,-0.001044338632993469,0.0001859988446543696,46.643058710199185,2.0,-3.001905248988777,1.1025200000000002,1.10529,1.099005,1.10235,-1.5421599310564111,0.004118032663170901,-0.002992268979654629,59.60690234823759,2.0,-76.4188022552936,-0.5847784778478801,0.556435643564458
216,1473,2016-02-23 18:00:00,1.10211,1.1024599999999998,1.1019700000000001,1.10204,-0.6351856556932098,0.00016375745607577483,-2.0072252396751225e-05,50.84816027839425,0,0.5438915056925818,1.10211,1.10278,1.10153,1.10178,-2.9951532973909623,-0.0009681580353555488,0.00020974355383383212,45.34731162730828,2.0,1.808113612235344,1.1025200000000002,1.10529,1.099005,1.10235,-1.5421599310564111,0.004118032663170901,-0.002992268979654629,59.60690234823759,2.0,-76.4188022552936,-0.46671667166720526,0.4010701070107504
217,1474,2016-02-23 18:05:00,1.10204,1.10204,1.10153,1.10185,-1.7243726460036526,0.00012703933823754454,-4.543229618798522e-05,48.21285953576621,1,3.6291416455050993,1.10211,1.10278,1.10153,1.10178,-2.9951532973909623,-0.0009681580353555488,0.00020974355383383212,45.34731162730828,2.0,1.808113612235344,1.1025200000000002,1.10529,1.099005,1.10235,-1.5421599310564111,0.004118032663170901,-0.002992268979654629,59.60690234823759,2.0,-76.4188022552936,-0.1617061706170543,0.06872687268727772
218,1475,2016-02-23 18:10:00,1.10184,1.102195,1.10182,1.10215,2.8126842988706846,0.00012075546428214068,-4.13729361147113e-05,52.40706556286784,1,4.988036198542504,1.10211,1.10278,1.10153,1.10178,-2.9951532973909623,-0.0009681580353555488,0.00020974355383383212,45.34731162730828,2.0,1.808113612235344,1.1025200000000002,1.10529,1.099005,1.10235,-1.5421599310564111,0.004118032663170901,-0.002992268979654629,59.60690234823759,2.0,-76.4188022552936,0.0487748774877498,-0.1666966696669519
219,1476,2016-02-23 18:15:00,1.10215,1.102335,1.10202,1.10209,-0.5444201471744502,0.00010966974577808486,-4.1966923695013704e-05,51.50855766920514,1,4.353392884893935,1.10211,1.10278,1.10153,1.10178,-2.9951532973909623,-0.0009681580353555488,0.00020974355383383212,45.34731162730828,2.0,1.808113612235344,1.1025200000000002,1.10529,1.099005,1.10235,-1.5421599310564111,0.004118032663170901,-0.002992268979654629,59.60690234823759,2.0,-76.4188022552936,0.06259625962594856,-0.18664866486645362
220,1477,2016-02-23 18:20:00,1.10208,1.102395,1.10207,1.1022299999999998,1.3608774938088648,0.00011090264728319531,-3.2587217751922604e-05,53.511370061890545,1,-1.8167037913469373,1.10211,1.10278,1.10153,1.10178,-2.9951532973909623,-0.0009681580353555488,0.00020974355383383212,45.34731162730828,2.0,1.808113612235344,1.1025200000000002,1.10529,1.099005,1.10235,-1.5421599310564111,0.004118032663170901,-0.002992268979654629,59.60690234823759,2.0,-76.4188022552936,0.014201420142108108,-0.16885688568863869
221,1478,2016-02-23 18:25:00,1.10224,1.10275,1.102225,1.1027,4.171578851908087,0.0001480976254164546,3.686208305069298e-06,59.55132832620611,2,-7.894202794274888,1.10211,1.10278,1.10153,1.10178,-2.9951532973909623,-0.0009681580353555488,0.00020974355383383212,45.34731162730828,2.0,1.808113612235344,1.1025200000000002,1.10529,1.099005,1.10235,-1.5421599310564111,0.004118032663170901,-0.002992268979654629,59.60690234823759,2.0,-76.4188022552936,-0.4822682268224887,0.42150215021483617
222,1479,2016-02-23 18:30:00,1.1027,1.10278,1.10243,1.10257,-1.1790634608230175,0.0001651808974534319,1.6615584273637328e-05,57.33252682506525,2,-6.261373531056844,1.10211,1.10278,1.10153,1.10178,-2.9951532973909623,-0.0009681580353555488,0.00020974355383383212,45.34731162730828,2.0,1.808113612235344,1.1025200000000002,1.10529,1.099005,1.10235,-1.5421599310564111,0.004118032663170901,-0.002992268979654629,59.60690234823759,2.0,-76.4188022552936,-1.3333333333332102,1.229012901289995
223,1480,2016-02-23 18:35:00,1.10258,1.102625,1.10204,1.10205,-4.809219182432008,0.00013520134252575922,-1.0691176523228282e-05,49.40335049212803,0,-0.2724917321334839,1.10211,1.10278,1.10153,1.10178,-2.9951532973909623,-0.0009681580353555488,0.00020974355383383212,45.34731162730828,2.0,1.808113612235344,1.1025200000000002,1.10529,1.099005,1.10235,-1.5421599310564111,0.004118032663170901,-0.002992268979654629,59.60690234823759,2.0,-76.4188022552936,-1.7359335933592321,1.6052905290528023
224,1481,2016-02-23 18:40:00,1.10204,1.10205,1.1017649999999999,1.10183,-1.9059201510198616,9.262247365038334e-05,-4.261603631888333e-05,46.474826471949044,0,-0.5448648883075989,1.10211,1.10278,1.10153,1.10178,-2.9951532973909623,-0.0009681580353555488,0.00020974355383383212,45.34731162730828,2.0,1.808113612235344,1.1025200000000002,1.10529,1.099005,1.10235,-1.5421599310564111,0.004118032663170901,-0.002992268979654629,59.60690234823759,2.0,-76.4188022552936,-1.6566556655664901,1.5244824482447843
225,1482,2016-02-23 18:45:00,1.10184,1.101985,1.1016400000000002,1.10189,0.453765802395026,6.299375901974713e-05,-5.779580075961562e-05,47.390767693126115,0,-0.9986306907026252,1.10211,1.10278,1.10153,1.10178,-2.9951532973909623,-0.0009681580353555488,0.00020974355383383212,45.34731162730828,2.0,1.808113612235344,1.1025200000000002,1.10529,1.099005,1.10235,-1.5421599310564111,0.004118032663170901,-0.002992268979654629,59.60690234823759,2.0,-76.4188022552936,-1.6082608260826468,1.459615961596215
226,1483,2016-02-23 18:50:00,1.10188,1.102095,1.101805,1.10201,1.179662616491352,4.863515058795009e-05,-5.772352735313013e-05,49.26087768294811,2,-4.9926629337889565,1.10211,1.10278,1.10153,1.10178,-2.9951532973909623,-0.0009681580353555488,0.00020974355383383212,45.34731162730828,2.0,1.808113612235344,1.1025200000000002,1.10529,1.099005,1.10235,-1.5421599310564111,0.004118032663170901,-0.002992268979654629,59.60690234823759,2.0,-76.4188022552936,-1.8301430143014468,1.6756475647564861
227,1484,2016-02-23 18:55:00,1.10202,1.102095,1.10178,1.10178,-2.178293307193977,1.848370351953399e-05,-7.029997953723699e-05,45.893530270506865,2,-3.086737868457747,1.10211,1.10278,1.10153,1.10178,-2.9951532973909623,-0.0009681580353555488,0.00020974355383383212,45.34731162730828,2.0,1.808113612235344,1.1025200000000002,1.10529,1.099005,1.10235,-1.5421599310564111,0.004118032663170901,-0.002992268979654629,59.60690234823759,2.0,-76.4188022552936,-2.103460346034545,1.926962696269572
228,1485,2016-02-23 19:00:00,1.1018,1.10195,1.1015199999999998,1.1018,0.0,-3.7544239959164116e-06,-7.403048564214992e-05,46.237682513264254,2,-8.35525033121504,1.1018,1.10195,1.1004900000000002,1.1009,-8.17512943954856,-0.0009676386721308994,0.00016821033364678513,42.08831998663923,1.0,10.073987153417892,1.1025200000000002,1.10529,1.099005,1.10235,-1.5421599310564111,0.004118032663170901,-0.002992268979654629,59.60690234823759,2.0,-76.4188022552936,-2.340914091408978,2.17038703870371
229,1486,2016-02-23 19:05:00,1.1018,1.10191,1.101485,1.10149,-2.8143696265949796,-4.586401764483661e-05,-9.291206343285608e-05,41.79965043580157,2,-8.448544215259165,1.1018,1.10195,1.1004900000000002,1.1009,-8.17512943954856,-0.0009676386721308994,0.00016821033364678513,42.08831998663923,1.0,10.073987153417892,1.1025200000000002,1.10529,1.099005,1.10235,-1.5421599310564111,0.004118032663170901,-0.002992268979654629,59.60690234823759,2.0,-76.4188022552936,-2.523742374237208,2.3988798879885986
230,1487,2016-02-23 19:10:00,1.10148,1.101595,1.101225,1.10145,-0.2723682418627672,-8.152408084405316e-05,-0.00010285770130565811,41.249481765136544,2,-5.541824023974834,1.1018,1.10195,1.1004900000000002,1.1009,-8.17512943954856,-0.0009676386721308994,0.00016821033364678513,42.08831998663923,1.0,10.073987153417892,1.1025200000000002,1.10529,1.099005,1.10235,-1.5421599310564111,0.004118032663170901,-0.002992268979654629,59.60690234823759,2.0,-76.4188022552936,-2.6442344234421946,2.5169716971695935
231,1488,2016-02-23 19:15:00,1.10146,1.101465,1.100835,1.10088,-5.268512462757293,-0.00015400391291331417,-0.0001402700266999353,34.31775250626441,0,-1.8178113249999601,1.1018,1.10195,1.1004900000000002,1.1009,-8.17512943954856,-0.0009676386721308994,0.00016821033364678513,42.08831998663923,1.0,10.073987153417892,1.1025200000000002,1.10529,1.099005,1.10235,-1.5421599310564111,0.004118032663170901,-0.002992268979654629,59.60690234823759,2.0,-76.4188022552936,-2.4697969796978727,2.3639463946393913
232,1489,2016-02-23 19:20:00,1.10086,1.100905,1.100495,1.10054,-2.9076635106391038,-0.00023615758290596034,-0.00017793895735406518,30.974173662385468,0,1.6349400356305035,1.1018,1.10195,1.1004900000000002,1.1009,-8.17512943954856,-0.0009676386721308994,0.00016821033364678513,42.08831998663923,1.0,10.073987153417892,1.1025200000000002,1.10529,1.099005,1.10235,-1.5421599310564111,0.004118032663170901,-0.002992268979654629,59.60690234823759,2.0,-76.4188022552936,-1.7134113411340917,1.6408940894089252
233,1490,2016-02-23 19:25:00,1.10055,1.1009,1.1004900000000002,1.10084,2.634351949421564,-0.00027390011543104714,-0.00017254519190332163,36.823123566704105,0,-1.4536682960921732,1.1018,1.10195,1.1004900000000002,1.1009,-8.17512943954856,-0.0009676386721308994,0.00016821033364678513,42.08831998663923,1.0,10.073987153417892,1.1025200000000002,1.10529,1.099005,1.10235,-1.5421599310564111,0.004118032663170901,-0.002992268979654629,59.60690234823759,2.0,-76.4188022552936,-1.128442844284454,1.065436543654392
234,1491,2016-02-23 19:30:00,1.10085,1.10085,1.10056,1.10068,-1.5444997637824205,-0.00031311263959832303,-0.00016940617285647798,35.114163084081724,0,0.09083146769024752,1.1018,1.10195,1.1004900000000002,1.1009,-8.17512943954856,-0.0009676386721308994,0.00016821033364678513,42.08831998663923,1.0,10.073987153417892,1.1025200000000002,1.10529,1.099005,1.10235,-1.5421599310564111,0.004118032663170901,-0.002992268979654629,59.60690234823759,2.0,-76.4188022552936,-0.7722572257226652,0.6626362636264457
235,1492,2016-02-23 19:35:00,1.10068,1.101055,1.100545,1.10074,0.5450878499913602,-0.000335480142696909,-0.00015341894076405113,36.30791157491974,0,0.7267029200241371,1.1018,1.10195,1.1004900000000002,1.1009,-8.17512943954856,-0.0009676386721308994,0.00016821033364678513,42.08831998663923,1.0,10.073987153417892,1.1025200000000002,1.10529,1.099005,1.10235,-1.5421599310564111,0.004118032663170901,-0.002992268979654629,59.60690234823759,2.0,-76.4188022552936,-0.37694769476964807,0.277047704770644
236,1493,2016-02-23 19:40:00,1.10075,1.10095,1.10067,1.1007,-0.4542563823011127,-0.00035237228737283743,-0.0001362488683519837,35.83458732358118,0,2.1801417893817896,1.1018,1.10195,1.1004900000000002,1.1009,-8.17512943954856,-0.0009676386721308994,0.00016821033364678513,42.08831998663923,1.0,10.073987153417892,1.1025200000000002,1.10529,1.099005,1.10235,-1.5421599310564111,0.004118032663170901,-0.002992268979654629,59.60690234823759,2.0,-76.4188022552936,-0.010151015101698744,-0.06975697569738372
237,1494,2016-02-23 19:45:00,1.10069,1.100725,1.10058,1.10069,0.0,-0.0003623889558528326,-0.0001170124294655831,35.70925503510106,1,6.719777347438687,1.1018,1.10195,1.1004900000000002,1.1009,-8.17512943954856,-0.0009676386721308994,0.00016821033364678513,42.08831998663923,1.0,10.073987153417892,1.1025200000000002,1.10529,1.099005,1.10235,-1.5421599310564111,0.004118032663170901,-0.002992268979654629,59.60690234823759,2.0,-76.4188022552936,0.36130613061292266,-0.4725772577256405
238,1495,2016-02-23 19:50:00,1.10067,1.1009,1.100615,1.1008,1.1809593023252496,-0.00035733205559229647,-8.956442336403759e-05,38.26698911372255,1,3.90428211710504,1.1018,1.10195,1.1004900000000002,1.1009,-8.17512943954856,-0.0009676386721308994,0.00016821033364678513,42.08831998663923,1.0,10.073987153417892,1.1025200000000002,1.10529,1.099005,1.10235,-1.5421599310564111,0.004118032663170901,-0.002992268979654629,59.60690234823759,2.0,-76.4188022552936,0.7570957095708616,-0.8150515051504443
239,1496,2016-02-23 19:55:00,1.10079,1.100965,1.10065,1.1009,0.9991824870565401,-0.0003413207285438702,-5.8842477052489014e-05,40.58130193667526,1,4.993275109420527,1.1018,1.10195,1.1004900000000002,1.1009,-8.17512943954856,-0.0009676386721308994,0.00016821033364678513,42.08831998663923,1.0,10.073987153417892,1.1025200000000002,1.10529,1.099005,1.10235,-1.5421599310564111,0.004118032663170901,-0.002992268979654629,59.60690234823759,2.0,-76.4188022552936,1.0419941994198518,-1.0731573157315184
240,1497,2016-02-23 20:00:00,1.10091,1.1015350000000002,1.100845,1.10141,4.539635558056899,-0.0002842027859442099,-1.3796275622628728e-06,50.72673912621236,0,-2.9976115271507453,1.10091,1.10185,1.1007,1.10181,8.168377487950744,-0.0008836119496942185,0.0002017896448667728,46.37976742817372,1.0,5.262075397766158,1.1025200000000002,1.10529,1.099005,1.10235,-1.5421599310564111,0.004118032663170901,-0.002992268979654629,59.60690234823759,2.0,-76.4188022552936,0.8782978297828948,-0.925872587258666
241,1498,2016-02-23 20:05:00,1.10141,1.101645,1.10119,1.10123,-1.6345359280083998,-0.00025057245728676847,2.580056087614276e-05,47.63528093099,0,-2.99816089609263,1.10091,1.10185,1.1007,1.10181,8.168377487950744,-0.0008836119496942185,0.0002017896448667728,46.37976742817372,1.0,5.262075397766158,1.1025200000000002,1.10529,1.099005,1.10235,-1.5421599310564111,0.004118032663170901,-0.002992268979654629,59.60690234823759,2.0,-76.4188022552936,0.5481748174817108,-0.5861086108610583
242,1499,2016-02-23 20:10:00,1.10121,1.1015450000000002,1.10117,1.10144,2.088175479372026,-0.00020461624586243232,5.740541784038313e-05,51.35966502185389,2,-4.9046618816560414,1.10091,1.10185,1.1007,1.10181,8.168377487950744,-0.0008836119496942185,0.0002017896448667728,46.37976742817372,1.0,5.262075397766158,1.1025200000000002,1.10529,1.099005,1.10235,-1.5421599310564111,0.004118032663170901,-0.002992268979654629,59.60690234823759,2.0,-76.4188022552936,0.22392239223925617,-0.28188818881890376
243,1500,2016-02-23 20:15:00,1.10143,1.10146,1.101025,1.10105,-3.4512510785143715,-0.0001973899691529724,5.1705355639874463e-05,44.96367882838714,0,1.9971821540149053,1.10091,1.10185,1.1007,1.10181,8.168377487950744,-0.0008836119496942185,0.0002017896448667728,46.37976742817372,1.0,5.262075397766158,1.1025200000000002,1.10529,1.099005,1.10235,-1.5421599310564111,0.004118032663170901,-0.002992268979654629,59.60690234823759,2.0,-76.4188022552936,0.07182718271824894,-0.11731173117308102
244,1501,2016-02-23 20:20:00,1.10104,1.10112,1.1008049999999998,1.10086,-1.6350852969502845,-0.00020463559316508118,3.556778530221252e-05,42.20606245142018,1,5.901837957441286,1.10091,1.10185,1.1007,1.10181,8.168377487950744,-0.0008836119496942185,0.0002017896448667728,46.37976742817372,1.0,5.262075397766158,1.1025200000000002,1.10529,1.099005,1.10235,-1.5421599310564111,0.004118032663170901,-0.002992268979654629,59.60690234823759,2.0,-76.4188022552936,0.4088508850884367,-0.4325432543253505
245,1502,2016-02-23 20:25:00,1.10085,1.100875,1.1007,1.10087,0.1816744938086148,-0.0002071826137652888,2.641661176160391e-05,42.40626901371678,1,6.174052841714404,1.10091,1.10185,1.1007,1.10181,8.168377487950744,-0.0008836119496942185,0.0002017896448667728,46.37976742817372,1.0,5.262075397766158,1.1025200000000002,1.10529,1.099005,1.10235,-1.5421599310564111,0.004118032663170901,-0.002992268979654629,59.60690234823759,2.0,-76.4188022552936,0.8832783278327198,-0.9217221722171566
246,1503,2016-02-23 20:30:00,1.10088,1.1013099999999998,1.100835,1.10126,3.4505929571565748,-0.00017570597618687955,4.631459947201054e-05,49.7214938704001,0,2.541918965235439,1.10091,1.10185,1.1007,1.10181,8.168377487950744,-0.0008836119496942185,0.0002017896448667728,46.37976742817372,1.0,5.262075397766158,1.1025200000000002,1.10529,1.099005,1.10235,-1.5421599310564111,0.004118032663170901,-0.002992268979654629,59.60690234823759,2.0,-76.4188022552936,1.1816481648164416,-1.2055005500549674
247,1504,2016-02-23 20:35:00,1.10128,1.10156,1.101245,1.10153,2.2695705064760965,-0.00012750398405358965,7.561327328424038e-05,54.07084767254487,0,-0.3630793657174686,1.10091,1.10185,1.1007,1.10181,8.168377487950744,-0.0008836119496942185,0.0002017896448667728,46.37976742817372,1.0,5.262075397766158,1.1025200000000002,1.10529,1.099005,1.10235,-1.5421599310564111,0.004118032663170901,-0.002992268979654629,59.60690234823759,2.0,-76.4188022552936,1.0768076807681546,-1.1133513351335889
248,1505,2016-02-23 20:40:00,1.10154,1.101775,1.1014400000000002,1.10159,0.453889378081732,-8.349952886010925e-05,9.569418278217664e-05,55.00239293241769,0,0.816706753789739,1.10091,1.10185,1.1007,1.10181,8.168377487950744,-0.0008836119496942185,0.0002017896448667728,46.37976742817372,1.0,5.262075397766158,1.1025200000000002,1.10529,1.099005,1.10235,-1.5421599310564111,0.004118032663170901,-0.002992268979654629,59.60690234823759,2.0,-76.4188022552936,0.8415341534154347,-0.8689068906891667
249,1506,2016-02-23 20:45:00,1.1017,1.10178,1.10162,1.10168,-0.18154091932238925,-4.0892055088948e-05,0.00011064132524267031,56.42990560852056,0,-1.9977213866977768,1.10091,1.10185,1.1007,1.10181,8.168377487950744,-0.0008836119496942185,0.0002017896448667728,46.37976742817372,1.0,5.262075397766158,1.1025200000000002,1.10529,1.099005,1.10235,-1.5421599310564111,0.004118032663170901,-0.002992268979654629,59.60690234823759,2.0,-76.4188022552936,0.607060706070633,-0.6106710671067362
250,1507,2016-02-23 20:50:00,1.10169,1.1017549999999998,1.10161,1.10162,-0.6354278244768113,-1.1830449654803845e-05,0.00011176234454145158,55.17326054733961,0,1.0883753796345763,1.10091,1.10185,1.1007,1.10181,8.168377487950744,-0.0008836119496942185,0.0002017896448667728,46.37976742817372,1.0,5.262075397766158,1.1025200000000002,1.10529,1.099005,1.10235,-1.5421599310564111,0.004118032663170901,-0.002992268979654629,59.60690234823759,2.0,-76.4188022552936,0.36465646564657894,-0.39305930593059235
251,1508,2016-02-23 20:55:00,1.10163,1.10185,1.10148,1.10181,1.6336754975889396,2.6230129527515807e-05,0.00011985833897901699,58.33727196874123,0,-0.5453001179543633,1.10091,1.10185,1.1007,1.10181,8.168377487950744,-0.0008836119496942185,0.0002017896448667728,46.37976742817372,1.0,5.262075397766158,1.1025200000000002,1.10529,1.099005,1.10235,-1.5421599310564111,0.004118032663170901,-0.002992268979654629,59.60690234823759,2.0,-76.4188022552936,0.22102210221019192,-0.22703270327029573
